regionId,foodNetTonnesDay,housingGapUnits,waterAfterHouseholdsAndFarmsM3Day,action
visual-territory-01-E1,27461.07,0,182193062,TRADE_HOUSING_POWER_AND_EMPLOYMENT_CALIBRATION_REQUIRED
visual-territory-02-E1,90252.558,0,348812381,TRADE_HOUSING_POWER_AND_EMPLOYMENT_CALIBRATION_REQUIRED
visual-territory-03-E1,-919.089,453578,202287078,TRADE_HOUSING_POWER_AND_EMPLOYMENT_CALIBRATION_REQUIRED
visual-territory-03-E2,-476.427,1627144,289027072,TRADE_HOUSING_POWER_AND_EMPLOYMENT_CALIBRATION_REQUIRED
visual-territory-04-E1,-16599.835,1283791,230715264,TRADE_HOUSING_POWER_AND_EMPLOYMENT_CALIBRATION_REQUIRED
visual-territory-04-E2,43552.034,39561,261210100,TRADE_HOUSING_POWER_AND_EMPLOYMENT_CALIBRATION_REQUIRED
visual-territory-05-E1,32767.875,0,181318790,TRADE_HOUSING_POWER_AND_EMPLOYMENT_CALIBRATION_REQUIRED
visual-territory-05-E2,8296.669,0,135988009,TRADE_HOUSING_POWER_AND_EMPLOYMENT_CALIBRATION_REQUIRED
visual-territory-06-E1,17555.935,0,704533604,TRADE_HOUSING_POWER_AND_EMPLOYMENT_CALIBRATION_REQUIRED
visual-territory-06-E2,100889.05,0,405549802,TRADE_HOUSING_POWER_AND_EMPLOYMENT_CALIBRATION_REQUIRED
visual-territory-07-E1,-2351.369,897372,150135214,TRADE_HOUSING_POWER_AND_EMPLOYMENT_CALIBRATION_REQUIRED
visual-territory-07-E2,1352.914,689423,145545598,TRADE_HOUSING_POWER_AND_EMPLOYMENT_CALIBRATION_REQUIRED
visual-territory-08-E1,20425.927,325298,179535583,TRADE_HOUSING_POWER_AND_EMPLOYMENT_CALIBRATION_REQUIRED
visual-territory-08-E2,17302.706,32403,165503506,TRADE_HOUSING_POWER_AND_EMPLOYMENT_CALIBRATION_REQUIRED
visual-territory-09-E1,34613.121,0,137212339,TRADE_HOUSING_POWER_AND_EMPLOYMENT_CALIBRATION_REQUIRED
visual-territory-09-E2,27065.304,0,95970605,TRADE_HOUSING_POWER_AND_EMPLOYMENT_CALIBRATION_REQUIRED
visual-territory-10-E1,20917.526,0,289991005,TRADE_HOUSING_POWER_AND_EMPLOYMENT_CALIBRATION_REQUIRED
visual-territory-10-E2,24052.293,0,248211293,TRADE_HOUSING_POWER_AND_EMPLOYMENT_CALIBRATION_REQUIRED
visual-territory-11-E1,28950.164,35398,143813321,TRADE_HOUSING_POWER_AND_EMPLOYMENT_CALIBRATION_REQUIRED
visual-territory-12-E1,12298.513,463229,224352000,TRADE_HOUSING_POWER_AND_EMPLOYMENT_CALIBRATION_REQUIRED
visual-territory-12-E2,21911.645,0,142591810,TRADE_HOUSING_POWER_AND_EMPLOYMENT_CALIBRATION_REQUIRED
visual-territory-13-E1,11439.193,100995,83443445,TRADE_HOUSING_POWER_AND_EMPLOYMENT_CALIBRATION_REQUIRED
visual-territory-13-E2,-0.473,0,39149763,TRADE_HOUSING_POWER_AND_EMPLOYMENT_CALIBRATION_REQUIRED
visual-territory-14-E1,21650.915,0,82970937,TRADE_HOUSING_POWER_AND_EMPLOYMENT_CALIBRATION_REQUIRED
visual-territory-14-E2,21879.265,0,156359147,TRADE_HOUSING_POWER_AND_EMPLOYMENT_CALIBRATION_REQUIRED
visual-territory-15-E1,51744.271,0,176213952,TRADE_HOUSING_POWER_AND_EMPLOYMENT_CALIBRATION_REQUIRED
visual-territory-15-E2,17450.92,0,196718665,TRADE_HOUSING_POWER_AND_EMPLOYMENT_CALIBRATION_REQUIRED
visual-territory-16-E1,5264.852,0,180783812,TRADE_HOUSING_POWER_AND_EMPLOYMENT_CALIBRATION_REQUIRED
visual-territory-16-E2,-2759.863,278703,182516101,TRADE_HOUSING_POWER_AND_EMPLOYMENT_CALIBRATION_REQUIRED
visual-territory-17-E1,-7210.682,717410,125474499,TRADE_HOUSING_POWER_AND_EMPLOYMENT_CALIBRATION_REQUIRED
visual-territory-18-E1,10922.999,80521,80283208,TRADE_HOUSING_POWER_AND_EMPLOYMENT_CALIBRATION_REQUIRED
visual-territory-19-E1,29426.545,127795,189662864,TRADE_HOUSING_POWER_AND_EMPLOYMENT_CALIBRATION_REQUIRED
visual-territory-20-E1,317.244,0,179759882,TRADE_HOUSING_POWER_AND_EMPLOYMENT_CALIBRATION_REQUIRED
visual-territory-20-E2,2313.478,0,149157801,TRADE_HOUSING_POWER_AND_EMPLOYMENT_CALIBRATION_REQUIRED
visual-territory-21-E1,33694.684,0,171773554,TRADE_HOUSING_POWER_AND_EMPLOYMENT_CALIBRATION_REQUIRED
visual-territory-21-E2,45934.691,0,198905035,TRADE_HOUSING_POWER_AND_EMPLOYMENT_CALIBRATION_REQUIRED
visual-territory-22-E1,52683.119,0,245742921,TRADE_HOUSING_POWER_AND_EMPLOYMENT_CALIBRATION_REQUIRED
visual-territory-23-E1,21175.187,0,162494436,TRADE_HOUSING_POWER_AND_EMPLOYMENT_CALIBRATION_REQUIRED
visual-territory-23-E2,-28702.382,2266849,177135105,TRADE_HOUSING_POWER_AND_EMPLOYMENT_CALIBRATION_REQUIRED
visual-territory-24-E1,-13938.855,804537,91598581,TRADE_HOUSING_POWER_AND_EMPLOYMENT_CALIBRATION_REQUIRED
visual-territory-24-E2,-12807.149,330850,89891060,TRADE_HOUSING_POWER_AND_EMPLOYMENT_CALIBRATION_REQUIRED
visual-territory-25-E1,14865.051,140964,131215589,TRADE_HOUSING_POWER_AND_EMPLOYMENT_CALIBRATION_REQUIRED
visual-territory-26-E1,14590.906,0,62766575,TRADE_HOUSING_POWER_AND_EMPLOYMENT_CALIBRATION_REQUIRED
visual-territory-26-E2,15886.403,0,61606544,TRADE_HOUSING_POWER_AND_EMPLOYMENT_CALIBRATION_REQUIRED
visual-territory-27-E1,18477.206,0,77095512,TRADE_HOUSING_POWER_AND_EMPLOYMENT_CALIBRATION_REQUIRED
visual-territory-27-E2,8427.732,212948,97477873,TRADE_HOUSING_POWER_AND_EMPLOYMENT_CALIBRATION_REQUIRED
visual-territory-28-E1,1994.702,404402,79040372,TRADE_HOUSING_POWER_AND_EMPLOYMENT_CALIBRATION_REQUIRED
visual-territory-28-E2,7511.323,288802,87416218,TRADE_HOUSING_POWER_AND_EMPLOYMENT_CALIBRATION_REQUIRED
visual-territory-29-E1,18557.973,19406,95578501,TRADE_HOUSING_POWER_AND_EMPLOYMENT_CALIBRATION_REQUIRED
visual-territory-29-E2,11170.642,239934,103840039,TRADE_HOUSING_POWER_AND_EMPLOYMENT_CALIBRATION_REQUIRED
visual-territory-30-E1,11552.588,0,95812846,TRADE_HOUSING_POWER_AND_EMPLOYMENT_CALIBRATION_REQUIRED
visual-territory-30-E2,12456.827,33928,77240527,TRADE_HOUSING_POWER_AND_EMPLOYMENT_CALIBRATION_REQUIRED
visual-territory-31-E1,3034.645,335101,84247120,TRADE_HOUSING_POWER_AND_EMPLOYMENT_CALIBRATION_REQUIRED
visual-territory-31-E2,2868.615,354165,93497694,TRADE_HOUSING_POWER_AND_EMPLOYMENT_CALIBRATION_REQUIRED
visual-territory-32-E1,1790.376,1130,84614831,TRADE_HOUSING_POWER_AND_EMPLOYMENT_CALIBRATION_REQUIRED
visual-territory-32-E2,12376.602,0,57422706,TRADE_HOUSING_POWER_AND_EMPLOYMENT_CALIBRATION_REQUIRED
visual-territory-33-E1,23205.303,0,139409685,TRADE_HOUSING_POWER_AND_EMPLOYMENT_CALIBRATION_REQUIRED
visual-territory-33-E2,33024.159,0,147425007,TRADE_HOUSING_POWER_AND_EMPLOYMENT_CALIBRATION_REQUIRED
visual-territory-34-E1,27616.397,0,172250771,TRADE_HOUSING_POWER_AND_EMPLOYMENT_CALIBRATION_REQUIRED
visual-territory-34-E2,32553.51,0,167482260,TRADE_HOUSING_POWER_AND_EMPLOYMENT_CALIBRATION_REQUIRED
visual-territory-35-E1,28238.538,0,171480859,TRADE_HOUSING_POWER_AND_EMPLOYMENT_CALIBRATION_REQUIRED
visual-territory-35-E2,29203.825,0,147194829,TRADE_HOUSING_POWER_AND_EMPLOYMENT_CALIBRATION_REQUIRED
visual-territory-36-E1,54713.58,0,233738470,TRADE_HOUSING_POWER_AND_EMPLOYMENT_CALIBRATION_REQUIRED
visual-territory-37-E1,19951.768,0,123100132,TRADE_HOUSING_POWER_AND_EMPLOYMENT_CALIBRATION_REQUIRED
visual-territory-38-E1,-4435.128,561087,172419856,TRADE_HOUSING_POWER_AND_EMPLOYMENT_CALIBRATION_REQUIRED
visual-territory-38-E2,48614.246,0,223822836,TRADE_HOUSING_POWER_AND_EMPLOYMENT_CALIBRATION_REQUIRED
visual-territory-39-E1,16998.932,0,128791734,TRADE_HOUSING_POWER_AND_EMPLOYMENT_CALIBRATION_REQUIRED
visual-territory-39-E2,26620.179,0,159840960,TRADE_HOUSING_POWER_AND_EMPLOYMENT_CALIBRATION_REQUIRED
visual-territory-40-E1,7390.05,106763,62559254,TRADE_HOUSING_POWER_AND_EMPLOYMENT_CALIBRATION_REQUIRED
visual-territory-40-E2,404.799,348906,53043101,TRADE_HOUSING_POWER_AND_EMPLOYMENT_CALIBRATION_REQUIRED
visual-territory-41-E1,910.189,437136,89079763,TRADE_HOUSING_POWER_AND_EMPLOYMENT_CALIBRATION_REQUIRED
visual-territory-41-E2,7319.245,17868,96110417,TRADE_HOUSING_POWER_AND_EMPLOYMENT_CALIBRATION_REQUIRED
visual-territory-42-E1,1162.834,0,126023666,TRADE_HOUSING_POWER_AND_EMPLOYMENT_CALIBRATION_REQUIRED
visual-territory-43-E1,21765.131,0,157796033,TRADE_HOUSING_POWER_AND_EMPLOYMENT_CALIBRATION_REQUIRED
visual-territory-44-E1,1178.526,144876,414351139,TRADE_HOUSING_POWER_AND_EMPLOYMENT_CALIBRATION_REQUIRED
visual-territory-44-E2,45436.947,129998,397974308,TRADE_HOUSING_POWER_AND_EMPLOYMENT_CALIBRATION_REQUIRED
visual-territory-45-E1,36375.468,0,152192123,TRADE_HOUSING_POWER_AND_EMPLOYMENT_CALIBRATION_REQUIRED
visual-territory-45-E2,16001.169,0,99844296,TRADE_HOUSING_POWER_AND_EMPLOYMENT_CALIBRATION_REQUIRED
visual-territory-46-E1,26172.569,90590,146155716,TRADE_HOUSING_POWER_AND_EMPLOYMENT_CALIBRATION_REQUIRED
visual-territory-46-E2,42576.486,23158,181366863,TRADE_HOUSING_POWER_AND_EMPLOYMENT_CALIBRATION_REQUIRED
visual-territory-47-E1,35949.827,0,194377741,TRADE_HOUSING_POWER_AND_EMPLOYMENT_CALIBRATION_REQUIRED
visual-territory-47-E2,65479.749,200373,263928810,TRADE_HOUSING_POWER_AND_EMPLOYMENT_CALIBRATION_REQUIRED
visual-territory-48-E1,3874.405,9992,547081809,TRADE_HOUSING_POWER_AND_EMPLOYMENT_CALIBRATION_REQUIRED
visual-territory-49-E1,34875.862,21864,162311643,TRADE_HOUSING_POWER_AND_EMPLOYMENT_CALIBRATION_REQUIRED
visual-territory-49-E2,7539.03,207344,80154576,TRADE_HOUSING_POWER_AND_EMPLOYMENT_CALIBRATION_REQUIRED
visual-territory-50-E1,9363.384,148477,258881608,TRADE_HOUSING_POWER_AND_EMPLOYMENT_CALIBRATION_REQUIRED
visual-territory-50-E2,-0.409,2,315700323,TRADE_HOUSING_POWER_AND_EMPLOYMENT_CALIBRATION_REQUIRED
visual-territory-51-E1,1228.707,8561,309855171,TRADE_HOUSING_POWER_AND_EMPLOYMENT_CALIBRATION_REQUIRED
visual-territory-51-E2,1641.95,1966,301748004,TRADE_HOUSING_POWER_AND_EMPLOYMENT_CALIBRATION_REQUIRED
visual-territory-52-E1,1944.779,12871,463019762,TRADE_HOUSING_POWER_AND_EMPLOYMENT_CALIBRATION_REQUIRED
visual-territory-53-E1,15039.614,566446,250272562,TRADE_HOUSING_POWER_AND_EMPLOYMENT_CALIBRATION_REQUIRED
visual-territory-53-E2,-12100.735,967835,184827474,TRADE_HOUSING_POWER_AND_EMPLOYMENT_CALIBRATION_REQUIRED
visual-territory-54-E1,-24707.226,1362831,237242364,TRADE_HOUSING_POWER_AND_EMPLOYMENT_CALIBRATION_REQUIRED
visual-territory-54-E2,10408.17,195086,230595374,TRADE_HOUSING_POWER_AND_EMPLOYMENT_CALIBRATION_REQUIRED
visual-territory-55-E1,-58754.34,3799057,189247247,TRADE_HOUSING_POWER_AND_EMPLOYMENT_CALIBRATION_REQUIRED
visual-territory-56-E1,3069.198,296309,508163596,TRADE_HOUSING_POWER_AND_EMPLOYMENT_CALIBRATION_REQUIRED
visual-territory-56-E2,35294.172,46520,532398191,TRADE_HOUSING_POWER_AND_EMPLOYMENT_CALIBRATION_REQUIRED
visual-territory-57-E1,12558.61,317496,122304590,TRADE_HOUSING_POWER_AND_EMPLOYMENT_CALIBRATION_REQUIRED
visual-territory-57-E2,13289.213,81930,120170997,TRADE_HOUSING_POWER_AND_EMPLOYMENT_CALIBRATION_REQUIRED
visual-territory-58-E1,49983.254,586422,340976006,TRADE_HOUSING_POWER_AND_EMPLOYMENT_CALIBRATION_REQUIRED
visual-territory-58-E2,30593.39,855374,360183498,TRADE_HOUSING_POWER_AND_EMPLOYMENT_CALIBRATION_REQUIRED
visual-territory-59-E1,752.172,81842,64922678,TRADE_HOUSING_POWER_AND_EMPLOYMENT_CALIBRATION_REQUIRED
visual-territory-60-E1,72879.809,57464,314277458,TRADE_HOUSING_POWER_AND_EMPLOYMENT_CALIBRATION_REQUIRED
visual-territory-60-E2,41058.771,680348,337544782,TRADE_HOUSING_POWER_AND_EMPLOYMENT_CALIBRATION_REQUIRED
visual-territory-61-E1,-12145.087,1494029,210920468,TRADE_HOUSING_POWER_AND_EMPLOYMENT_CALIBRATION_REQUIRED
visual-territory-61-E2,-14413.415,3471592,352688385,TRADE_HOUSING_POWER_AND_EMPLOYMENT_CALIBRATION_REQUIRED
visual-territory-62-E1,10138.826,312723,173995781,TRADE_HOUSING_POWER_AND_EMPLOYMENT_CALIBRATION_REQUIRED
visual-territory-62-E2,20103.524,180242,163591655,TRADE_HOUSING_POWER_AND_EMPLOYMENT_CALIBRATION_REQUIRED
visual-territory-63-E1,-6292.989,722883,179080824,TRADE_HOUSING_POWER_AND_EMPLOYMENT_CALIBRATION_REQUIRED
visual-territory-63-E2,-21326.004,1034102,127711750,TRADE_HOUSING_POWER_AND_EMPLOYMENT_CALIBRATION_REQUIRED
visual-territory-64-E1,-31828.985,1352305,272313610,TRADE_HOUSING_POWER_AND_EMPLOYMENT_CALIBRATION_REQUIRED
visual-territory-64-E2,-9156.934,1370915,251158669,TRADE_HOUSING_POWER_AND_EMPLOYMENT_CALIBRATION_REQUIRED
visual-territory-65-E1,46281.208,242581,538052566,TRADE_HOUSING_POWER_AND_EMPLOYMENT_CALIBRATION_REQUIRED
visual-territory-65-E2,45075.136,675456,410891133,TRADE_HOUSING_POWER_AND_EMPLOYMENT_CALIBRATION_REQUIRED
visual-territory-66-E1,19830.598,0,159032210,TRADE_HOUSING_POWER_AND_EMPLOYMENT_CALIBRATION_REQUIRED
visual-territory-66-E2,-57300.661,3275301,196794391,TRADE_HOUSING_POWER_AND_EMPLOYMENT_CALIBRATION_REQUIRED
visual-territory-67-E1,5335.261,172140,98157041,TRADE_HOUSING_POWER_AND_EMPLOYMENT_CALIBRATION_REQUIRED
visual-territory-67-E2,-30135.608,2084704,110643329,TRADE_HOUSING_POWER_AND_EMPLOYMENT_CALIBRATION_REQUIRED
visual-territory-68-E1,38716.936,0,138998882,TRADE_HOUSING_POWER_AND_EMPLOYMENT_CALIBRATION_REQUIRED
visual-territory-68-E2,11655.927,50129,100040037,TRADE_HOUSING_POWER_AND_EMPLOYMENT_CALIBRATION_REQUIRED
visual-territory-69-E1,21650.94,0,158838725,TRADE_HOUSING_POWER_AND_EMPLOYMENT_CALIBRATION_REQUIRED
visual-territory-70-E1,20979.734,0,99488094,TRADE_HOUSING_POWER_AND_EMPLOYMENT_CALIBRATION_REQUIRED
