id,featureId,kind,regionIds,countryIds,annualInflowM3,environmentalFlowM3Year,allocatableM3Day,lakeStorageM3,freshwaterAssumed,outlet,allocationMethod,limitation
BASIN-R01,R01,river,"[""visual-territory-42-E1"",""visual-territory-43-E1""]","[""visual-territory-42"",""visual-territory-43""]",627583421995,407929224297,610150549,0,True,OCEAN_OR_ENDORHEIC_REQUIRES_SURVEY,NEAREST_WATER_FEATURE_REGION_PARTITION,"Simplified catchments, not topographically validated drainage; no independent basin water multiplier"
BASIN-R02,R02,river,"[""visual-territory-48-E1"",""visual-territory-49-E1"",""visual-territory-49-E2"",""visual-territory-50-E1"",""visual-territory-51-E1""]","[""visual-territory-48"",""visual-territory-49"",""visual-territory-50"",""visual-territory-51""]",1677096386329,1090112651114,1630510376,0,True,OCEAN_OR_ENDORHEIC_REQUIRES_SURVEY,NEAREST_WATER_FEATURE_REGION_PARTITION,"Simplified catchments, not topographically validated drainage; no independent basin water multiplier"
BASIN-R03,R03,river,"[""visual-territory-54-E1""]","[""visual-territory-54""]",505049254836,328282015643,491020109,0,True,OCEAN_OR_ENDORHEIC_REQUIRES_SURVEY,NEAREST_WATER_FEATURE_REGION_PARTITION,"Simplified catchments, not topographically validated drainage; no independent basin water multiplier"
BASIN-R04,R04,river,"[""visual-territory-63-E1""]","[""visual-territory-63""]",366822659943,238434728963,356633142,0,True,OCEAN_OR_ENDORHEIC_REQUIRES_SURVEY,NEAREST_WATER_FEATURE_REGION_PARTITION,"Simplified catchments, not topographically validated drainage; no independent basin water multiplier"
BASIN-R05,R05,river,"[""visual-territory-23-E1""]","[""visual-territory-23""]",346856048128,225456431283,337221158,0,True,OCEAN_OR_ENDORHEIC_REQUIRES_SURVEY,NEAREST_WATER_FEATURE_REGION_PARTITION,"Simplified catchments, not topographically validated drainage; no independent basin water multiplier"
BASIN-R06,R06,river,"[""visual-territory-24-E1"",""visual-territory-24-E2"",""visual-territory-31-E2"",""visual-territory-32-E1"",""visual-territory-32-E2""]","[""visual-territory-24"",""visual-territory-31"",""visual-territory-32""]",775422927135,504024902638,753883401,0,True,OCEAN_OR_ENDORHEIC_REQUIRES_SURVEY,NEAREST_WATER_FEATURE_REGION_PARTITION,"Simplified catchments, not topographically validated drainage; no independent basin water multiplier"
BASIN-HL01,HL01,lake,[],[],0,0,0,170024648912,True,OCEAN_OR_ENDORHEIC_REQUIRES_SURVEY,NEAREST_WATER_FEATURE_REGION_PARTITION,"Simplified catchments, not topographically validated drainage; no independent basin water multiplier"
BASIN-HL02,HL02,lake,"[""visual-territory-21-E2"",""visual-territory-22-E1""]","[""visual-territory-21"",""visual-territory-22""]",898967967543,584329178903,873996635,784052737413,True,OCEAN_OR_ENDORHEIC_REQUIRES_SURVEY,NEAREST_WATER_FEATURE_REGION_PARTITION,"Simplified catchments, not topographically validated drainage; no independent basin water multiplier"
BASIN-HL03,HL03,lake,"[""visual-territory-38-E1"",""visual-territory-38-E2""]","[""visual-territory-38""]",820011770664,533007650932,797233666,488054458720,True,OCEAN_OR_ENDORHEIC_REQUIRES_SURVEY,NEAREST_WATER_FEATURE_REGION_PARTITION,"Simplified catchments, not topographically validated drainage; no independent basin water multiplier"
BASIN-HL04,HL04,lake,"[""visual-territory-54-E2""]","[""visual-territory-54""]",500594226855,325386247456,486688832,93734885286,True,OCEAN_OR_ENDORHEIC_REQUIRES_SURVEY,NEAREST_WATER_FEATURE_REGION_PARTITION,"Simplified catchments, not topographically validated drainage; no independent basin water multiplier"
BASIN-HL05,HL05,lake,"[""visual-territory-06-E2"",""visual-territory-07-E1""]","[""visual-territory-06"",""visual-territory-07""]",1147763196666,746046077833,1115880886,650632628800,True,OCEAN_OR_ENDORHEIC_REQUIRES_SURVEY,NEAREST_WATER_FEATURE_REGION_PARTITION,"Simplified catchments, not topographically validated drainage; no independent basin water multiplier"
BASIN-HL06,HL06,lake,"[""visual-territory-58-E2""]","[""visual-territory-58""]",740419782209,481272858436,719852566,796003844369,True,OCEAN_OR_ENDORHEIC_REQUIRES_SURVEY,NEAREST_WATER_FEATURE_REGION_PARTITION,"Simplified catchments, not topographically validated drainage; no independent basin water multiplier"
BASIN-HL07,HL07,lake,"[""visual-territory-56-E1"",""visual-territory-57-E1"",""visual-territory-57-E2"",""visual-territory-59-E1""]","[""visual-territory-56"",""visual-territory-57"",""visual-territory-59""]",1195215962846,776890375850,1162015519,233468256163,True,OCEAN_OR_ENDORHEIC_REQUIRES_SURVEY,NEAREST_WATER_FEATURE_REGION_PARTITION,"Simplified catchments, not topographically validated drainage; no independent basin water multiplier"
BASIN-HL08,HL08,lake,"[""visual-territory-14-E2"",""visual-territory-15-E1"",""visual-territory-15-E2""]","[""visual-territory-14"",""visual-territory-15""]",1136478865382,738711262498,1104910008,292746439972,True,OCEAN_OR_ENDORHEIC_REQUIRES_SURVEY,NEAREST_WATER_FEATURE_REGION_PARTITION,"Simplified catchments, not topographically validated drainage; no independent basin water multiplier"
BASIN-HL09,HL09,lake,"[""visual-territory-39-E2""]","[""visual-territory-39""]",329659292152,214278539899,320502090,679154187024,True,OCEAN_OR_ENDORHEIC_REQUIRES_SURVEY,NEAREST_WATER_FEATURE_REGION_PARTITION,"Simplified catchments, not topographically validated drainage; no independent basin water multiplier"
BASIN-HL10,HL10,lake,"[""visual-territory-64-E2""]","[""visual-territory-64""]",508496662667,330522830734,494371755,545075880355,True,OCEAN_OR_ENDORHEIC_REQUIRES_SURVEY,NEAREST_WATER_FEATURE_REGION_PARTITION,"Simplified catchments, not topographically validated drainage; no independent basin water multiplier"
BASIN-HL11,HL11,lake,"[""visual-territory-16-E1"",""visual-territory-16-E2""]","[""visual-territory-16""]",803026349279,521967127031,780720062,244201799867,True,OCEAN_OR_ENDORHEIC_REQUIRES_SURVEY,NEAREST_WATER_FEATURE_REGION_PARTITION,"Simplified catchments, not topographically validated drainage; no independent basin water multiplier"
BASIN-HL12,HL12,lake,"[""visual-territory-65-E1""]","[""visual-territory-65""]",712306267475,462999073859,692519982,705557457670,True,OCEAN_OR_ENDORHEIC_REQUIRES_SURVEY,NEAREST_WATER_FEATURE_REGION_PARTITION,"Simplified catchments, not topographically validated drainage; no independent basin water multiplier"
BASIN-HL13,HL13,lake,"[""visual-territory-12-E1"",""visual-territory-12-E2""]","[""visual-territory-12""]",576120264728,374478172073,560116924,266393846812,True,OCEAN_OR_ENDORHEIC_REQUIRES_SURVEY,NEAREST_WATER_FEATURE_REGION_PARTITION,"Simplified catchments, not topographically validated drainage; no independent basin water multiplier"
BASIN-HL14,HL14,lake,"[""visual-territory-61-E1""]","[""visual-territory-61""]",421979355752,274286581239,410257707,412462820235,True,OCEAN_OR_ENDORHEIC_REQUIRES_SURVEY,NEAREST_WATER_FEATURE_REGION_PARTITION,"Simplified catchments, not topographically validated drainage; no independent basin water multiplier"
BASIN-HL15,HL15,lake,"[""visual-territory-66-E1"",""visual-territory-66-E2""]","[""visual-territory-66""]",753787897848,489962133601,732849345,222343113845,True,OCEAN_OR_ENDORHEIC_REQUIRES_SURVEY,NEAREST_WATER_FEATURE_REGION_PARTITION,"Simplified catchments, not topographically validated drainage; no independent basin water multiplier"
BASIN-HL16,HL16,lake,"[""visual-territory-34-E2""]","[""visual-territory-34""]",341783895085,222159531805,332289898,227855442442,True,OCEAN_OR_ENDORHEIC_REQUIRES_SURVEY,NEAREST_WATER_FEATURE_REGION_PARTITION,"Simplified catchments, not topographically validated drainage; no independent basin water multiplier"
BASIN-HL17,HL17,lake,"[""visual-territory-60-E1""]","[""visual-territory-60""]",616587528776,400781893704,599460097,417166709447,True,OCEAN_OR_ENDORHEIC_REQUIRES_SURVEY,NEAREST_WATER_FEATURE_REGION_PARTITION,"Simplified catchments, not topographically validated drainage; no independent basin water multiplier"
BASIN-HL18,HL18,lake,"[""visual-territory-13-E1""]","[""visual-territory-13""]",157571089210,102421207986,153194115,271775252013,True,OCEAN_OR_ENDORHEIC_REQUIRES_SURVEY,NEAREST_WATER_FEATURE_REGION_PARTITION,"Simplified catchments, not topographically validated drainage; no independent basin water multiplier"
BASIN-HL19,HL19,lake,"[""visual-territory-29-E1""]","[""visual-territory-29""]",186725645113,121371669323,181538822,360496588695,True,OCEAN_OR_ENDORHEIC_REQUIRES_SURVEY,NEAREST_WATER_FEATURE_REGION_PARTITION,"Simplified catchments, not topographically validated drainage; no independent basin water multiplier"
BASIN-HL20,HL20,lake,"[""visual-territory-20-E2""]","[""visual-territory-20""]",162880102576,105872066674,158355655,130020220714,True,OCEAN_OR_ENDORHEIC_REQUIRES_SURVEY,NEAREST_WATER_FEATURE_REGION_PARTITION,"Simplified catchments, not topographically validated drainage; no independent basin water multiplier"
BASIN-HL21,HL21,lake,"[""visual-territory-28-E2""]","[""visual-territory-28""]",163515246721,106284910369,158973157,189067769348,True,OCEAN_OR_ENDORHEIC_REQUIRES_SURVEY,NEAREST_WATER_FEATURE_REGION_PARTITION,"Simplified catchments, not topographically validated drainage; no independent basin water multiplier"
BASIN-HL22,HL22,lake,"[""visual-territory-53-E1"",""visual-territory-53-E2""]","[""visual-territory-53""]",917933600158,596656840103,892435445,404576894959,True,OCEAN_OR_ENDORHEIC_REQUIRES_SURVEY,NEAREST_WATER_FEATURE_REGION_PARTITION,"Simplified catchments, not topographically validated drainage; no independent basin water multiplier"
BASIN-HL23,HL23,lake,"[""visual-territory-01-E1"",""visual-territory-02-E1"",""visual-territory-04-E1"",""visual-territory-04-E2""]","[""visual-territory-01"",""visual-territory-02"",""visual-territory-04""]",2158213901221,1402839035794,2098263515,624916501512,True,OCEAN_OR_ENDORHEIC_REQUIRES_SURVEY,NEAREST_WATER_FEATURE_REGION_PARTITION,"Simplified catchments, not topographically validated drainage; no independent basin water multiplier"
BASIN-HL24,HL24,lake,"[""visual-territory-45-E1""]","[""visual-territory-45""]",307659069930,199978395454,299112985,787153797573,True,OCEAN_OR_ENDORHEIC_REQUIRES_SURVEY,NEAREST_WATER_FEATURE_REGION_PARTITION,"Simplified catchments, not topographically validated drainage; no independent basin water multiplier"
BASIN-HL25,HL25,lake,"[""visual-territory-46-E1"",""visual-territory-46-E2"",""visual-territory-51-E2""]","[""visual-territory-46"",""visual-territory-51""]",954380527198,620347342679,927869957,236504645029,True,OCEAN_OR_ENDORHEIC_REQUIRES_SURVEY,NEAREST_WATER_FEATURE_REGION_PARTITION,"Simplified catchments, not topographically validated drainage; no independent basin water multiplier"
BASIN-HL26,HL26,lake,"[""visual-territory-35-E2"",""visual-territory-36-E1""]","[""visual-territory-35"",""visual-territory-36""]",771809135229,501675937899,750369993,777237027778,True,OCEAN_OR_ENDORHEIC_REQUIRES_SURVEY,NEAREST_WATER_FEATURE_REGION_PARTITION,"Simplified catchments, not topographically validated drainage; no independent basin water multiplier"
BASIN-HL27,HL27,lake,"[""visual-territory-26-E1"",""visual-territory-26-E2"",""visual-territory-27-E1""]","[""visual-territory-26"",""visual-territory-27""]",399972728116,259982273275,388862375,275682747145,True,OCEAN_OR_ENDORHEIC_REQUIRES_SURVEY,NEAREST_WATER_FEATURE_REGION_PARTITION,"Simplified catchments, not topographically validated drainage; no independent basin water multiplier"
BASIN-HL28,HL28,lake,"[""visual-territory-33-E1"",""visual-territory-33-E2""]","[""visual-territory-33""]",586960269696,381524175302,570655818,225097887313,True,OCEAN_OR_ENDORHEIC_REQUIRES_SURVEY,NEAREST_WATER_FEATURE_REGION_PARTITION,"Simplified catchments, not topographically validated drainage; no independent basin water multiplier"
BASIN-HL29,HL29,lake,"[""visual-territory-63-E2"",""visual-territory-67-E2"",""visual-territory-68-E1"",""visual-territory-68-E2""]","[""visual-territory-63"",""visual-territory-67"",""visual-territory-68""]",968457127706,629497133009,941555541,236714243783,True,OCEAN_OR_ENDORHEIC_REQUIRES_SURVEY,NEAREST_WATER_FEATURE_REGION_PARTITION,"Simplified catchments, not topographically validated drainage; no independent basin water multiplier"
BASIN-HL30,HL30,lake,"[""visual-territory-62-E1"",""visual-territory-62-E2"",""visual-territory-67-E1"",""visual-territory-69-E1""]","[""visual-territory-62"",""visual-territory-67"",""visual-territory-69""]",1220917432284,793596330985,1187003059,210043031833,True,OCEAN_OR_ENDORHEIC_REQUIRES_SURVEY,NEAREST_WATER_FEATURE_REGION_PARTITION,"Simplified catchments, not topographically validated drainage; no independent basin water multiplier"
BASIN-HR01,HR01,river,"[""visual-territory-23-E2"",""visual-territory-31-E1""]","[""visual-territory-23"",""visual-territory-31""]",513672255239,333886965905,499403581,0,True,OCEAN_OR_ENDORHEIC_REQUIRES_SURVEY,NEAREST_WATER_FEATURE_REGION_PARTITION,"Simplified catchments, not topographically validated drainage; no independent basin water multiplier"
BASIN-HR02,HR02,river,"[""visual-territory-21-E1""]","[""visual-territory-21""]",339101989169,220416292960,329682489,0,True,OCEAN_OR_ENDORHEIC_REQUIRES_SURVEY,NEAREST_WATER_FEATURE_REGION_PARTITION,"Simplified catchments, not topographically validated drainage; no independent basin water multiplier"
BASIN-HR03,HR03,river,[],[],0,0,0,0,True,OCEAN_OR_ENDORHEIC_REQUIRES_SURVEY,NEAREST_WATER_FEATURE_REGION_PARTITION,"Simplified catchments, not topographically validated drainage; no independent basin water multiplier"
BASIN-HR04,HR04,river,[],[],0,0,0,0,True,OCEAN_OR_ENDORHEIC_REQUIRES_SURVEY,NEAREST_WATER_FEATURE_REGION_PARTITION,"Simplified catchments, not topographically validated drainage; no independent basin water multiplier"
BASIN-HR05,HR05,river,"[""visual-territory-06-E1"",""visual-territory-70-E1""]","[""visual-territory-06"",""visual-territory-70""]",989920243372,643448158192,962422459,0,True,OCEAN_OR_ENDORHEIC_REQUIRES_SURVEY,NEAREST_WATER_FEATURE_REGION_PARTITION,"Simplified catchments, not topographically validated drainage; no independent basin water multiplier"
BASIN-HR06,HR06,river,"[""visual-territory-47-E1"",""visual-territory-47-E2"",""visual-territory-52-E1""]","[""visual-territory-47"",""visual-territory-52""]",1403864771074,912512101198,1364868527,0,True,OCEAN_OR_ENDORHEIC_REQUIRES_SURVEY,NEAREST_WATER_FEATURE_REGION_PARTITION,"Simplified catchments, not topographically validated drainage; no independent basin water multiplier"
BASIN-HR07,HR07,river,[],[],0,0,0,0,True,OCEAN_OR_ENDORHEIC_REQUIRES_SURVEY,NEAREST_WATER_FEATURE_REGION_PARTITION,"Simplified catchments, not topographically validated drainage; no independent basin water multiplier"
BASIN-HR08,HR08,river,"[""visual-territory-56-E2"",""visual-territory-58-E1""]","[""visual-territory-56"",""visual-territory-58""]",1399793001723,909865451120,1360909863,0,True,OCEAN_OR_ENDORHEIC_REQUIRES_SURVEY,NEAREST_WATER_FEATURE_REGION_PARTITION,"Simplified catchments, not topographically validated drainage; no independent basin water multiplier"
BASIN-HR09,HR09,river,[],[],0,0,0,0,True,OCEAN_OR_ENDORHEIC_REQUIRES_SURVEY,NEAREST_WATER_FEATURE_REGION_PARTITION,"Simplified catchments, not topographically validated drainage; no independent basin water multiplier"
BASIN-HR10,HR10,river,[],[],0,0,0,0,True,OCEAN_OR_ENDORHEIC_REQUIRES_SURVEY,NEAREST_WATER_FEATURE_REGION_PARTITION,"Simplified catchments, not topographically validated drainage; no independent basin water multiplier"
BASIN-HR11,HR11,river,"[""visual-territory-37-E1"",""visual-territory-64-E1""]","[""visual-territory-37"",""visual-territory-64""]",836404700195,543663055127,813171236,0,True,OCEAN_OR_ENDORHEIC_REQUIRES_SURVEY,NEAREST_WATER_FEATURE_REGION_PARTITION,"Simplified catchments, not topographically validated drainage; no independent basin water multiplier"
BASIN-HR12,HR12,river,[],[],0,0,0,0,True,OCEAN_OR_ENDORHEIC_REQUIRES_SURVEY,NEAREST_WATER_FEATURE_REGION_PARTITION,"Simplified catchments, not topographically validated drainage; no independent basin water multiplier"
BASIN-HR13,HR13,river,"[""visual-territory-65-E2""]","[""visual-territory-65""]",697148471821,453146506684,677783236,0,True,OCEAN_OR_ENDORHEIC_REQUIRES_SURVEY,NEAREST_WATER_FEATURE_REGION_PARTITION,"Simplified catchments, not topographically validated drainage; no independent basin water multiplier"
BASIN-HR14,HR14,river,"[""visual-territory-14-E1""]","[""visual-territory-14""]",166529525554,108244191610,161903705,0,True,OCEAN_OR_ENDORHEIC_REQUIRES_SURVEY,NEAREST_WATER_FEATURE_REGION_PARTITION,"Simplified catchments, not topographically validated drainage; no independent basin water multiplier"
BASIN-HR15,HR15,river,[],[],0,0,0,0,True,OCEAN_OR_ENDORHEIC_REQUIRES_SURVEY,NEAREST_WATER_FEATURE_REGION_PARTITION,"Simplified catchments, not topographically validated drainage; no independent basin water multiplier"
BASIN-HR16,HR16,river,"[""visual-territory-55-E1""]","[""visual-territory-55""]",374755081381,243590802898,364345218,0,True,OCEAN_OR_ENDORHEIC_REQUIRES_SURVEY,NEAREST_WATER_FEATURE_REGION_PARTITION,"Simplified catchments, not topographically validated drainage; no independent basin water multiplier"
BASIN-HR17,HR17,river,"[""visual-territory-34-E1"",""visual-territory-41-E1""]","[""visual-territory-34"",""visual-territory-41""]",534928133617,347703286851,520069019,0,True,OCEAN_OR_ENDORHEIC_REQUIRES_SURVEY,NEAREST_WATER_FEATURE_REGION_PARTITION,"Simplified catchments, not topographically validated drainage; no independent basin water multiplier"
BASIN-HR18,HR18,river,"[""visual-territory-50-E2"",""visual-territory-60-E2""]","[""visual-territory-50"",""visual-territory-60""]",1001058056092,650687736460,973250888,0,True,OCEAN_OR_ENDORHEIC_REQUIRES_SURVEY,NEAREST_WATER_FEATURE_REGION_PARTITION,"Simplified catchments, not topographically validated drainage; no independent basin water multiplier"
BASIN-HR19,HR19,river,"[""visual-territory-13-E2""]","[""visual-territory-13""]",40268459546,26174498705,39149891,0,True,OCEAN_OR_ENDORHEIC_REQUIRES_SURVEY,NEAREST_WATER_FEATURE_REGION_PARTITION,"Simplified catchments, not topographically validated drainage; no independent basin water multiplier"
BASIN-HR20,HR20,river,"[""visual-territory-29-E2""]","[""visual-territory-29""]",195774961815,127253725180,190336768,0,True,OCEAN_OR_ENDORHEIC_REQUIRES_SURVEY,NEAREST_WATER_FEATURE_REGION_PARTITION,"Simplified catchments, not topographically validated drainage; no independent basin water multiplier"
BASIN-HR21,HR21,river,"[""visual-territory-17-E1"",""visual-territory-18-E1"",""visual-territory-19-E1"",""visual-territory-20-E1"",""visual-territory-25-E1""]","[""visual-territory-17"",""visual-territory-18"",""visual-territory-19"",""visual-territory-20"",""visual-territory-25""]",1236767021080,803898563702,1202412382,0,True,OCEAN_OR_ENDORHEIC_REQUIRES_SURVEY,NEAREST_WATER_FEATURE_REGION_PARTITION,"Simplified catchments, not topographically validated drainage; no independent basin water multiplier"
BASIN-HR22,HR22,river,"[""visual-territory-28-E1""]","[""visual-territory-28""]",143489469596,93268155237,139503651,0,True,OCEAN_OR_ENDORHEIC_REQUIRES_SURVEY,NEAREST_WATER_FEATURE_REGION_PARTITION,"Simplified catchments, not topographically validated drainage; no independent basin water multiplier"
BASIN-HR23,HR23,river,[],[],0,0,0,0,True,OCEAN_OR_ENDORHEIC_REQUIRES_SURVEY,NEAREST_WATER_FEATURE_REGION_PARTITION,"Simplified catchments, not topographically validated drainage; no independent basin water multiplier"
BASIN-HR24,HR24,river,"[""visual-territory-05-E1"",""visual-territory-05-E2"",""visual-territory-08-E1"",""visual-territory-08-E2""]","[""visual-territory-05"",""visual-territory-08""]",1409009825557,915856386612,1369870664,0,True,OCEAN_OR_ENDORHEIC_REQUIRES_SURVEY,NEAREST_WATER_FEATURE_REGION_PARTITION,"Simplified catchments, not topographically validated drainage; no independent basin water multiplier"
BASIN-HR25,HR25,river,"[""visual-territory-40-E1"",""visual-territory-45-E2""]","[""visual-territory-40"",""visual-territory-45""]",323664585687,210381980697,314673903,0,True,OCEAN_OR_ENDORHEIC_REQUIRES_SURVEY,NEAREST_WATER_FEATURE_REGION_PARTITION,"Simplified catchments, not topographically validated drainage; no independent basin water multiplier"
BASIN-HR26,HR26,river,"[""visual-territory-40-E2""]","[""visual-territory-40""]",95122002720,61829301768,92479725,0,True,OCEAN_OR_ENDORHEIC_REQUIRES_SURVEY,NEAREST_WATER_FEATURE_REGION_PARTITION,"Simplified catchments, not topographically validated drainage; no independent basin water multiplier"
BASIN-HR27,HR27,river,"[""visual-territory-35-E1"",""visual-territory-41-E2""]","[""visual-territory-35"",""visual-territory-41""]",564823689389,367135398103,549134142,0,True,OCEAN_OR_ENDORHEIC_REQUIRES_SURVEY,NEAREST_WATER_FEATURE_REGION_PARTITION,"Simplified catchments, not topographically validated drainage; no independent basin water multiplier"
BASIN-HR28,HR28,river,"[""visual-territory-27-E2""]","[""visual-territory-27""]",195922343869,127349523515,190480057,0,True,OCEAN_OR_ENDORHEIC_REQUIRES_SURVEY,NEAREST_WATER_FEATURE_REGION_PARTITION,"Simplified catchments, not topographically validated drainage; no independent basin water multiplier"
BASIN-HR29,HR29,river,"[""visual-territory-39-E1""]","[""visual-territory-39""]",270418158363,175771802936,262906543,0,True,OCEAN_OR_ENDORHEIC_REQUIRES_SURVEY,NEAREST_WATER_FEATURE_REGION_PARTITION,"Simplified catchments, not topographically validated drainage; no independent basin water multiplier"
BASIN-HR30,HR30,river,"[""visual-territory-61-E2""]","[""visual-territory-61""]",613134871152,398537666249,596103347,0,True,OCEAN_OR_ENDORHEIC_REQUIRES_SURVEY,NEAREST_WATER_FEATURE_REGION_PARTITION,"Simplified catchments, not topographically validated drainage; no independent basin water multiplier"
BASIN-HR31,HR31,river,[],[],0,0,0,0,True,OCEAN_OR_ENDORHEIC_REQUIRES_SURVEY,NEAREST_WATER_FEATURE_REGION_PARTITION,"Simplified catchments, not topographically validated drainage; no independent basin water multiplier"
BASIN-HR32,HR32,river,"[""visual-territory-44-E1"",""visual-territory-44-E2""]","[""visual-territory-44""]",1025644129286,666668684036,997154015,0,True,OCEAN_OR_ENDORHEIC_REQUIRES_SURVEY,NEAREST_WATER_FEATURE_REGION_PARTITION,"Simplified catchments, not topographically validated drainage; no independent basin water multiplier"
BASIN-HR33,HR33,river,"[""visual-territory-30-E1"",""visual-territory-30-E2""]","[""visual-territory-30""]",347101089124,225615707931,337459392,0,True,OCEAN_OR_ENDORHEIC_REQUIRES_SURVEY,NEAREST_WATER_FEATURE_REGION_PARTITION,"Simplified catchments, not topographically validated drainage; no independent basin water multiplier"
BASIN-HR34,HR34,river,"[""visual-territory-03-E1"",""visual-territory-03-E2"",""visual-territory-07-E2""]","[""visual-territory-03"",""visual-territory-07""]",1313486789681,853766413293,1277001046,0,True,OCEAN_OR_ENDORHEIC_REQUIRES_SURVEY,NEAREST_WATER_FEATURE_REGION_PARTITION,"Simplified catchments, not topographically validated drainage; no independent basin water multiplier"
BASIN-HR35,HR35,river,"[""visual-territory-09-E1"",""visual-territory-09-E2"",""visual-territory-10-E1"",""visual-territory-10-E2"",""visual-territory-11-E1""]","[""visual-territory-09"",""visual-territory-10"",""visual-territory-11""]",1436173445830,933512739790,1396279739,0,True,OCEAN_OR_ENDORHEIC_REQUIRES_SURVEY,NEAREST_WATER_FEATURE_REGION_PARTITION,"Simplified catchments, not topographically validated drainage; no independent basin water multiplier"
