countryId,countryNumber,countryName,mapSceneFile,mapSceneStatus,mapVisualReview,mapBrowserReview,countryFrame,regionCount,areaKm2,population,populationDensityPerKm2,labourForce,employed,unemployed,highSkillWorkers,mediumSkillWorkers,lowSkillWorkers,households,housingUnits,teachers,medicalWorkers,schoolSeats,hospitalBeds,meanElevationM,meanTemperatureC,meanAnnualRainMm,meanSolarKwhM2Day,meanWindMps,meanDroughtExposure,meanFloodExposure,meanStormExposure,croplandPotentialKm2,forestKm2,urbanIndustrialPotentialKm2,mountainKm2,inlandWaterKm2,convertibleKm2,croplandHa,allocatableWaterM3Day,drySeasonWaterM3Day,grainPotentialTonnesYear,foodProductionTonnesDay,foodDemandTonnesDay,foodNetTonnesDay,foodAvailableStockTonnes,foodReserveDays,dailyIncomeGcu,treasuryCashGcu,bankDepositsGcu,bankReservesGcu,bankLoansGcu,bankEquityGcu,historicalDebtGcu,settlementTransportGravity,mineralDepositCount,mineralCommodityCount,mineralCommodities,mappedFacilityCount,mappedFacilityIds,mappedFacilityProjects,surveyCorridorCount,proposedGridDemandMW,proposedGridGenerationMW,economyIdProposal,bindingStatus,facilityLifecycle,activationAllowed,depositCount_CRUDE_OIL,recoverableRemaining_CRUDE_OIL,depositCount_NATURAL_GAS,recoverableRemaining_NATURAL_GAS,depositCount_URANIUM,recoverableRemaining_URANIUM,depositCount_IRON_ORE,recoverableRemaining_IRON_ORE,depositCount_COPPER,recoverableRemaining_COPPER,depositCount_LITHIUM,recoverableRemaining_LITHIUM
visual-territory-01,01,Avenor,01.png,ILLUSTRATED_PLANNING_SCENE,PASS,PASS_PAGE_IMAGE_MARKERS_ONE_FACILITY_FOCUS,"[1513.9, 206.9, 137.2, 137.2]",1,1267965.565,176666984,139.3311,66075169,56824645,9250524,6581087,18580338,40913744,52610775,52821218,628934,430361,33566727,310934,989.0,20.6,1646.0,3.95,5.91,0.367,0.43,0.587,1073590.851,0.0,0.0,194374.715,0.0,0.0,11964773.78,380268681,243210783,119649961,145239.059,117777.989,27461.07,6017984.143,51.1,1486532713.2,44595981396.0,44595981396.0,8919196279.2,40136383256.4,4459598139.6,0,0.2226,4,4,COPPER、CRUDE_OIL、IRON_ORE、NATURAL_GAS,5,SF001、SF002、SF003、SF004、SF005,PROJECT-04、PROJECT-02、PROJECT-01、PROJECT-05、PROJECT-10,7,79500.143,579646.61,S1-01,UNBOUND,CANDIDATE_NOT_OPERATIONAL,False,1,11538217788.879,1,24429223012.963,0,0,1,8440291474.203,1,252794020.208,0,0
visual-territory-02,02,Brelis,02.png,ILLUSTRATED_PLANNING_SCENE,PASS,PASS_PAGE_IMAGE_MARKERS_ONE_FACILITY_FOCUS,"[1573.7, 225.7, 131.6, 131.6]",1,1969691.231,276124585,140.1867,102010802,87729290,14281512,9674704,27999925,64336173,81616394,82399911,967541,655630,52463671,470516,1562.0,21.1,1662.0,3.94,6.1,0.361,0.394,0.545,1400156.844,0.0,0.0,552650.143,0.0,16884.244,23183291.44,720658368,446078941,221018746,274335.615,184083.057,90252.558,9687186.774,52.62,2228253782.57,66847613477.1,66847613477.1,13369522695.42,60162852129.39,6684761347.71,0,0.1844,4,4,COPPER、CRUDE_OIL、LITHIUM、NATURAL_GAS,6,SF006、SF007、SF008、SF009、SF010、SF011,PROJECT-05、PROJECT-02、PROJECT-01、PROJECT-06、PROJECT-10、PROJECT-11,8,124256.063,908267.67,S1-02,UNBOUND,CANDIDATE_NOT_OPERATIONAL,False,1,15287649902.468,1,31858360868.802,0,0,0,0,1,101516497.459,1,19791084.966
visual-territory-03,03,Caedon,03.png,ILLUSTRATED_PLANNING_SCENE,PASS,PASS_PAGE_IMAGE_MARKERS_ONE_FACILITY_FOCUS,"[1360.6, 281.1, 177.8, 177.8]",2,2699008.222,510403319,189.1077,201563269,173344411,28218858,23066409,60901767,117595093,155618734,153538012,1905411,1340556,96976631,986685,1507.58,21.61,1686.57,3.916,6.002,0.351,0.379,0.532,1809908.626,0.0,0.0,889099.596,0.0,0.0,28713755.47,982272464,603221802,300210437,338873.363,340268.879,-1395.516,14672356.077,43.12,4323768048.11,129713041443.3,129713041443.3,25942608288.66,116741737298.97,12971304144.33,0,0.422,4,4,COPPER、CRUDE_OIL、NATURAL_GAS、URANIUM,9,SF012、SF013、SF014、SF015、SF016、SF017、SF018、SF019、SF020,PROJECT-03、PROJECT-02、PROJECT-05、PROJECT-01、PROJECT-10、PROJECT-11、PROJECT-25、PROJECT-31、PROJECT-34,9,229681.494,1689006.71,S1-03,UNBOUND,CANDIDATE_NOT_OPERATIONAL,False,1,21035285550.928,1,54196017875.102,1,106445.844,0,0,1,539782616.769,0,0
visual-territory-04,04,Darsin,04.png,ILLUSTRATED_PLANNING_SCENE,PASS,PASS_PAGE_IMAGE_MARKERS_ONE_FACILITY_FOCUS,"[1407.9, 192.9, 214.2, 214.2]",2,3187415.875,496361742,155.7254,192936623,165925496,27011127,21322885,57227514,114386224,150394258,149070906,1830223,1278630,94308731,936772,1113.67,20.58,1647.95,3.951,5.88,0.366,0.401,0.549,2393444.582,0.0,0.0,757731.939,36239.354,0.0,29936896.71,997336466,637022502,309224124,357860.027,330907.828,26952.199,15071497.177,45.55,4258491453.93,127754743617.9,127754743617.9,25550948723.58,114979269256.11,12775474361.79,0,0.3614,4,3,CRUDE_OIL、IRON_ORE、NATURAL_GAS,8,H05、SF021、SF022、SF023、SF024、SF025、SF026、SF027,PROJECT-25、PROJECT-04、PROJECT-02、PROJECT-04、PROJECT-01、PROJECT-10、PROJECT-11、PROJECT-25,9,223362.784,1628351.85,S1-04,UNBOUND,CANDIDATE_NOT_OPERATIONAL,False,1,30901265952.153,1,47009180648.39,0,0,2,33849513848.445,0,0,0,0
visual-territory-05,05,Ellovar,05.png,ILLUSTRATED_PLANNING_SCENE,PASS,PASS_PAGE_IMAGE_MARKERS_ONE_FACILITY_FOCUS,"[1522.8, 290.3, 155.4, 155.4]",2,2227484.814,322591038,144.823,122685782,105509773,17176009,12583920,35013712,75088150,96518693,96567271,1159704,798239,61292297,579040,775.75,23.98,1767.49,3.834,5.567,0.32,0.387,0.548,2029815.613,0.0,0.0,197669.202,0.0,0.0,20476767.17,659951947,373902139,213965171,256125.236,215060.692,41064.544,10414202.963,48.42,2608634930.12,78259047903.6,78259047903.6,15651809580.72,70433143113.24,7825904790.36,0,0.2894,4,4,COPPER、CRUDE_OIL、LITHIUM、NATURAL_GAS,7,SF028、SF029、SF030、SF031、SF032、SF033、SF034,PROJECT-06、PROJECT-02、PROJECT-01、PROJECT-05、PROJECT-10、PROJECT-11、PROJECT-25,9,145165.967,1090409.99,S1-05,UNBOUND,CANDIDATE_NOT_OPERATIONAL,False,1,21580200201.893,1,44614032239.342,0,0,0,0,1,384829477.333,1,15750838.99
visual-territory-06,06,Faren,06.png,ILLUSTRATED_PLANNING_SCENE,PASS,PASS_PAGE_IMAGE_MARKERS_ONE_FACILITY_FOCUS,"[1257.9, 336.9, 207.2, 207.2]",2,4043570.603,324546526,80.2624,122902067,105695778,17206289,12268899,34599384,76033784,96682708,97044104,1156230,791524,61663840,572047,1260.53,23.33,1964.64,3.639,5.766,0.244,0.41,0.506,1246551.402,1952395.175,0.0,807972.861,36239.354,411.811,28723515.56,1567619800,1181054021,276019519,334809.336,216364.351,118444.985,10556194.554,48.79,2499308649.26,74979259477.8,74979259477.8,14995851895.56,67481333530.02,7497925947.78,0,0.2803,4,4,CRUDE_OIL、IRON_ORE、LITHIUM、NATURAL_GAS,7,SF035、SF036、SF037、SF038、SF039、SF040、SF041,PROJECT-04、PROJECT-02、PROJECT-01、PROJECT-06、PROJECT-10、PROJECT-11、PROJECT-25,8,146045.937,1155899.24,S1-06,UNBOUND,CANDIDATE_NOT_OPERATIONAL,False,1,37668423399.185,1,80032434922.35,0,0,1,26212648415.312,0,0,1,29164898.919
visual-territory-07,07,Galdra,07.png,ILLUSTRATED_PLANNING_SCENE,PASS,PASS_PAGE_IMAGE_MARKERS_ONE_FACILITY_FOCUS,"[1406.5, 367.5, 140, 140]",2,2138121.863,333976824,156.201,133406669,114729735,18676934,15503092,40642125,77261452,102130958,100544163,1254193,885327,63455596,653035,578.71,24.95,1798.53,3.8,5.289,0.308,0.333,0.464,2138121.863,0.0,0.0,0.0,0.0,0.0,17290427.5,596127010,325468605,198069231,221652.761,222651.216,-998.455,9167887.682,41.18,2729153860.12,81874615803.6,81874615803.6,16374923160.72,73687154223.24,8187461580.36,0,0.4706,3,3,CRUDE_OIL、LITHIUM、NATURAL_GAS,7,P09、SF042、SF043、SF044、SF045、SF046、SF047,PROJECT-21、PROJECT-06、PROJECT-02、PROJECT-01、PROJECT-10、PROJECT-11、PROJECT-25,9,150289.571,1139036.75,S1-07,UNBOUND,CANDIDATE_NOT_OPERATIONAL,False,1,27160576469.116,1,57273381933.168,0,0,0,0,0,0,1,20420211.368
visual-territory-08,08,Hethen,08.png,ILLUSTRATED_PLANNING_SCENE,PASS,PASS_PAGE_IMAGE_MARKERS_ONE_FACILITY_FOCUS,"[1454.6, 330.1, 177.8, 177.8]",2,2654944.462,354009959,133.3399,136743758,117599632,19144126,14477437,39663298,82603023,106472938,106115237,1286291,890986,67261892,649073,554.28,24.66,1747.6,3.853,5.26,0.328,0.321,0.462,2554050.808,0.0,0.0,6177.163,0.0,94716.492,21669203.71,709918717,392390647,232396452,273735.272,236006.639,37728.633,10854748.031,45.99,2786754035.82,83602621074.6,83602621074.6,16720524214.92,75242358967.14,8360262107.46,0,0.3502,4,4,COPPER、IRON_ORE、LITHIUM、NATURAL_GAS,7,SF048、SF049、SF050、SF051、SF052、SF053、SF054,PROJECT-05、PROJECT-02、PROJECT-04、PROJECT-06、PROJECT-10、PROJECT-11、PROJECT-25,10,159304.482,1190637.91,S1-08,UNBOUND,CANDIDATE_NOT_OPERATIONAL,False,0,0,1,53366855474.775,0,0,1,14121786818.809,1,343754769.949,1,21480108.233
visual-territory-09,09,Istrel,09.png,ILLUSTRATED_PLANNING_SCENE,PASS,PASS_PAGE_IMAGE_MARKERS_ONE_FACILITY_FOCUS,"[1020.5, 467.5, 168, 168]",2,2638472.029,117946631,44.7026,43954093,37800520,6153573,4240993,12166712,27546388,34952471,35220333,415534,282526,22409860,203230,374.53,23.35,1244.3,4.355,5.186,0.521,0.251,0.478,831446.079,1084709.744,0.0,0.0,0.0,722316.207,14748760.69,459322762,320685640,113594669,140309.512,78631.087,61678.425,4031193.898,51.27,932702870.53,27981086115.9,27981086115.9,5596217223.18,25182977504.31,2798108611.59,0,0.2183,4,4,COPPER、IRON_ORE、LITHIUM、URANIUM,4,SF055、SF056、SF057、SF058,PROJECT-03、PROJECT-06、PROJECT-05、PROJECT-04,7,53075.984,351025.55,S1-09,UNBOUND,CANDIDATE_NOT_OPERATIONAL,False,0,0,0,0,1,68470.155,1,9350297412.692,1,542558819.62,1,29295662.912
visual-territory-10,10,Jorun,10.png,ILLUSTRATED_PLANNING_SCENE,PASS,PASS_PAGE_IMAGE_MARKERS_ONE_FACILITY_FOCUS,"[1048.6, 387.1, 226.8, 226.8]",2,2692419.249,63926125,23.743,23789108,20458633,3330475,2315772,6613794,14859542,18969555,19095735,225876,153853,12145963,110809,198.58,25.34,1907.78,3.693,5.388,0.266,0.464,0.603,192315.661,2119178.565,0.0,0.0,0.0,380925.023,8487864.05,667631516,553035061,71418888,87587.236,42617.417,44969.819,2202119.978,51.67,524343062.56,15730291876.8,15730291876.8,3146058375.36,14157262689.12,1573029187.68,0,0.2082,4,4,COPPER、CRUDE_OIL、LITHIUM、NATURAL_GAS,3,SF059、SF060、SF061,PROJECT-06、PROJECT-02、PROJECT-01,5,28766.756,224353.26,S1-10,UNBOUND,CANDIDATE_NOT_OPERATIONAL,False,1,26126986215.949,1,54121624449.456,0,0,0,0,1,489034701.935,1,19280402.499
visual-territory-11,11,Keldan,11.png,ILLUSTRATED_PLANNING_SCENE,PASS,PASS_PAGE_IMAGE_MARKERS_ONE_FACILITY_FOCUS,"[1139.1, 505.6, 149.8, 149.8]",1,1944982.581,58955987,30.3118,22622690,19455513,3167177,2368596,6524384,13729710,17699186,17663788,213421,147508,11201638,107300,275.0,21.5,1027.0,4.57,5.2,0.605,0.207,0.471,400691.944,568298.954,0.0,0.0,0.0,975991.682,8270446.26,269325461,195656707,57609037,68254.155,39303.991,28950.164,1850117.48,47.07,472488806.51,14174664195.3,14174664195.3,2834932839.06,12757197775.77,1417466419.53,0,0.3232,4,4,COPPER、CRUDE_OIL、LITHIUM、NATURAL_GAS,3,SF062、SF063、SF064,PROJECT-01、PROJECT-06、PROJECT-05,4,26530.194,167192.47,S1-11,UNBOUND,CANDIDATE_NOT_OPERATIONAL,False,1,9795598641.779,1,10225160190.593,0,0,0,0,1,329156065.339,1,23821669.579
visual-territory-12,12,Lumer,12.png,ILLUSTRATED_PLANNING_SCENE,PASS,PASS_PAGE_IMAGE_MARKERS_ONE_FACILITY_FOCUS,"[1187.1, 415.1, 191.8, 191.8]",2,3363670.912,105921711,31.4899,41982810,36105217,5877593,4831755,12723590,24427465,32326540,31871222,396021,278859,20125125,205362,285.43,24.15,1237.87,4.36,5.206,0.523,0.258,0.518,305563.64,1548820.556,0.0,0.0,33768.489,1475518.227,12531481.98,560116924,411440063,92552472,104824.632,70614.474,34210.158,3001228.83,42.5,884794866.4,26543845992.0,26543845992.0,5308769198.4,23889461392.8,2654384599.2,0,0.4375,4,4,COPPER、CRUDE_OIL、LITHIUM、NATURAL_GAS,4,H06、SF065、SF066、SF067,PROJECT-25、PROJECT-02、PROJECT-01、PROJECT-05,6,47664.77,314836.95,S1-12,UNBOUND,CANDIDATE_NOT_OPERATIONAL,False,1,32640019696.645,1,26356453399.163,0,0,0,0,1,627283255.341,1,23689925.997
visual-territory-13,13,Meros,13.png,ILLUSTRATED_PLANNING_SCENE,PASS,PASS_PAGE_IMAGE_MARKERS_ONE_FACILITY_FOCUS,"[1239.5, 515, 161, 161]",2,3276778.826,35431598,10.8129,13874373,11931961,1942412,1539912,4124567,8209894,10744331,10643338,130884,91534,6732004,67107,397.7,21.38,427.99,5.176,5.057,0.836,0.081,0.368,415105.323,164724.335,0.0,0.0,37062.975,2659886.193,4561446.69,192344006,129286452,30522558,35059.786,23621.066,11438.72,1044053.463,44.2,291048518.54,8731455556.2,8731455556.2,1746291111.24,7858310000.58,873145555.62,0,0.395,4,3,COPPER、CRUDE_OIL、LITHIUM,2,SF068、SF069,PROJECT-06、PROJECT-06,3,15944.219,88724.05,S1-13,UNBOUND,CANDIDATE_NOT_OPERATIONAL,False,1,8409734160.463,0,0,0,0,0,0,1,387912125.599,2,77803585.663
visual-territory-14,14,Nadrin,14.png,ILLUSTRATED_PLANNING_SCENE,PASS,PASS_PAGE_IMAGE_MARKERS_ONE_FACILITY_FOCUS,"[1314.1, 438.1, 156.8, 156.8]",2,2593172.837,193058826,74.4489,73463190,63178343,10284847,7396175,20769719,45297296,57589136,57747160,689663,472901,36681177,342157,466.09,24.22,1309.1,4.29,5.002,0.496,0.205,0.358,1811555.87,11118.893,0.0,0.0,0.0,770498.075,15415713.61,488295061,271849128,142060195,172236.064,128705.884,43530.18,6178971.296,48.01,1466040691.32,43981220739.6,43981220739.6,8796244147.92,39583098665.64,4398122073.96,0,0.2998,4,4,COPPER、LITHIUM、NATURAL_GAS、URANIUM,5,SF070、SF071、SF072、SF073、SF074,PROJECT-06、PROJECT-05、PROJECT-02、PROJECT-03、PROJECT-10,8,86876.472,583168.38,S1-14,UNBOUND,CANDIDATE_NOT_OPERATIONAL,False,0,0,1,52092437913.798,1,64501.357,0,0,1,243000331.492,1,25353656.491
visual-territory-15,15,Orelis,15.png,ILLUSTRATED_PLANNING_SCENE,PASS,PASS_PAGE_IMAGE_MARKERS_ONE_FACILITY_FOCUS,"[1339, 488.5, 168, 168]",2,3570811.763,339123585,94.971,127330273,109504035,17826238,12478452,35517776,79334045,100736572,101328446,1200843,819024,64433481,590420,360.92,24.26,1567.05,4.032,5.134,0.398,0.294,0.457,3014867.133,0.0,0.0,0.0,33768.489,522176.141,24793587.95,778518652,437263607,240657838,295277.581,226082.39,69195.191,11327572.836,50.1,2648570124.5,79457103735.0,79457103735.0,15891420747.0,71511393361.5,7945710373.5,0,0.2474,4,4,COPPER、CRUDE_OIL、LITHIUM、NATURAL_GAS,7,SF075、SF076、SF077、SF078、SF079、SF080、SF081,PROJECT-02、PROJECT-01、PROJECT-05、PROJECT-06、PROJECT-10、PROJECT-11、PROJECT-25,8,152605.613,1090174.24,S1-15,UNBOUND,CANDIDATE_NOT_OPERATIONAL,False,1,34647015337.03,1,29908825933.907,0,0,0,0,1,664571225.684,1,39323652.651
visual-territory-16,16,Paryn,16.png,ILLUSTRATED_PLANNING_SCENE,PASS,PASS_PAGE_IMAGE_MARKERS_ONE_FACILITY_FOCUS,"[1419.4, 463.9, 242.2, 242.2]",2,3434914.187,459264033,133.7047,173629430,149321310,24308120,18022339,49853558,105753533,137678135,137549037,1657598,1143647,87260166,830922,153.52,24.8,1791.87,3.81,5.567,0.311,0.511,0.719,3396615.779,0.0,0.0,0.0,38298.408,0.0,24083818.3,780720062,429307437,259367361,308681.011,306176.022,2504.989,15231863.861,49.75,4014470862.69,120434125880.7,120434125880.7,24086825176.14,108390713292.63,12043412588.07,0,0.2563,4,4,COPPER、CRUDE_OIL、LITHIUM、NATURAL_GAS,8,SF082、SF083、SF084、SF085、SF086、SF087、SF088、SF089,PROJECT-01、PROJECT-02、PROJECT-05、PROJECT-06、PROJECT-10、PROJECT-11、PROJECT-25、PROJECT-31,9,206668.815,1562155.58,S1-16,UNBOUND,CANDIDATE_NOT_OPERATIONAL,False,1,20865382961.937,1,69048923633.162,0,0,0,0,1,639283878.441,1,34998699.521
visual-territory-17,17,Quoran,17.png,ILLUSTRATED_PLANNING_SCENE,PASS,PASS_PAGE_IMAGE_MARKERS_ONE_FACILITY_FOCUS,"[908.9, 538.9, 137.2, 137.2]",1,1892682.604,132916537,70.2265,52787559,45397301,7390258,6226820,16212115,30348624,40761941,40044531,501893,355366,25254142,262643,329.0,17.7,949.0,4.65,5.58,0.635,0.255,0.524,1886917.253,0.0,0.0,0.0,0.0,5765.352,7150835.38,248790476,139457726,73414310,81400.343,88611.025,-7210.682,3775184.095,42.6,1197726071.74,35931782152.2,35931782152.2,7186356430.44,32338603936.98,3593178215.22,0,0.4349,3,3,COPPER、IRON_ORE、NATURAL_GAS,4,P12、SF090、SF091、SF092,PROJECT-21、PROJECT-05、PROJECT-02、PROJECT-04,4,59812.442,370451.25,S1-17,UNBOUND,CANDIDATE_NOT_OPERATIONAL,False,0,0,1,49508101110.28,0,0,1,9496801277.058,1,405797117.371,0,0
visual-territory-18,18,Rassel,18.png,ILLUSTRATED_PLANNING_SCENE,PASS,PASS_PAGE_IMAGE_MARKERS_ONE_FACILITY_FOCUS,"[983.9, 623.4, 123.2, 123.2]",1,1752255.109,47662589,27.2007,18516554,15924236,2592318,1995344,5420166,11101044,14378722,14298201,174254,121139,9055892,88462,347.0,11.5,626.0,4.97,5.16,0.759,0.117,0.242,1013878.279,0.0,0.0,0.0,0.0,738376.83,4638292.41,153309681,95715504,36582457,42698.058,31775.059,10922.999,1436232.682,45.2,379334410.6,11380032318.0,11380032318.0,2276006463.6,10242029086.2,1138003231.8,0,0.37,3,3,CRUDE_OIL、IRON_ORE、LITHIUM,2,SF093、SF094,PROJECT-06、PROJECT-01,4,21448.165,124287.15,S1-18,UNBOUND,CANDIDATE_NOT_OPERATIONAL,False,1,22143367784.589,0,0,0,0,1,6052550837.768,0,0,1,22752381.728
visual-territory-19,19,Siven,19.png,ILLUSTRATED_PLANNING_SCENE,PASS,PASS_PAGE_IMAGE_MARKERS_ONE_FACILITY_FOCUS,"[995.7, 552.2, 124.6, 124.6]",1,1944158.959,106134098,54.5913,41142527,35382573,5759954,4377565,11964247,24800715,31948856,31821061,386328,267882,20165479,195287,1891.0,12.3,769.0,4.83,5.94,0.704,0.131,0.235,1143598.693,7000.784,0.0,656014.662,0.0,137544.819,11022536.57,361916751,221419687,85266256,100182.61,70756.065,29426.545,3212042.342,45.4,824725317.54,24741759526.2,24741759526.2,4948351905.24,22267583573.58,2474175952.62,0,0.3651,3,3,LITHIUM、NATURAL_GAS、URANIUM,4,SF095、SF096、SF097、SF098,PROJECT-03、PROJECT-02、PROJECT-06、PROJECT-10,5,47760.344,284782.18,S1-19,UNBOUND,CANDIDATE_NOT_OPERATIONAL,False,0,0,1,47070015664.448,1,72752.601,0,0,0,0,1,25319763.764
visual-territory-20,20,Talan,20.png,ILLUSTRATED_PLANNING_SCENE,PASS,PASS_PAGE_IMAGE_MARKERS_ONE_FACILITY_FOCUS,"[1051.7, 565.7, 159.6, 159.6]",2,3266895.366,2146143,0.6569,798664,686851,111813,72432,214539,511693,630258,639387,7415,4980,407767,3552,1883.17,12.23,430.44,5.171,5.51,0.834,0.039,0.123,16060.622,0.0,0.0,797265.779,4941.73,2448627.233,731886.66,339470273,220138472,3208683,4061.484,1430.762,2630.722,72382.243,50.59,14237866.17,427135985.1,427135985.1,85427197.02,384422386.59,42713598.51,0,0.2353,4,3,COPPER、IRON_ORE、LITHIUM,2,SF099、SF100,PROJECT-04、PROJECT-06,5,965.764,5379.26,S1-20,UNBOUND,CANDIDATE_NOT_OPERATIONAL,False,0,0,0,0,0,0,1,15767065181.805,1,315940977.525,2,70511402.327
visual-territory-21,21,Uvren,21.png,ILLUSTRATED_PLANNING_SCENE,PASS,PASS_PAGE_IMAGE_MARKERS_ONE_FACILITY_FOCUS,"[1131.5, 575.5, 175, 175]",2,4411317.68,169106762,38.3348,63804686,54872030,8932656,6175328,17688298,39941060,50136666,50503398,596414,405777,32130285,292022,1652.02,11.95,729.64,4.869,5.6,0.719,0.099,0.176,1780670.057,0.0,0.0,1131656.179,37062.975,1461928.47,22945949.19,719905493,512977839,156391401,192367.217,112737.842,79629.375,5522552.883,48.99,1220676240.6,36620287218.0,36620287218.0,7324057443.6,32958258496.2,3662028721.8,0,0.2754,4,4,COPPER、CRUDE_OIL、IRON_ORE、LITHIUM,5,SF101、SF102、SF103、SF104、SF105,PROJECT-05、PROJECT-06、PROJECT-01、PROJECT-04、PROJECT-10,6,76098.043,450084.23,S1-21,UNBOUND,CANDIDATE_NOT_OPERATIONAL,False,1,7097887662.663,0,0,0,0,1,12631766687.306,1,188552604.152,1,54034423.57
visual-territory-22,22,Vardis,22.png,ILLUSTRATED_PLANNING_SCENE,PASS,PASS_PAGE_IMAGE_MARKERS_ONE_FACILITY_FOCUS,"[1241.5, 588.5, 168, 168]",1,1903801.497,132438465,69.5653,49371777,42459728,6912049,4783138,13693756,30894883,39271280,39554033,467243,317958,25163308,228854,1803.0,8.3,1076.0,4.52,6.15,0.586,0.237,0.213,981345.223,0.0,11942.514,809208.294,0.0,101305.466,15416511.05,483773631,382986934,114649265,140975.429,88292.31,52683.119,4526570.149,51.27,1056432000.42,31692960012.6,31692960012.6,6338592002.52,28523664011.34,3169296001.26,0,0.2183,3,3,IRON_ORE、NATURAL_GAS、URANIUM,4,SF106、SF107、SF108、SF109,PROJECT-03、PROJECT-02、PROJECT-04、PROJECT-10,5,59597.309,379735.07,S1-22,UNBOUND,CANDIDATE_NOT_OPERATIONAL,False,0,0,1,34998508400.533,1,127330.881,1,16511809653.013,0,0,0,0
visual-territory-23,23,Wexar,23.png,ILLUSTRATED_PLANNING_SCENE,PASS,PASS_PAGE_IMAGE_MARKERS_ONE_FACILITY_FOCUS,"[1255.5, 548, 252, 252]",2,4548862.5,354391153,77.9076,143014734,122992671,20022063,17083522,44224103,81707109,108862226,106815853,1340537,950092,67334319,702633,366.99,12.45,1054.99,4.545,5.09,0.594,0.18,0.24,4186057.153,0.0,0.0,0.0,34592.11,328213.237,19668311.34,676787823,551902050,204597007,228733.574,236260.769,-7527.195,9369829.7,39.66,2862621310.95,85878639328.5,85878639328.5,17175727865.7,77290775395.65,8587863932.85,0,0.5085,4,4,COPPER、IRON_ORE、LITHIUM、NATURAL_GAS,7,H07、SF110、SF111、SF112、SF113、SF114、SF115,PROJECT-25、PROJECT-06、PROJECT-02、PROJECT-04、PROJECT-05、PROJECT-10、PROJECT-11,10,159476.019,1010535.27,S1-23,UNBOUND,CANDIDATE_NOT_OPERATIONAL,False,0,0,1,78119044208.783,0,0,1,18146123928.791,1,918685679.141,1,45473208.067
visual-territory-24,24,Xandor,24.png,ILLUSTRATED_PLANNING_SCENE,PASS,PASS_PAGE_IMAGE_MARKERS_ONE_FACILITY_FOCUS,"[1431.3, 552.3, 204.4, 204.4]",2,2161183.27,235530433,108.9822,92948723,79935902,13012821,10826490,28351953,53770280,72047806,70912419,884872,624774,44750783,460917,162.84,13.55,1361.44,4.24,5.528,0.476,0.376,0.416,2161183.27,0.0,0.0,0.0,0.0,0.0,10860524.39,374856586,302486643,116555959,130274.285,157020.289,-26746.004,6845011.854,43.59,2128327352.14,63849820564.2,63849820564.2,12769964112.84,57464838507.78,6384982056.42,0,0.4102,3,3,CRUDE_OIL、LITHIUM、NATURAL_GAS,6,P10、SF116、SF117、SF118、SF119、SF120,PROJECT-21、PROJECT-02、PROJECT-06、PROJECT-01、PROJECT-10、PROJECT-11,7,105988.695,719987.92,S1-24,UNBOUND,CANDIDATE_NOT_OPERATIONAL,False,1,20517778664.353,1,57925706779.113,0,0,0,0,0,0,1,29696193.951
visual-territory-25,25,Ysol,25.png,ILLUSTRATED_PLANNING_SCENE,PASS,PASS_PAGE_IMAGE_MARKERS_ONE_FACILITY_FOCUS,"[838.7, 622.2, 194.6, 194.6]",1,1925627.471,97452872,50.6084,37128141,31930201,5197940,3975681,10832506,22319954,29367428,29226464,355508,246829,18516046,180093,128.0,8.5,1067.0,4.53,5.68,0.589,0.331,0.307,1289791.54,0.0,305975.451,0.0,0.0,329860.48,7809811.81,257280855,212160418,68175228,79833.632,64968.581,14865.051,3172026.015,48.82,883265992.14,26497979764.2,26497979764.2,5299595952.84,23848181787.78,2649797976.42,0,0.2794,3,3,CRUDE_OIL、IRON_ORE、LITHIUM,3,SF121、SF122、SF123,PROJECT-06、PROJECT-01、PROJECT-04,3,43853.792,278805.57,S1-25,UNBOUND,CANDIDATE_NOT_OPERATIONAL,False,1,24904397510.44,0,0,0,0,1,10230523989.825,0,0,1,29563972.681
visual-territory-26,26,Zarev,26.png,ILLUSTRATED_PLANNING_SCENE,PASS,PASS_PAGE_IMAGE_MARKERS_ONE_FACILITY_FOCUS,"[974.3, 683.3, 141.4, 141.4]",2,2435861.097,53842157,22.104,20140414,17320756,2819658,1977152,5622778,12540484,15997883,16088823,190768,130158,10230010,93852,222.03,7.15,748.56,4.851,5.303,0.712,0.171,0.193,836387.809,0.0,490466.706,0.0,0.0,1109006.583,7584880.69,239440185,185216851,54303073,66372.081,35894.772,30477.309,1824775.976,50.84,434767923.42,13043037702.6,13043037702.6,2608607540.52,11738733932.34,1304303770.26,0,0.2291,3,3,CRUDE_OIL、IRON_ORE、LITHIUM,2,SF124、SF125,PROJECT-06、PROJECT-01,4,24228.971,143860.23,S1-26,UNBOUND,CANDIDATE_NOT_OPERATIONAL,False,1,31516408102.317,0,0,0,0,1,12941308629.302,0,0,1,32510146.541
visual-territory-27,27,Adara,27.png,ILLUSTRATED_PLANNING_SCENE,PASS,PASS_PAGE_IMAGE_MARKERS_ONE_FACILITY_FOCUS,"[1040.7, 651.7, 187.6, 187.6]",2,3060578.137,115551759,37.7549,44999100,38699226,6299874,4810227,13117254,27071619,34808147,34650935,421138,292235,21954834,213146,420.35,8.17,767.45,4.833,5.0,0.705,0.113,0.14,1799201.544,0.0,304328.208,0.0,35003.921,922044.463,10401505.13,339902246,257718433,88216751,103939.444,77034.506,26904.938,3434723.13,44.59,872616041.9,26178481257.0,26178481257.0,5235696251.4,23560633131.3,2617848125.7,0,0.3853,3,3,IRON_ORE、LITHIUM、NATURAL_GAS,4,SF126、SF127、SF128、SF129,PROJECT-06、PROJECT-02、PROJECT-04、PROJECT-10,6,51998.292,309828.81,S1-27,UNBOUND,CANDIDATE_NOT_OPERATIONAL,False,0,0,1,82025915458.829,0,0,1,16260328362.773,0,0,1,37124372.618
visual-territory-28,28,Belm,28.png,ILLUSTRATED_PLANNING_SCENE,PASS,PASS_PAGE_IMAGE_MARKERS_ONE_FACILITY_FOCUS,"[1111.8, 689.3, 169.4, 169.4]",2,3220772.553,91118281,28.2908,37158323,31956158,5202165,4603676,11723330,20831317,28214881,27521677,350378,250561,17312474,186366,259.73,5.31,692.19,4.91,5.252,0.734,0.147,0.139,902277.543,0.0,1004406.631,0.0,23061.407,1291026.972,8320918.06,298476808,227742261,65263216,70251.546,60745.521,9506.025,2329838.48,38.35,786845526.76,23605365802.8,23605365802.8,4721073160.56,21244829222.52,2360536580.28,0,0.5411,3,3,CRUDE_OIL、IRON_ORE、NATURAL_GAS,3,H08、SF130、SF131,PROJECT-25、PROJECT-04、PROJECT-01,4,41003.226,240516.93,S1-28,UNBOUND,CANDIDATE_NOT_OPERATIONAL,False,1,41672055897.452,1,86316711467.011,0,0,1,11412955834.079,0,0,0,0
visual-territory-29,29,Corven,29.png,ILLUSTRATED_PLANNING_SCENE,PASS,PASS_PAGE_IMAGE_MARKERS_ONE_FACILITY_FOCUS,"[1215.1, 686.1, 163.8, 163.8]",2,3269778.041,99277138,30.362,38714519,33294486,5420033,4272969,11475232,22966318,30073104,29813764,365898,255558,18862656,187200,549.36,6.19,742.97,4.86,5.437,0.715,0.162,0.162,1025820.794,0.0,858213.783,56006.274,35415.732,1294321.459,11126304.81,371875590,288401691,83030143,95913.374,66184.759,29728.615,2971427.865,44.9,826621043.03,24798631290.9,24798631290.9,4959726258.18,22318768161.81,2479863129.09,0,0.3776,4,4,CRUDE_OIL、IRON_ORE、LITHIUM、NATURAL_GAS,4,P11、SF132、SF133、SF134,PROJECT-21、PROJECT-06、PROJECT-01、PROJECT-02,5,44674.712,264739.03,S1-29,UNBOUND,CANDIDATE_NOT_OPERATIONAL,False,1,31728390470.814,1,65694339199.846,0,0,1,10107883996.217,0,0,1,31220727.882
visual-territory-30,30,Delyra,30.png,ILLUSTRATED_PLANNING_SCENE,PASS,PASS_PAGE_IMAGE_MARKERS_ONE_FACILITY_FOCUS,"[1326.3, 684.3, 148.4, 148.4]",2,2714245.223,109027888,40.1688,41377289,35584469,5792820,4276260,11854232,25246797,32661112,32647728,392942,270875,20715299,196692,369.11,6.85,877.35,4.725,5.52,0.662,0.222,0.205,1215253.778,0.0,618128.066,19766.92,0.0,861096.459,10419870.81,337459392,270879004,81137141,96694.674,72685.259,24009.415,3558082.579,48.95,914866507.06,27445995211.8,27445995211.8,5489199042.36,24701395690.62,2744599521.18,0,0.2762,4,4,CRUDE_OIL、IRON_ORE、LITHIUM、NATURAL_GAS,4,SF135、SF136、SF137、SF138,PROJECT-06、PROJECT-02、PROJECT-01、PROJECT-04,5,49062.55,299038.18,S1-30,UNBOUND,CANDIDATE_NOT_OPERATIONAL,False,1,25597351823.806,1,54556748526.258,0,0,1,12720430549.438,0,0,1,27954862.939
visual-territory-31,31,Erdan,31.png,ILLUSTRATED_PLANNING_SCENE,PASS,PASS_PAGE_IMAGE_MARKERS_ONE_FACILITY_FOCUS,"[1416.1, 655.6, 177.8, 177.8]",2,2559404.349,141596517,55.324,55827005,48011224,7815781,6505230,17032475,32289300,43322818,42633552,532274,375938,26903338,277399,149.98,8.31,1049.28,4.554,5.565,0.596,0.299,0.277,1686365.375,0.0,660132.771,0.0,0.0,212906.202,9844809.34,340044315,280331625,89786273,100300.938,94397.678,5903.26,4133401.054,43.79,1291553149.46,38746594483.8,38746594483.8,7749318896.76,34871935035.42,3874659448.38,0,0.4053,3,3,CRUDE_OIL、LITHIUM、NATURAL_GAS,4,SF139、SF140、SF141、SF142,PROJECT-02、PROJECT-06、PROJECT-01、PROJECT-10,6,63718.433,402942.49,S1-31,UNBOUND,CANDIDATE_NOT_OPERATIONAL,False,1,32604005145.444,1,59724215579.211,0,0,0,0,0,0,1,43639921.837
visual-territory-32,32,Falcor,32.png,ILLUSTRATED_PLANNING_SCENE,PASS,PASS_PAGE_IMAGE_MARKERS_ONE_FACILITY_FOCUS,"[1403.9, 548.9, 431.2, 431.2]",2,2414858.745,22478946,9.3086,8417998,7239478,1178520,866987,2407453,5143558,6730122,6730197,80922,55745,4271000,40460,128.27,3.66,658.57,4.939,5.691,0.747,0.206,0.153,200963.689,0.0,1382448.978,0.0,0.0,831446.079,3796069.04,198819416,151948077,24406914,29152.942,14985.964,14166.978,770360.144,51.41,205241243.7,6157237311.0,6157237311.0,1231447462.2,5541513579.9,615723731.1,0,0.2149,3,3,IRON_ORE、LITHIUM、NATURAL_GAS,2,SF143、SF144,PROJECT-06、PROJECT-02,2,10115.526,58979.82,S1-32,UNBOUND,CANDIDATE_NOT_OPERATIONAL,False,0,0,1,64724916281.048,0,0,1,12829723116.836,0,0,1,37477104.873
visual-territory-33,33,Gysel,33.png,ILLUSTRATED_PLANNING_SCENE,PASS,PASS_PAGE_IMAGE_MARKERS_ONE_FACILITY_FOCUS,"[88.1, 82.6, 177.8, 177.8]",2,3060166.326,152590063,49.8633,56300083,48418071,7882012,5336011,15448321,35515751,45097975,45534159,534549,362171,28992112,259887,1392.24,6.31,923.56,4.677,5.967,0.645,0.218,0.184,1588354.397,0.0,195610.148,802619.32,11942.514,461639.948,18451450.15,570655817,438546230,126949918,157956.171,101726.709,56229.462,5376457.658,52.85,1240080514.3,37202415429.0,37202415429.0,7440483085.8,33482173886.1,3720241542.9,0,0.1787,4,4,COPPER、IRON_ORE、NATURAL_GAS、URANIUM,4,SF145、SF146、SF147、SF148,PROJECT-03、PROJECT-02、PROJECT-05、PROJECT-04,4,68665.528,422789.66,S1-33,UNBOUND,CANDIDATE_NOT_OPERATIONAL,False,0,0,1,60957976038.358,1,149495.857,1,19051189958.584,1,604888258.924,0,0
visual-territory-34,34,Harin,34.png,ILLUSTRATED_PLANNING_SCENE,PASS,PASS_PAGE_IMAGE_MARKERS_ONE_FACILITY_FOCUS,"[285.5, 122.5, 161, 161]",2,3332785.1,217244516,65.1841,81988087,70509755,11478332,8026634,22858279,51103174,64521685,64908815,769046,524428,41276458,378005,1630.08,7.15,904.31,4.695,5.735,0.652,0.145,0.136,2200305.3,0.0,14825.19,957872.005,10707.082,149075.523,21481722.09,677314986,514449657,167522156,204999.584,144829.677,60169.907,7114052.391,49.12,1621963185.41,48658895562.3,48658895562.3,9731779112.46,43793006006.07,4865889556.23,0,0.272,4,4,COPPER、IRON_ORE、LITHIUM、URANIUM,5,SF149、SF150、SF151、SF152、SF153,PROJECT-03、PROJECT-06、PROJECT-05、PROJECT-04、PROJECT-10,6,97760.032,599655.66,S1-34,UNBOUND,CANDIDATE_NOT_OPERATIONAL,False,0,0,0,0,1,182316.118,1,23012581902.567,1,350347584.753,1,33225906.217
visual-territory-35,35,Inovar,35.png,ILLUSTRATED_PLANNING_SCENE,PASS,PASS_PAGE_IMAGE_MARKERS_ONE_FACILITY_FOCUS,"[370.1, 89.1, 163.8, 163.8]",2,3066343.488,193994580,63.2658,71715117,61675001,10040116,6754885,19618610,45341622,57282424,57876042,678276,458992,36858970,329086,1520.9,6.74,958.88,4.645,6.0,0.631,0.213,0.176,1699543.322,0.0,186550.309,846271.269,37474.786,296503.802,20674586.71,640849524,507804240,150052447,186772.083,129329.72,57442.363,6776817.423,52.4,1526257279.4,45787718382.0,45787718382.0,9157543676.4,41208946543.8,4578771838.2,0,0.19,4,4,COPPER、IRON_ORE、LITHIUM、URANIUM,5,SF154、SF155、SF156、SF157、SF158,PROJECT-05、PROJECT-06、PROJECT-03、PROJECT-04、PROJECT-10,6,87297.561,541249.59,S1-35,UNBOUND,CANDIDATE_NOT_OPERATIONAL,False,0,0,0,0,1,75770.391,1,13224407704.251,1,231297557.64,1,40310070.658
visual-territory-36,36,Jessa,36.png,ILLUSTRATED_PLANNING_SCENE,PASS,PASS_PAGE_IMAGE_MARKERS_ONE_FACILITY_FOCUS,"[476.8, 92.3, 141.4, 141.4]",1,1941688.094,99086318,51.031,36138444,31079062,5059382,3341361,9797855,22999228,29179079,29540900,344424,232219,18826400,166069,1882.0,4.8,979.0,4.62,6.44,0.623,0.263,0.161,898159.434,0.0,126837.738,799736.644,0.0,116954.278,14925370.75,458925871,361107014,96269192,120771.125,66057.545,54713.58,3608063.126,54.62,820151582.93,24604547487.9,24604547487.9,4920909497.58,22144092739.11,2460454748.79,0,0.1345,3,3,COPPER、LITHIUM、NATURAL_GAS,4,SF159、SF160、SF161、SF162,PROJECT-05、PROJECT-06、PROJECT-02、PROJECT-10,6,44588.843,277956.42,S1-36,UNBOUND,CANDIDATE_NOT_OPERATIONAL,False,0,0,1,41757324054.72,0,0,0,0,1,451627594.282,1,33681708.11
visual-territory-37,37,Koryn,37.png,ILLUSTRATED_PLANNING_SCENE,PASS,PASS_PAGE_IMAGE_MARKERS_ONE_FACILITY_FOCUS,"[556.3, 113.3, 127.4, 127.4]",1,1351974.976,113207534,83.7349,41653353,35821884,5831469,3971647,11463003,26218703,33488399,33789795,397358,269547,21509431,193585,514.0,10.5,1271.0,4.33,5.71,0.511,0.349,0.328,1295556.892,0.0,12354.325,34180.299,0.0,9883.46,8311745.59,258981292,221210886,77059330,95423.457,75471.689,19951.768,4034716.512,53.46,951844772.89,28555343186.7,28555343186.7,5711068637.34,25699808868.03,2855534318.67,0,0.1635,3,3,CRUDE_OIL、IRON_ORE、NATURAL_GAS,4,SF163、SF164、SF165、SF166,PROJECT-04、PROJECT-01、PROJECT-02、PROJECT-10,4,50943.39,338838.25,S1-37,UNBOUND,CANDIDATE_NOT_OPERATIONAL,False,1,17453813558.678,1,35731815043.662,0,0,1,8680448508.454,0,0,0,0
visual-territory-38,38,Lydan,38.png,ILLUSTRATED_PLANNING_SCENE,PASS,PASS_PAGE_IMAGE_MARKERS_ONE_FACILITY_FOCUS,"[-3.1000000000000014, 119.4, 298.2, 298.2]",2,4306305.917,324094511,75.2604,124052722,106685341,17367381,13084687,35912852,75055183,97412249,97131715,1175777,813695,61577957,592407,927.22,11.85,1093.94,4.505,5.685,0.579,0.257,0.296,3431619.701,46122.814,4941.73,699666.611,34592.11,89362.952,24658121.39,797233665,603434334,218862392,260242.125,216063.007,44179.118,10299381.808,47.67,2707018718.32,81210561549.6,81210561549.6,16242112309.92,73089505394.64,8121056154.96,0,0.3083,3,3,CRUDE_OIL、IRON_ORE、NATURAL_GAS,7,SF167、SF168、SF169、SF170、SF171、SF172、SF173,PROJECT-04、PROJECT-01、PROJECT-02、PROJECT-10、PROJECT-11、PROJECT-25、PROJECT-31,7,145842.53,932344.66,S1-38,UNBOUND,CANDIDATE_NOT_OPERATIONAL,False,1,55717326563.32,1,115245468859.883,0,0,1,38390497959.913,0,0,0,0
visual-territory-39,39,Mirea,39.png,ILLUSTRATED_PLANNING_SCENE,PASS,PASS_PAGE_IMAGE_MARKERS_ONE_FACILITY_FOCUS,"[174.9, 110.9, 193.2, 193.2]",2,3497921.245,198788623,56.8305,74168687,63785071,10383616,7145513,20515027,46508147,58894909,59357048,700024,475819,37769838,342204,1336.92,9.7,812.22,4.784,5.799,0.687,0.165,0.227,2220072.22,0.0,44063.76,666721.745,37474.786,529588.735,18639615.53,583408633,416020318,142952888,176144.859,132525.748,43619.111,6761860.672,51.02,1551331089.64,46539932689.2,46539932689.2,9307986537.84,41885939420.28,4653993268.92,0,0.2244,3,3,IRON_ORE、LITHIUM、URANIUM,5,SF174、SF175、SF176、SF177、SF178,PROJECT-06、PROJECT-03、PROJECT-04、PROJECT-10、PROJECT-11,6,89454.88,538493.3,S1-39,UNBOUND,CANDIDATE_NOT_OPERATIONAL,False,0,0,0,0,1,222485.151,1,28044988559.928,0,0,1,44219175.722
visual-territory-40,40,Norvak,40.png,ILLUSTRATED_PLANNING_SCENE,PASS,PASS_PAGE_IMAGE_MARKERS_ONE_FACILITY_FOCUS,"[261, 226.5, 140, 140]",2,2104353.374,75857857,36.0481,30779932,26470742,4309190,3688421,9534479,17557032,23325858,22870189,287702,204203,14412993,151157,415.47,18.26,704.97,4.9,4.984,0.729,0.103,0.29,1221842.752,139192.063,0.0,0.0,0.0,743318.559,6073999.67,213660019,140611512,52905949,58366.754,50571.905,7794.849,1954857.255,38.66,597231205.98,17916936179.4,17916936179.4,3583387235.88,16125242561.46,1791693617.94,0,0.5336,3,3,CRUDE_OIL、IRON_ORE、LITHIUM,3,H01、SF179、SF180,PROJECT-25、PROJECT-01、PROJECT-06,6,34136.036,200654.72,S1-40,UNBOUND,CANDIDATE_NOT_OPERATIONAL,False,1,22119793953.151,0,0,0,0,1,7313444012.082,0,0,1,31190616.401
visual-territory-41,41,Ostra,41.png,ILLUSTRATED_PLANNING_SCENE,PASS,PASS_PAGE_IMAGE_MARKERS_ONE_FACILITY_FOCUS,"[338.3, 179.3, 162.4, 162.4]",2,2446156.368,186445203,76.2197,72731668,62549234,10182434,7996457,21514332,43220879,56434946,55979942,686077,478746,35424589,350475,271.49,11.94,1138.85,4.464,5.211,0.562,0.234,0.275,2333732.01,11530.703,0.0,0.0,0.0,100893.655,11226151.57,374772669,315764471,114621913,132526.236,124296.802,8229.434,5563242.617,44.76,1526288512.74,45788655382.2,45788655382.2,9157731076.44,41209789843.98,4578865538.22,0,0.3811,3,3,CRUDE_OIL、IRON_ORE、LITHIUM,5,SF181、SF182、SF183、SF184、SF185,PROJECT-06、PROJECT-01、PROJECT-04、PROJECT-10、PROJECT-11,8,83900.341,541333.15,S1-41,UNBOUND,CANDIDATE_NOT_OPERATIONAL,False,1,30351682159.561,0,0,0,0,1,13002831951.338,0,0,1,32186001.5
visual-territory-42,42,Pavan,42.png,ILLUSTRATED_PLANNING_SCENE,PASS,PASS_PAGE_IMAGE_MARKERS_ONE_FACILITY_FOCUS,"[434.2, 194.7, 131.6, 131.6]",1,1688836.24,153671207,90.9924,57162789,49159999,8002790,5576802,15909547,35676440,45616008,45907950,543381,370286,29197529,266773,194.0,11.3,1258.0,4.34,5.42,0.516,0.316,0.321,1688836.24,0.0,0.0,0.0,0.0,0.0,8741436.59,275178698,236653680,84537118,103610.305,102447.471,1162.834,5305139.856,51.78,1270392694.16,38111780824.8,38111780824.8,7622356164.96,34300602742.32,3811178082.48,0,0.2054,3,3,IRON_ORE、LITHIUM、NATURAL_GAS,5,SF186、SF187、SF188、SF189、SF190,PROJECT-06、PROJECT-02、PROJECT-04、PROJECT-10、PROJECT-11,7,69152.043,458889.13,S1-42,UNBOUND,CANDIDATE_NOT_OPERATIONAL,False,0,0,1,44733273817.698,0,0,1,8170586030.056,0,0,1,22634638.12
visual-territory-43,43,Qemra,43.png,ILLUSTRATED_PLANNING_SCENE,PASS,PASS_PAGE_IMAGE_MARKERS_ONE_FACILITY_FOCUS,"[492.4, 176.9, 130.2, 130.2]",1,2000577.044,157559906,78.7572,58344804,50176531,8168273,5612770,16126504,36605530,46670588,47043953,554611,376883,29936382,271003,238.0,11.2,1264.0,4.34,5.44,0.514,0.318,0.32,2000577.044,0.0,0.0,0.0,0.0,0.0,10708380.13,334971851,288075792,102809191,126805.068,105039.937,21765.131,5504933.036,52.41,1297083396.96,38912501908.8,38912501908.8,7782500381.76,35021251717.92,3891250190.88,0,0.1898,3,3,COPPER、IRON_ORE、NATURAL_GAS,5,SF191、SF192、SF193、SF194、SF195,PROJECT-02、PROJECT-05、PROJECT-04、PROJECT-10、PROJECT-11,8,70901.958,470501.47,S1-43,UNBOUND,CANDIDATE_NOT_OPERATIONAL,False,0,0,1,42572959649.956,0,0,1,9164674970.159,1,432626021.488,0,0
visual-territory-44,44,Ruvan,44.png,ILLUSTRATED_PLANNING_SCENE,PASS,PASS_PAGE_IMAGE_MARKERS_ONE_FACILITY_FOCUS,"[49.099999999999994, 245.60000000000002, 205.8, 205.8]",2,2899148.288,120112546,41.4303,46719029,40178365,6540664,5117571,13792954,27808504,36332180,36057306,441316,307681,22821384,225113,780.62,24.44,2086.44,3.516,5.651,0.197,0.492,0.574,280854.99,2278961.169,0.0,339332.129,0.0,0.0,11746193.72,997154014,835506234,109098038,126690.503,80075.03,46615.473,3623418.504,45.25,994404548.95,29832136468.5,29832136468.5,5966427293.7,26848922821.65,2983213646.85,0,0.3687,4,4,COPPER、CRUDE_OIL、IRON_ORE、NATURAL_GAS,4,P01、SF196、SF197、SF198,PROJECT-21、PROJECT-05、PROJECT-01、PROJECT-04,6,54050.646,442729.05,S1-44,UNBOUND,CANDIDATE_NOT_OPERATIONAL,False,1,28130906826.041,1,58147789471.6,0,0,1,26332895273.854,1,407428611.649,0,0
visual-territory-45,45,Selka,45.png,ILLUSTRATED_PLANNING_SCENE,PASS,PASS_PAGE_IMAGE_MARKERS_ONE_FACILITY_FOCUS,"[188, 241.5, 161, 161]",2,3178767.847,128974976,40.5739,48594607,41791362,6803245,4755331,13545239,30294037,38302416,38534618,456465,311229,24505246,224310,1049.08,19.63,838.43,4.765,5.484,0.678,0.146,0.375,882922.433,357863.617,0.0,499526.545,35415.732,1403039.52,15644377.89,492606594,320019454,112893850,138359.954,85983.317,52376.637,4249722.483,49.42,974136249.61,29224087488.3,29224087488.3,5844817497.66,26301678739.47,2922408748.83,0,0.2644,5,5,COPPER、CRUDE_OIL、IRON_ORE、LITHIUM、NATURAL_GAS,4,SF199、SF200、SF201、SF202,PROJECT-05、PROJECT-06、PROJECT-04、PROJECT-02,5,58038.739,350822.95,S1-45,UNBOUND,CANDIDATE_NOT_OPERATIONAL,False,1,5832291232.873,1,30371802138.786,0,0,1,12924110265.159,1,119598516.303,1,30422645.421
visual-territory-46,46,Tirren,46.png,ILLUSTRATED_PLANNING_SCENE,PASS,PASS_PAGE_IMAGE_MARKERS_ONE_FACILITY_FOCUS,"[278.9, 274.9, 228.2, 228.2]",2,3165178.09,171814588,54.2828,65690568,56493888,9196680,6889419,18961560,39839589,51594747,51480999,622315,430260,32644771,313048,210.5,24.55,1508.5,4.09,5.325,0.42,0.351,0.591,513528.113,1760491.326,0.0,0.0,34592.11,856566.54,19092336.14,623715993,472265537,154797354,183292.113,114543.058,68749.055,5474331.683,47.79,1426879600.95,42806388028.5,42806388028.5,8561277605.7,38525749225.65,4280638802.85,0,0.3052,6,4,COPPER、CRUDE_OIL、LITHIUM、NATURAL_GAS,5,SF203、SF204、SF205、SF206、SF207,PROJECT-02、PROJECT-06、PROJECT-05、PROJECT-01、PROJECT-06,8,77316.565,544429.6,S1-46,UNBOUND,CANDIDATE_NOT_OPERATIONAL,False,1,11426389836.06,2,72564492447.596,0,0,0,0,1,268111819.544,2,51696310.573
visual-territory-47,47,Ulyss,47.png,ILLUSTRATED_PLANNING_SCENE,PASS,PASS_PAGE_IMAGE_MARKERS_ONE_FACILITY_FOCUS,"[373.1, 242.1, 177.8, 177.8]",2,3784541.587,311448414,82.2949,118959679,102305324,16654355,12385873,34210269,72363537,93412934,93290536,1125260,776842,59175199,564653,234.99,21.5,1799.11,3.805,5.265,0.308,0.398,0.514,1501462.31,2182597.434,0.0,0.0,0.0,100481.844,27651990.51,898595716,757361144,260375104,309061.852,207632.276,101429.576,9936557.406,47.86,2543131103.54,76293933106.2,76293933106.2,15258786621.24,68664539795.58,7629393310.62,0,0.3036,2,2,CRUDE_OIL、NATURAL_GAS,7,SF208、SF209、SF210、SF211、SF212、SF213、SF214,PROJECT-01、PROJECT-02、PROJECT-10、PROJECT-11、PROJECT-25、PROJECT-31、PROJECT-34,8,140151.786,1060839.37,S1-47,UNBOUND,CANDIDATE_NOT_OPERATIONAL,False,1,51746207479.519,1,124301576235.827,0,0,0,0,0,0,0,0
visual-territory-48,48,Varos,48.png,ILLUSTRATED_PLANNING_SCENE,PASS,PASS_PAGE_IMAGE_MARKERS_ONE_FACILITY_FOCUS,"[54.5, 330, 161, 161]",1,1636536.264,6373142,3.8943,2435289,2094349,340940,261599,711689,1462001,1921589,1911597,23275,16170,1210897,11803,548.0,25.1,2230.0,3.37,5.84,0.142,0.66,0.735,17296.055,1492402.471,0.0,126837.738,0.0,0.0,727990.95,558343501,491111862,6947017,8123.166,4248.761,3874.405,205283.153,48.32,57037500.67,1711125020.1,1711125020.1,342225004.02,1540012518.09,171112502.01,0,0.2921,4,4,COPPER、CRUDE_OIL、IRON_ORE、NATURAL_GAS,2,SF215、SF216,PROJECT-05、PROJECT-02,3,2867.914,24509.18,S1-48,UNBOUND,CANDIDATE_NOT_OPERATIONAL,False,1,15876712321.414,1,30558380477.821,0,0,1,14864620147.287,1,216723157.335,0,0
visual-territory-49,49,Wrenna,49.png,ILLUSTRATED_PLANNING_SCENE,PASS,PASS_PAGE_IMAGE_MARKERS_ONE_FACILITY_FOCUS,"[171.1, 326.1, 142.8, 142.8]",2,2134827.376,139020276,65.1201,53615815,46109601,7506214,5774990,15690679,32150146,41931651,41702443,507995,353045,26413853,257759,942.0,22.15,1173.0,4.43,5.72,0.549,0.273,0.551,679899.691,501173.788,0.0,303504.586,0.0,650249.31,14009246.59,462139971,320703700,115388173,135095.076,92680.184,42414.892,4318179.433,46.59,1169883734.77,35096512043.1,35096512043.1,7019302408.62,31586860838.79,3509651204.31,0,0.3352,4,4,CRUDE_OIL、IRON_ORE、LITHIUM、URANIUM,4,SF217、SF218、SF219、SF220,PROJECT-06、PROJECT-04、PROJECT-03、PROJECT-01,5,62559.124,406704.92,S1-49,UNBOUND,CANDIDATE_NOT_OPERATIONAL,False,1,20561290949.303,0,0,1,139771.218,1,16506330563.361,0,0,1,22139375.224
visual-territory-50,50,Xyren,50.png,ILLUSTRATED_PLANNING_SCENE,PASS,PASS_PAGE_IMAGE_MARKERS_ONE_FACILITY_FOCUS,"[195.5, 388, 175, 175]",2,2115472.267,27192741,12.8542,10773968,9265612,1508356,1272728,3311484,6189756,8341585,8193106,102734,72763,5166621,53787,177.03,25.95,2259.07,3.34,5.49,0.131,0.603,0.641,61771.625,2053700.641,0.0,0.0,0.0,0.0,2463761.26,613710638,542558818,24811522,27491.469,18128.494,9362.975,781266.398,43.1,250460326.4,7513809792.0,7513809792.0,1502761958.4,6762428812.8,751380979.2,0,0.4226,3,3,COPPER、CRUDE_OIL、NATURAL_GAS,2,SF221、SF222,PROJECT-01、PROJECT-02,3,12236.733,105516.56,S1-50,UNBOUND,CANDIDATE_NOT_OPERATIONAL,False,1,19960239551.085,1,56426704913.484,0,0,0,0,1,527321659.873,0,0
visual-territory-51,51,Yara,51.png,ILLUSTRATED_PLANNING_SCENE,PASS,PASS_PAGE_IMAGE_MARKERS_ONE_FACILITY_FOCUS,"[243.9, 343.4, 207.2, 207.2]",2,2084174.644,1019797,0.4893,423128,363890,59238,55521,137868,229739,319512,308985,4005,2897,193761,2170,179.13,26.0,2300.0,3.3,5.466,0.115,0.604,0.628,8336.698,2071669.597,4168.349,0.0,0.0,0.0,315601.97,616170665,551472745,3376363,3550.522,679.865,2870.657,24545.643,36.1,9417697.73,282530931.9,282530931.9,56506186.38,254277838.71,28253093.19,0,0.5974,4,4,COPPER、CRUDE_OIL、IRON_ORE、NATURAL_GAS,2,H02、SF223,PROJECT-25、PROJECT-05,4,458.909,4005.02,S1-51,UNBOUND,CANDIDATE_NOT_OPERATIONAL,False,1,20224639507.415,1,41895907052.426,0,0,1,8304978973.556,1,244896894.172,0,0
visual-territory-52,52,Zorin,52.png,ILLUSTRATED_PLANNING_SCENE,PASS,PASS_PAGE_IMAGE_MARKERS_ONE_FACILITY_FOCUS,"[452.1, 334.6, 135.8, 135.8]",1,1607709.506,849031,0.5281,363959,313005,50954,52152,124794,187013,271542,258671,3459,2548,161316,1931,142.0,26.0,2300.0,3.3,5.63,0.115,0.685,0.713,6430.838,1598063.249,3215.419,0.0,0.0,0.0,223182.23,466272812,417314167,2604489,2510.8,566.021,1944.779,17831.915,31.5,8544660.89,256339826.7,256339826.7,51267965.34,230705844.03,25633982.67,0,0.7124,4,4,COPPER、CRUDE_OIL、IRON_ORE、NATURAL_GAS,2,P02、SF224,PROJECT-21、PROJECT-05,3,382.064,3334.38,S1-52,UNBOUND,CANDIDATE_NOT_OPERATIONAL,False,1,15601014956.392,1,32305846906.701,0,0,1,6312341922.823,1,218675349.903,0,0
visual-territory-53,53,Alera,53.png,ILLUSTRATED_PLANNING_SCENE,PASS,PASS_PAGE_IMAGE_MARKERS_ONE_FACILITY_FOCUS,"[664.3, 326.3, 197.4, 197.4]",2,3192769.415,493552369,154.5844,192648692,165677875,26970817,21521436,57467343,113659913,149837314,148303033,1827258,1279526,93774950,938864,592.43,24.31,1793.57,3.805,5.608,0.31,0.441,0.621,2840671.15,112012.548,0.0,203434.553,36651.164,0.0,26511968.66,892435445,513438886,289748785,331973.791,329034.912,2938.879,14786587.69,44.94,4250507850.05,127515235501.5,127515235501.5,25503047100.3,114763711951.35,12751523550.15,0,0.3765,3,3,COPPER、CRUDE_OIL、LITHIUM,8,SF225、SF226、SF227、SF228、SF229、SF230、SF231、SF232,PROJECT-06、PROJECT-05、PROJECT-01、PROJECT-10、PROJECT-11、PROJECT-25、PROJECT-31、PROJECT-34,9,222098.566,1681085.64,S1-53,UNBOUND,CANDIDATE_NOT_OPERATIONAL,False,1,41307986863.161,0,0,0,0,0,0,1,750909831.712,1,34228636.053
visual-territory-54,54,Brin,54.png,ILLUSTRATED_PLANNING_SCENE,PASS,PASS_PAGE_IMAGE_MARKERS_ONE_FACILITY_FOCUS,"[765.5, 368.5, 196, 196]",2,4171231.963,576254853,138.1498,224013223,192651372,31361851,24782654,66480900,132749669,174630383,173072466,2125635,1485342,109488422,1088377,247.07,24.85,1762.24,3.835,5.43,0.322,0.439,0.626,3955854.895,60536.193,0.0,0.0,13589.758,141251.117,29219413.52,977708941,543298208,320708709,369870.846,384169.902,-14299.056,17497821.965,45.55,4963369034.48,148901071034.4,148901071034.4,29780214206.88,134010963930.96,14890107103.44,0,0.3613,3,3,COPPER、LITHIUM、URANIUM,9,SF233、SF234、SF235、SF236、SF237、SF238、SF239、SF240、SF241,PROJECT-06、PROJECT-03、PROJECT-05、PROJECT-10、PROJECT-11、PROJECT-25、PROJECT-31、PROJECT-34、PROJECT-36,14,259314.684,1947520.39,S1-54,UNBOUND,CANDIDATE_NOT_OPERATIONAL,False,0,0,0,0,1,182558.824,0,0,1,662009504.622,1,45132999.696
visual-territory-55,55,Cassa,55.png,ILLUSTRATED_PLANNING_SCENE,PASS,PASS_PAGE_IMAGE_MARKERS_ONE_FACILITY_FOCUS,"[895.3, 327.8, 197.4, 197.4]",1,1561998.503,262394337,167.9863,111713228,96073376,15639852,15817476,38036120,57859632,83679669,79880612,1063747,781778,49854924,591437,129.0,25.1,1863.0,3.74,5.68,0.284,0.576,0.767,1365564.734,196433.769,0.0,0.0,0.0,0.0,9195927.56,364345218,214604905,119315369,116175.218,174929.558,-58754.34,5707601.618,32.63,2655660259.39,79669807781.7,79669807781.7,15933961556.34,71702827003.53,7966980778.17,0,0.6843,4,4,COPPER、CRUDE_OIL、LITHIUM、NATURAL_GAS,6,P05、SF242、SF243、SF244、SF245、SF246,PROJECT-21、PROJECT-05、PROJECT-02、PROJECT-01、PROJECT-06、PROJECT-10,9,118077.452,909259.52,S1-55,UNBOUND,CANDIDATE_NOT_OPERATIONAL,False,1,15157487451.639,1,31399421135.333,0,0,0,0,1,220769385.923,1,12487440.969
visual-territory-56,56,Doren,56.png,ILLUSTRATED_PLANNING_SCENE,PASS,PASS_PAGE_IMAGE_MARKERS_ONE_FACILITY_FOCUS,"[538.3, 396.8, 232.4, 232.4]",2,3703003.042,139613807,37.7029,54300255,46698219,7602036,5976229,16071006,32253020,42262437,41919608,513620,358353,26526624,262315,568.03,24.84,2169.17,3.431,5.566,0.166,0.525,0.603,283737.666,3102994.653,0.0,280443.18,35827.543,0.0,11839289.74,1230204415,1054780828,113445668,131439.241,93075.871,38363.37,4220466.549,45.34,1168597598.5,35057927955.0,35057927955.0,7011585591.0,31552135159.5,3505792795.5,0,0.3664,4,4,COPPER、CRUDE_OIL、LITHIUM、NATURAL_GAS,4,P04、SF247、SF248、SF249,PROJECT-21、PROJECT-06、PROJECT-02、PROJECT-05,6,62826.213,527393.85,S1-56,UNBOUND,CANDIDATE_NOT_OPERATIONAL,False,1,19653665137.485,1,74437982808.238,0,0,0,0,1,899201604.979,1,25985687.351
visual-territory-57,57,Everen,57.png,ILLUSTRATED_PLANNING_SCENE,PASS,PASS_PAGE_IMAGE_MARKERS_ONE_FACILITY_FOCUS,"[597.7, 525.7, 166.6, 166.6]",2,2381502.068,220429446,92.559,84882940,72999328,11883612,9178744,24891770,50812426,66534988,66135562,806738,561176,41881594,409965,184.87,16.25,1584.13,4.02,5.44,0.391,0.408,0.464,1784788.166,596713.902,0.0,0.0,0.0,0.0,14679637.18,486159197,406889068,148319663,172800.787,146952.964,25847.823,6900553.619,46.96,1901122449.53,57033673485.9,57033673485.9,11406734697.18,51330306137.31,5703367348.59,0,0.3261,3,3,IRON_ORE、LITHIUM、NATURAL_GAS,5,SF250、SF251、SF252、SF253、SF254,PROJECT-06、PROJECT-02、PROJECT-04、PROJECT-10、PROJECT-11,7,99193.251,710661.45,S1-57,UNBOUND,CANDIDATE_NOT_OPERATIONAL,False,0,0,1,62910921986.731,0,0,1,11584419402.143,0,0,1,22383159.396
visual-territory-58,58,Fenna,58.png,ILLUSTRATED_PLANNING_SCENE,PASS,PASS_PAGE_IMAGE_MARKERS_ONE_FACILITY_FOCUS,"[690.7, 431.2, 201.6, 201.6]",2,3765598.289,613431996,162.9043,237730372,204448120,33282252,26055356,70206126,141468890,185604814,184163018,2256003,1573724,116552079,1151826,1528.49,21.8,1695.91,3.905,6.118,0.348,0.414,0.577,2353087.12,212082.581,0.0,1085121.554,38298.408,77008.626,41724155.27,1391420216,874363072,423134741,489531.308,408954.664,80576.644,18802183.839,45.98,5257244866.75,157717346002.5,157717346002.5,31543469200.5,141945611402.25,15771734600.25,0,0.3506,3,2,IRON_ORE、URANIUM,9,H03、SF255、SF256、SF257、SF258、SF259、SF260、SF261、SF262,PROJECT-25、PROJECT-04、PROJECT-03、PROJECT-03、PROJECT-10、PROJECT-11、PROJECT-25、PROJECT-31、PROJECT-34,11,276044.398,2035845.39,S1-58,UNBOUND,CANDIDATE_NOT_OPERATIONAL,False,0,0,0,0,2,592071.194,1,31303896903.552,0,0,0,0
visual-territory-59,59,Garan,59.png,ILLUSTRATED_PLANNING_SCENE,PASS,PASS_PAGE_IMAGE_MARKERS_ONE_FACILITY_FOCUS,"[584.7, 594.7, 103.6, 103.6]",1,835975.998,71566237,85.608,27108506,23313315,3795191,2879737,7876648,16352121,21537283,21455441,260358,180476,13597585,131539,114.0,11.0,1300.0,4.3,5.77,0.5,0.428,0.41,835975.998,0.0,0.0,0.0,0.0,0.0,4114782.77,134994120,116094943,41211005,48462.997,47710.825,752.172,2375044.852,49.78,658862257.88,19765867736.4,19765867736.4,3953173547.28,17789280962.76,1976586773.64,0,0.2555,3,3,IRON_ORE、LITHIUM、NATURAL_GAS,3,SF263、SF264、SF265,PROJECT-06、PROJECT-02、PROJECT-04,4,32204.807,215697.31,S1-59,UNBOUND,CANDIDATE_NOT_OPERATIONAL,False,0,0,1,22406476720.129,0,0,1,4441394600.656,0,0,1,10950576.733
visual-territory-60,60,Hylos,60.png,ILLUSTRATED_PLANNING_SCENE,PASS,PASS_PAGE_IMAGE_MARKERS_ONE_FACILITY_FOCUS,"[114.4, 444.9, 221.2, 221.2]",2,3330726.046,452838123,135.9578,174131051,149752704,24378347,18741250,50939013,104450788,136574335,135836523,1654595,1149853,86039244,839486,1410.01,19.44,1804.97,3.796,6.145,0.306,0.475,0.56,929045.247,1476753.66,0.0,898159.435,26767.704,0.0,37686662.84,1257010551,1040655336,355368639,415830.662,301892.082,113938.58,14233209.541,47.15,3890112017.62,116703360528.6,116703360528.6,23340672105.72,105033024475.74,11670336052.86,0,0.3213,4,4,COPPER、CRUDE_OIL、NATURAL_GAS、URANIUM,8,SF266、SF267、SF268、SF269、SF270、SF271、SF272、SF273,PROJECT-05、PROJECT-03、PROJECT-02、PROJECT-01、PROJECT-10、PROJECT-11、PROJECT-25、PROJECT-31,10,203777.155,1546039.62,S1-60,UNBOUND,CANDIDATE_NOT_OPERATIONAL,False,1,28493126453.253,1,59363711126.882,1,202346.16,0,0,1,187062259.541,0,0
visual-territory-61,61,Ivara,61.png,ILLUSTRATED_PLANNING_SCENE,PASS,PASS_PAGE_IMAGE_MARKERS_ONE_FACILITY_FOCUS,"[183.7, 490.7, 201.6, 201.6]",2,3361200.047,461576353,137.3249,193605781,166500972,27104809,25606543,63369108,104630130,144886720,139921099,1819085,1317860,87699507,988247,1226.48,16.08,1502.76,4.098,5.701,0.422,0.295,0.349,1642713.426,979697.98,0.0,657661.906,26355.894,54770.841,25877665.86,1006361054,829542664,274016824,281159.067,307717.569,-26558.502,10485726.204,34.08,4016666656.84,120499999705.2,120499999705.2,24099999941.04,108449999734.68,12049999970.52,0,0.6481,4,4,CRUDE_OIL、IRON_ORE、NATURAL_GAS、URANIUM,8,H04、SF274、SF275、SF276、SF277、SF278、SF279、SF280,PROJECT-25、PROJECT-03、PROJECT-04、PROJECT-01、PROJECT-02、PROJECT-10、PROJECT-11、PROJECT-25,10,207709.359,1459832.53,S1-61,UNBOUND,CANDIDATE_NOT_OPERATIONAL,False,1,32358589810.35,1,67306391231.444,1,173601.668,1,20175518387.952,0,0,0,0
visual-territory-62,62,Jalen,62.png,ILLUSTRATED_PLANNING_SCENE,PASS,PASS_PAGE_IMAGE_MARKERS_ONE_FACILITY_FOCUS,"[240.3, 589.3, 211.4, 211.4]",2,2931269.534,246644605,84.1426,94725181,81463656,13261525,10289602,27843743,56591836,74509863,74016898,904237,629627,46862475,460277,1262.99,8.63,1117.53,4.482,6.217,0.57,0.325,0.291,1853560.575,0.0,209199.905,735494.154,17707.866,115307.034,19806361.04,657208837,533341844,167467073,194672.087,164429.737,30242.35,7818423.366,47.55,2198450999.55,65953529986.5,65953529986.5,13190705997.3,59358176987.85,6595352998.65,0,0.3113,3,3,CRUDE_OIL、IRON_ORE、LITHIUM,6,SF281、SF282、SF283、SF284、SF285、SF286,PROJECT-04、PROJECT-06、PROJECT-01、PROJECT-10、PROJECT-11、PROJECT-25,7,110990.072,713260.67,S1-62,UNBOUND,CANDIDATE_NOT_OPERATIONAL,False,1,37301099549.966,0,0,0,0,1,20800328847.086,0,0,1,51830752.322
visual-territory-63,63,Korra,63.png,ILLUSTRATED_PLANNING_SCENE,PASS,PASS_PAGE_IMAGE_MARKERS_ONE_FACILITY_FOCUS,"[286.9, 514.9, 200.2, 192.2]",2,2997571.079,341057685,113.778,134923623,116034316,18889307,15826684,41312228,77784711,104480274,102723289,1285094,908838,64800961,671190,543.02,11.84,1339.99,4.256,5.758,0.484,0.375,0.374,2477865.803,251204.611,11530.703,191080.228,37062.976,28826.759,17778515.81,615296265,523360716,179317625,199752.797,227371.79,-27618.993,9834999.935,43.26,3099134844.25,92974045327.5,92974045327.5,18594809065.5,83676640794.75,9297404532.75,0,0.4186,3,3,CRUDE_OIL、IRON_ORE、NATURAL_GAS,7,P06、SF287、SF288、SF289、SF290、SF291、SF292,PROJECT-21、PROJECT-02、PROJECT-01、PROJECT-04、PROJECT-10、PROJECT-11、PROJECT-25,9,153475.958,1038679.95,S1-63,UNBOUND,CANDIDATE_NOT_OPERATIONAL,False,1,38722041082.515,1,80336172115.963,0,0,1,17298323957.54,0,0,0,0
visual-territory-64,64,Lethis,64.png,ILLUSTRATED_PLANNING_SCENE,PASS,PASS_PAGE_IMAGE_MARKERS_ONE_FACILITY_FOCUS,"[596.5, 128, 273, 273]",2,3481448.812,570529072,163.8769,225622219,194035108,31587111,26231063,68751919,130639237,174486096,171762876,2142922,1512832,108400523,1115971,1247.29,15.61,1511.06,4.085,6.066,0.418,0.398,0.456,2134827.377,513528.113,10707.082,730964.235,34592.11,56829.896,30389560.34,1048561699,829983426,303526673,339366.796,380352.715,-40985.919,16413725.321,43.15,5055096262.0,151652887860.0,151652887860.0,30330577572.0,136487599074.0,15165288786.0,0,0.4212,4,4,COPPER、IRON_ORE、NATURAL_GAS、URANIUM,9,P03、SF293、SF294、SF295、SF296、SF297、SF298、SF299、SF300,PROJECT-21、PROJECT-05、PROJECT-03、PROJECT-04、PROJECT-02、PROJECT-10、PROJECT-11、PROJECT-25、PROJECT-31,10,256738.082,1810082.59,S1-64,UNBOUND,CANDIDATE_NOT_OPERATIONAL,False,0,0,1,69982667907.506,1,152391.759,1,21220747916.46,1,178084825.728,0,0
visual-territory-65,65,Marn,65.png,ILLUSTRATED_PLANNING_SCENE,PASS,PASS_PAGE_IMAGE_MARKERS_ONE_FACILITY_FOCUS,"[507.9, 225.4, 193.2, 193.2]",2,3375613.427,298971448,88.568,116684737,100348874,16335863,13022414,34789085,68873238,90749285,89831248,1106538,774713,56804575,568389,1469.18,20.59,1896.21,3.706,6.141,0.271,0.483,0.572,641189.472,1795083.436,0.0,901042.11,35003.921,3294.487,26451256.56,1370303218,1141590895,253660451,290670.642,199314.298,91356.344,8957912.889,44.94,2568970640.06,77069119201.8,77069119201.8,15413823840.36,69362207281.62,7706911920.18,0,0.3764,1,1,COPPER,6,SF301、SF302、SF303、SF304、SF305、SF306,PROJECT-05、PROJECT-10、PROJECT-11、PROJECT-25、PROJECT-31、PROJECT-34,7,134537.152,1045559.89,S1-65,UNBOUND,CANDIDATE_NOT_OPERATIONAL,False,0,0,0,0,0,0,0,0,1,2576650080.108,0,0
visual-territory-66,66,Nivor,66.png,ILLUSTRATED_PLANNING_SCENE,PASS,PASS_PAGE_IMAGE_MARKERS_ONE_FACILITY_FOCUS,"[807, 103.5, 357, 357]",2,3359140.993,456532213,135.9074,181625258,156197722,25427536,21947167,56518609,103159482,140533388,137677988,1733252,1230910,86741120,911494,135.0,22.68,1736.64,3.863,5.64,0.332,0.524,0.743,3177120.604,147428.279,0.0,0.0,34592.11,0.0,21210718.77,732849345,449677465,239053818,266884.746,304354.809,-37470.063,12994208.986,42.69,4281735573.98,128452067219.4,128452067219.4,25690413443.88,115606860497.46,12845206721.94,0,0.4326,5,4,COPPER、CRUDE_OIL、LITHIUM、NATURAL_GAS,8,P08、SF307、SF308、SF309、SF310、SF311、SF312、SF313,PROJECT-21、PROJECT-05、PROJECT-01、PROJECT-06、PROJECT-02、PROJECT-01、PROJECT-10、PROJECT-11,8,205439.496,1531489.8,S1-66,UNBOUND,CANDIDATE_NOT_OPERATIONAL,False,2,45124934413.143,1,38712328375.339,0,0,0,0,1,471783325.018,1,26220043.18
visual-territory-67,67,Orsa,67.png,ILLUSTRATED_PLANNING_SCENE,PASS,PASS_PAGE_IMAGE_MARKERS_ONE_FACILITY_FOCUS,"[363.7, 601.7, 236.60000000000002, 236.60000000000002]",2,2535107.509,230127298,90.7761,94530495,81296226,13234269,12301934,30657312,51571249,71941046,69684202,899269,648607,43724187,485040,144.98,10.65,1265.12,4.335,5.585,0.513,0.367,0.351,2416094.177,0.0,119013.332,0.0,0.0,0.0,11135818.77,405015282,346328741,121354681,128617.852,153418.199,-24800.347,5816425.829,37.91,2200435949.19,66013078475.7,66013078475.7,13202615695.14,59411770628.13,6601307847.57,0,0.5522,2,2,COPPER、CRUDE_OIL,6,P07、SF314、SF315、SF316、SF317、SF318,PROJECT-21、PROJECT-05、PROJECT-01、PROJECT-10、PROJECT-11、PROJECT-25,7,103557.284,688009.27,S1-67,UNBOUND,CANDIDATE_NOT_OPERATIONAL,False,1,38872454843.861,0,0,0,0,0,0,1,643054771.436,0,0
visual-territory-68,68,Pella,68.png,ILLUSTRATED_PLANNING_SCENE,PASS,PASS_PAGE_IMAGE_MARKERS_ONE_FACILITY_FOCUS,"[386.9, 460.9, 221.2, 221.2]",2,2340732.795,180847859,77.2612,68144069,58603899,9540170,7038911,19517541,41587617,54171049,54152506,651666,449178,34361093,326140,140.01,15.74,1617.14,3.981,5.62,0.378,0.48,0.518,1598649.668,742083.127,0.0,0.0,0.0,0.0,14748436.44,476531399,415705187,143174066,170938.103,120565.24,50372.863,6063890.814,50.3,1596133426.03,47884002780.9,47884002780.9,9576800556.18,43095602502.81,4788400278.09,0,0.2426,1,1,IRON_ORE,5,SF319、SF320、SF321、SF322、SF323,PROJECT-04、PROJECT-10、PROJECT-11、PROJECT-25、PROJECT-31,5,81381.537,588766.6,S1-68,UNBOUND,CANDIDATE_NOT_OPERATIONAL,False,0,0,0,0,0,0,1,37310485574.801,0,0,0,0
visual-territory-69,69,Quillan,69.png,ILLUSTRATED_PLANNING_SCENE,PASS,PASS_PAGE_IMAGE_MARKERS_ONE_FACILITY_FOCUS,"[79.1, 591.1, 205.8, 205.8]",1,2026932.937,151539363,74.7629,56333986,48447228,7886758,5591711,15814077,34928198,45103686,45302142,538874,368483,28792479,266103,141.0,11.0,1297.0,4.3,5.61,0.501,0.383,0.367,2017049.477,0.0,9883.46,0.0,0.0,0.0,10435677.09,331139958,284610825,100891610,122677.182,101026.242,21650.94,5271145.203,52.18,1318365347.23,39550960416.9,39550960416.9,7910192083.38,35595864375.21,3955096041.69,0,0.1956,1,1,IRON_ORE,4,SF324、SF325、SF326、SF327,PROJECT-04、PROJECT-10、PROJECT-11、PROJECT-25,4,68192.713,456732.59,S1-69,UNBOUND,CANDIDATE_NOT_OPERATIONAL,False,0,0,0,0,0,0,1,25829193057.323,0,0,0,0
visual-territory-70,70,Rhea,70.png,ILLUSTRATED_PLANNING_SCENE,PASS,PASS_PAGE_IMAGE_MARKERS_ONE_FACILITY_FOCUS,"[1062.7, 103.19999999999999, 264.6, 264.6]",1,1246551.402,87778709,70.4172,31906377,27439484,4466893,2993456,8711717,20201204,25904122,26183887,306523,207263,16677955,148522,118.0,11.7,1349.0,4.25,5.75,0.481,0.437,0.429,1185603.398,60948.004,0.0,0.0,0.0,0.0,6764262.41,209285117,180343343,63750578,79498.873,58519.139,20979.734,3245237.391,55.46,770994621.43,23129838642.9,23129838642.9,4625967728.58,20816854778.61,2312983864.29,0,0.1136,1,1,LITHIUM,3,SF328、SF329、SF330,PROJECT-06、PROJECT-10、PROJECT-11,3,39500.419,267673.43,S1-70,UNBOUND,CANDIDATE_NOT_OPERATIONAL,False,0,0,0,0,0,0,0,0,0,0,1,48420791.695
