countryId,economyIdProposal,bindingStatus,population,labourForce,scenarioEmployed,scenarioUnemployed,foodProductionTonnesDay,foodDemandTonnesDay,foodAvailableStockTonnes,foodReservedTonnes,foodInTransitTonnes,dailyIncomeGcu,treasuryCashGcu,bankDepositsGcu,bankReservesGcu,bankLoansGcu,bankEquityGcu,historicalDebtGcu,existingContracts,techLicenses,historicalPolicy,strengths,bottlenecks,developmentPaths
visual-territory-01,S1-01,UNBOUND,176666984,66075169,56824645,9250524,145239.059,117777.989,6017984.143,0,0,1486532713.2,44595981396.0,44595981396.0,8919196279.2,40136383256.4,4459598139.6,0,[],[],CLEAN_START_SCENARIO_NO_INFERRED_HISTORY,"[""可用耕地与淡水承载"",""具名资源与网络候选""]","[""设施尚未完成配方与投运核验"",""历史技术和权利不由地理推定""]","[""农业与国内集散建设"",""资源开发与跨境技术合作""]"
visual-territory-02,S1-02,UNBOUND,276124585,102010802,87729290,14281512,274335.615,184083.057,9687186.774,0,0,2228253782.57,66847613477.1,66847613477.1,13369522695.42,60162852129.39,6684761347.71,0,[],[],CLEAN_START_SCENARIO_NO_INFERRED_HISTORY,"[""可用耕地与淡水承载"",""具名资源与网络候选""]","[""设施尚未完成配方与投运核验"",""历史技术和权利不由地理推定""]","[""农业与国内集散建设"",""资源开发与跨境技术合作""]"
visual-territory-03,S1-03,UNBOUND,510403319,201563269,173344411,28218858,338873.363,340268.879,14672356.077,0,0,4323768048.11,129713041443.3,129713041443.3,25942608288.66,116741737298.97,12971304144.33,0,[],[],CLEAN_START_SCENARIO_NO_INFERRED_HISTORY,"[""可用耕地与淡水承载"",""具名资源与网络候选""]","[""设施尚未完成配方与投运核验"",""历史技术和权利不由地理推定""]","[""农业与国内集散建设"",""资源开发与跨境技术合作""]"
visual-territory-04,S1-04,UNBOUND,496361742,192936623,165925496,27011127,357860.027,330907.828,15071497.177,0,0,4258491453.93,127754743617.9,127754743617.9,25550948723.58,114979269256.11,12775474361.79,0,[],[],CLEAN_START_SCENARIO_NO_INFERRED_HISTORY,"[""可用耕地与淡水承载"",""具名资源与网络候选""]","[""设施尚未完成配方与投运核验"",""历史技术和权利不由地理推定""]","[""农业与国内集散建设"",""资源开发与跨境技术合作""]"
visual-territory-05,S1-05,UNBOUND,322591038,122685782,105509773,17176009,256125.236,215060.692,10414202.963,0,0,2608634930.12,78259047903.6,78259047903.6,15651809580.72,70433143113.24,7825904790.36,0,[],[],CLEAN_START_SCENARIO_NO_INFERRED_HISTORY,"[""可用耕地与淡水承载"",""具名资源与网络候选""]","[""设施尚未完成配方与投运核验"",""历史技术和权利不由地理推定""]","[""农业与国内集散建设"",""资源开发与跨境技术合作""]"
visual-territory-06,S1-06,UNBOUND,324546526,122902067,105695778,17206289,334809.336,216364.351,10556194.554,0,0,2499308649.26,74979259477.8,74979259477.8,14995851895.56,67481333530.02,7497925947.78,0,[],[],CLEAN_START_SCENARIO_NO_INFERRED_HISTORY,"[""可用耕地与淡水承载"",""具名资源与网络候选""]","[""设施尚未完成配方与投运核验"",""历史技术和权利不由地理推定""]","[""农业与国内集散建设"",""资源开发与跨境技术合作""]"
visual-territory-07,S1-07,UNBOUND,333976824,133406669,114729735,18676934,221652.761,222651.216,9167887.682,0,0,2729153860.12,81874615803.6,81874615803.6,16374923160.72,73687154223.24,8187461580.36,0,[],[],CLEAN_START_SCENARIO_NO_INFERRED_HISTORY,"[""可用耕地与淡水承载"",""具名资源与网络候选""]","[""设施尚未完成配方与投运核验"",""历史技术和权利不由地理推定""]","[""农业与国内集散建设"",""资源开发与跨境技术合作""]"
visual-territory-08,S1-08,UNBOUND,354009959,136743758,117599632,19144126,273735.272,236006.639,10854748.031,0,0,2786754035.82,83602621074.6,83602621074.6,16720524214.92,75242358967.14,8360262107.46,0,[],[],CLEAN_START_SCENARIO_NO_INFERRED_HISTORY,"[""可用耕地与淡水承载"",""具名资源与网络候选""]","[""设施尚未完成配方与投运核验"",""历史技术和权利不由地理推定""]","[""农业与国内集散建设"",""资源开发与跨境技术合作""]"
visual-territory-09,S1-09,UNBOUND,117946631,43954093,37800520,6153573,140309.512,78631.087,4031193.898,0,0,932702870.53,27981086115.9,27981086115.9,5596217223.18,25182977504.31,2798108611.59,0,[],[],CLEAN_START_SCENARIO_NO_INFERRED_HISTORY,"[""可用耕地与淡水承载"",""具名资源与网络候选""]","[""设施尚未完成配方与投运核验"",""历史技术和权利不由地理推定""]","[""农业与国内集散建设"",""资源开发与跨境技术合作""]"
visual-territory-10,S1-10,UNBOUND,63926125,23789108,20458633,3330475,87587.236,42617.417,2202119.978,0,0,524343062.56,15730291876.8,15730291876.8,3146058375.36,14157262689.12,1573029187.68,0,[],[],CLEAN_START_SCENARIO_NO_INFERRED_HISTORY,"[""可用耕地与淡水承载"",""具名资源与网络候选""]","[""设施尚未完成配方与投运核验"",""历史技术和权利不由地理推定""]","[""农业与国内集散建设"",""资源开发与跨境技术合作""]"
visual-territory-11,S1-11,UNBOUND,58955987,22622690,19455513,3167177,68254.155,39303.991,1850117.48,0,0,472488806.51,14174664195.3,14174664195.3,2834932839.06,12757197775.77,1417466419.53,0,[],[],CLEAN_START_SCENARIO_NO_INFERRED_HISTORY,"[""可用耕地与淡水承载"",""具名资源与网络候选""]","[""设施尚未完成配方与投运核验"",""历史技术和权利不由地理推定""]","[""农业与国内集散建设"",""资源开发与跨境技术合作""]"
visual-territory-12,S1-12,UNBOUND,105921711,41982810,36105217,5877593,104824.632,70614.474,3001228.83,0,0,884794866.4,26543845992.0,26543845992.0,5308769198.4,23889461392.8,2654384599.2,0,[],[],CLEAN_START_SCENARIO_NO_INFERRED_HISTORY,"[""可用耕地与淡水承载"",""具名资源与网络候选""]","[""设施尚未完成配方与投运核验"",""历史技术和权利不由地理推定""]","[""农业与国内集散建设"",""资源开发与跨境技术合作""]"
visual-territory-13,S1-13,UNBOUND,35431598,13874373,11931961,1942412,35059.786,23621.066,1044053.463,0,0,291048518.54,8731455556.2,8731455556.2,1746291111.24,7858310000.58,873145555.62,0,[],[],CLEAN_START_SCENARIO_NO_INFERRED_HISTORY,"[""可用耕地与淡水承载"",""具名资源与网络候选""]","[""设施尚未完成配方与投运核验"",""历史技术和权利不由地理推定""]","[""农业与国内集散建设"",""资源开发与跨境技术合作""]"
visual-territory-14,S1-14,UNBOUND,193058826,73463190,63178343,10284847,172236.064,128705.884,6178971.296,0,0,1466040691.32,43981220739.6,43981220739.6,8796244147.92,39583098665.64,4398122073.96,0,[],[],CLEAN_START_SCENARIO_NO_INFERRED_HISTORY,"[""可用耕地与淡水承载"",""具名资源与网络候选""]","[""设施尚未完成配方与投运核验"",""历史技术和权利不由地理推定""]","[""农业与国内集散建设"",""资源开发与跨境技术合作""]"
visual-territory-15,S1-15,UNBOUND,339123585,127330273,109504035,17826238,295277.581,226082.39,11327572.836,0,0,2648570124.5,79457103735.0,79457103735.0,15891420747.0,71511393361.5,7945710373.5,0,[],[],CLEAN_START_SCENARIO_NO_INFERRED_HISTORY,"[""可用耕地与淡水承载"",""具名资源与网络候选""]","[""设施尚未完成配方与投运核验"",""历史技术和权利不由地理推定""]","[""农业与国内集散建设"",""资源开发与跨境技术合作""]"
visual-territory-16,S1-16,UNBOUND,459264033,173629430,149321310,24308120,308681.011,306176.022,15231863.861,0,0,4014470862.69,120434125880.7,120434125880.7,24086825176.14,108390713292.63,12043412588.07,0,[],[],CLEAN_START_SCENARIO_NO_INFERRED_HISTORY,"[""可用耕地与淡水承载"",""具名资源与网络候选""]","[""设施尚未完成配方与投运核验"",""历史技术和权利不由地理推定""]","[""农业与国内集散建设"",""资源开发与跨境技术合作""]"
visual-territory-17,S1-17,UNBOUND,132916537,52787559,45397301,7390258,81400.343,88611.025,3775184.095,0,0,1197726071.74,35931782152.2,35931782152.2,7186356430.44,32338603936.98,3593178215.22,0,[],[],CLEAN_START_SCENARIO_NO_INFERRED_HISTORY,"[""可用耕地与淡水承载"",""具名资源与网络候选""]","[""设施尚未完成配方与投运核验"",""历史技术和权利不由地理推定""]","[""农业与国内集散建设"",""资源开发与跨境技术合作""]"
visual-territory-18,S1-18,UNBOUND,47662589,18516554,15924236,2592318,42698.058,31775.059,1436232.682,0,0,379334410.6,11380032318.0,11380032318.0,2276006463.6,10242029086.2,1138003231.8,0,[],[],CLEAN_START_SCENARIO_NO_INFERRED_HISTORY,"[""可用耕地与淡水承载"",""具名资源与网络候选""]","[""设施尚未完成配方与投运核验"",""历史技术和权利不由地理推定""]","[""农业与国内集散建设"",""资源开发与跨境技术合作""]"
visual-territory-19,S1-19,UNBOUND,106134098,41142527,35382573,5759954,100182.61,70756.065,3212042.342,0,0,824725317.54,24741759526.2,24741759526.2,4948351905.24,22267583573.58,2474175952.62,0,[],[],CLEAN_START_SCENARIO_NO_INFERRED_HISTORY,"[""可用耕地与淡水承载"",""具名资源与网络候选""]","[""设施尚未完成配方与投运核验"",""历史技术和权利不由地理推定""]","[""农业与国内集散建设"",""资源开发与跨境技术合作""]"
visual-territory-20,S1-20,UNBOUND,2146143,798664,686851,111813,4061.484,1430.762,72382.243,0,0,14237866.17,427135985.1,427135985.1,85427197.02,384422386.59,42713598.51,0,[],[],CLEAN_START_SCENARIO_NO_INFERRED_HISTORY,"[""可用耕地与淡水承载"",""具名资源与网络候选""]","[""设施尚未完成配方与投运核验"",""历史技术和权利不由地理推定""]","[""农业与国内集散建设"",""资源开发与跨境技术合作""]"
visual-territory-21,S1-21,UNBOUND,169106762,63804686,54872030,8932656,192367.217,112737.842,5522552.883,0,0,1220676240.6,36620287218.0,36620287218.0,7324057443.6,32958258496.2,3662028721.8,0,[],[],CLEAN_START_SCENARIO_NO_INFERRED_HISTORY,"[""可用耕地与淡水承载"",""具名资源与网络候选""]","[""设施尚未完成配方与投运核验"",""历史技术和权利不由地理推定""]","[""农业与国内集散建设"",""资源开发与跨境技术合作""]"
visual-territory-22,S1-22,UNBOUND,132438465,49371777,42459728,6912049,140975.429,88292.31,4526570.149,0,0,1056432000.42,31692960012.6,31692960012.6,6338592002.52,28523664011.34,3169296001.26,0,[],[],CLEAN_START_SCENARIO_NO_INFERRED_HISTORY,"[""可用耕地与淡水承载"",""具名资源与网络候选""]","[""设施尚未完成配方与投运核验"",""历史技术和权利不由地理推定""]","[""农业与国内集散建设"",""资源开发与跨境技术合作""]"
visual-territory-23,S1-23,UNBOUND,354391153,143014734,122992671,20022063,228733.574,236260.769,9369829.7,0,0,2862621310.95,85878639328.5,85878639328.5,17175727865.7,77290775395.65,8587863932.85,0,[],[],CLEAN_START_SCENARIO_NO_INFERRED_HISTORY,"[""可用耕地与淡水承载"",""具名资源与网络候选""]","[""设施尚未完成配方与投运核验"",""历史技术和权利不由地理推定""]","[""农业与国内集散建设"",""资源开发与跨境技术合作""]"
visual-territory-24,S1-24,UNBOUND,235530433,92948723,79935902,13012821,130274.285,157020.289,6845011.854,0,0,2128327352.14,63849820564.2,63849820564.2,12769964112.84,57464838507.78,6384982056.42,0,[],[],CLEAN_START_SCENARIO_NO_INFERRED_HISTORY,"[""可用耕地与淡水承载"",""具名资源与网络候选""]","[""设施尚未完成配方与投运核验"",""历史技术和权利不由地理推定""]","[""农业与国内集散建设"",""资源开发与跨境技术合作""]"
visual-territory-25,S1-25,UNBOUND,97452872,37128141,31930201,5197940,79833.632,64968.581,3172026.015,0,0,883265992.14,26497979764.2,26497979764.2,5299595952.84,23848181787.78,2649797976.42,0,[],[],CLEAN_START_SCENARIO_NO_INFERRED_HISTORY,"[""可用耕地与淡水承载"",""具名资源与网络候选""]","[""设施尚未完成配方与投运核验"",""历史技术和权利不由地理推定""]","[""农业与国内集散建设"",""资源开发与跨境技术合作""]"
visual-territory-26,S1-26,UNBOUND,53842157,20140414,17320756,2819658,66372.081,35894.772,1824775.976,0,0,434767923.42,13043037702.6,13043037702.6,2608607540.52,11738733932.34,1304303770.26,0,[],[],CLEAN_START_SCENARIO_NO_INFERRED_HISTORY,"[""可用耕地与淡水承载"",""具名资源与网络候选""]","[""设施尚未完成配方与投运核验"",""历史技术和权利不由地理推定""]","[""农业与国内集散建设"",""资源开发与跨境技术合作""]"
visual-territory-27,S1-27,UNBOUND,115551759,44999100,38699226,6299874,103939.444,77034.506,3434723.13,0,0,872616041.9,26178481257.0,26178481257.0,5235696251.4,23560633131.3,2617848125.7,0,[],[],CLEAN_START_SCENARIO_NO_INFERRED_HISTORY,"[""可用耕地与淡水承载"",""具名资源与网络候选""]","[""设施尚未完成配方与投运核验"",""历史技术和权利不由地理推定""]","[""农业与国内集散建设"",""资源开发与跨境技术合作""]"
visual-territory-28,S1-28,UNBOUND,91118281,37158323,31956158,5202165,70251.546,60745.521,2329838.48,0,0,786845526.76,23605365802.8,23605365802.8,4721073160.56,21244829222.52,2360536580.28,0,[],[],CLEAN_START_SCENARIO_NO_INFERRED_HISTORY,"[""可用耕地与淡水承载"",""具名资源与网络候选""]","[""设施尚未完成配方与投运核验"",""历史技术和权利不由地理推定""]","[""农业与国内集散建设"",""资源开发与跨境技术合作""]"
visual-territory-29,S1-29,UNBOUND,99277138,38714519,33294486,5420033,95913.374,66184.759,2971427.865,0,0,826621043.03,24798631290.9,24798631290.9,4959726258.18,22318768161.81,2479863129.09,0,[],[],CLEAN_START_SCENARIO_NO_INFERRED_HISTORY,"[""可用耕地与淡水承载"",""具名资源与网络候选""]","[""设施尚未完成配方与投运核验"",""历史技术和权利不由地理推定""]","[""农业与国内集散建设"",""资源开发与跨境技术合作""]"
visual-territory-30,S1-30,UNBOUND,109027888,41377289,35584469,5792820,96694.674,72685.259,3558082.579,0,0,914866507.06,27445995211.8,27445995211.8,5489199042.36,24701395690.62,2744599521.18,0,[],[],CLEAN_START_SCENARIO_NO_INFERRED_HISTORY,"[""可用耕地与淡水承载"",""具名资源与网络候选""]","[""设施尚未完成配方与投运核验"",""历史技术和权利不由地理推定""]","[""农业与国内集散建设"",""资源开发与跨境技术合作""]"
visual-territory-31,S1-31,UNBOUND,141596517,55827005,48011224,7815781,100300.938,94397.678,4133401.054,0,0,1291553149.46,38746594483.8,38746594483.8,7749318896.76,34871935035.42,3874659448.38,0,[],[],CLEAN_START_SCENARIO_NO_INFERRED_HISTORY,"[""可用耕地与淡水承载"",""具名资源与网络候选""]","[""设施尚未完成配方与投运核验"",""历史技术和权利不由地理推定""]","[""农业与国内集散建设"",""资源开发与跨境技术合作""]"
visual-territory-32,S1-32,UNBOUND,22478946,8417998,7239478,1178520,29152.942,14985.964,770360.144,0,0,205241243.7,6157237311.0,6157237311.0,1231447462.2,5541513579.9,615723731.1,0,[],[],CLEAN_START_SCENARIO_NO_INFERRED_HISTORY,"[""可用耕地与淡水承载"",""具名资源与网络候选""]","[""设施尚未完成配方与投运核验"",""历史技术和权利不由地理推定""]","[""农业与国内集散建设"",""资源开发与跨境技术合作""]"
visual-territory-33,S1-33,UNBOUND,152590063,56300083,48418071,7882012,157956.171,101726.709,5376457.658,0,0,1240080514.3,37202415429.0,37202415429.0,7440483085.8,33482173886.1,3720241542.9,0,[],[],CLEAN_START_SCENARIO_NO_INFERRED_HISTORY,"[""可用耕地与淡水承载"",""具名资源与网络候选""]","[""设施尚未完成配方与投运核验"",""历史技术和权利不由地理推定""]","[""农业与国内集散建设"",""资源开发与跨境技术合作""]"
visual-territory-34,S1-34,UNBOUND,217244516,81988087,70509755,11478332,204999.584,144829.677,7114052.391,0,0,1621963185.41,48658895562.3,48658895562.3,9731779112.46,43793006006.07,4865889556.23,0,[],[],CLEAN_START_SCENARIO_NO_INFERRED_HISTORY,"[""可用耕地与淡水承载"",""具名资源与网络候选""]","[""设施尚未完成配方与投运核验"",""历史技术和权利不由地理推定""]","[""农业与国内集散建设"",""资源开发与跨境技术合作""]"
visual-territory-35,S1-35,UNBOUND,193994580,71715117,61675001,10040116,186772.083,129329.72,6776817.423,0,0,1526257279.4,45787718382.0,45787718382.0,9157543676.4,41208946543.8,4578771838.2,0,[],[],CLEAN_START_SCENARIO_NO_INFERRED_HISTORY,"[""可用耕地与淡水承载"",""具名资源与网络候选""]","[""设施尚未完成配方与投运核验"",""历史技术和权利不由地理推定""]","[""农业与国内集散建设"",""资源开发与跨境技术合作""]"
visual-territory-36,S1-36,UNBOUND,99086318,36138444,31079062,5059382,120771.125,66057.545,3608063.126,0,0,820151582.93,24604547487.9,24604547487.9,4920909497.58,22144092739.11,2460454748.79,0,[],[],CLEAN_START_SCENARIO_NO_INFERRED_HISTORY,"[""可用耕地与淡水承载"",""具名资源与网络候选""]","[""设施尚未完成配方与投运核验"",""历史技术和权利不由地理推定""]","[""农业与国内集散建设"",""资源开发与跨境技术合作""]"
visual-territory-37,S1-37,UNBOUND,113207534,41653353,35821884,5831469,95423.457,75471.689,4034716.512,0,0,951844772.89,28555343186.7,28555343186.7,5711068637.34,25699808868.03,2855534318.67,0,[],[],CLEAN_START_SCENARIO_NO_INFERRED_HISTORY,"[""可用耕地与淡水承载"",""具名资源与网络候选""]","[""设施尚未完成配方与投运核验"",""历史技术和权利不由地理推定""]","[""农业与国内集散建设"",""资源开发与跨境技术合作""]"
visual-territory-38,S1-38,UNBOUND,324094511,124052722,106685341,17367381,260242.125,216063.007,10299381.808,0,0,2707018718.32,81210561549.6,81210561549.6,16242112309.92,73089505394.64,8121056154.96,0,[],[],CLEAN_START_SCENARIO_NO_INFERRED_HISTORY,"[""可用耕地与淡水承载"",""具名资源与网络候选""]","[""设施尚未完成配方与投运核验"",""历史技术和权利不由地理推定""]","[""农业与国内集散建设"",""资源开发与跨境技术合作""]"
visual-territory-39,S1-39,UNBOUND,198788623,74168687,63785071,10383616,176144.859,132525.748,6761860.672,0,0,1551331089.64,46539932689.2,46539932689.2,9307986537.84,41885939420.28,4653993268.92,0,[],[],CLEAN_START_SCENARIO_NO_INFERRED_HISTORY,"[""可用耕地与淡水承载"",""具名资源与网络候选""]","[""设施尚未完成配方与投运核验"",""历史技术和权利不由地理推定""]","[""农业与国内集散建设"",""资源开发与跨境技术合作""]"
visual-territory-40,S1-40,UNBOUND,75857857,30779932,26470742,4309190,58366.754,50571.905,1954857.255,0,0,597231205.98,17916936179.4,17916936179.4,3583387235.88,16125242561.46,1791693617.94,0,[],[],CLEAN_START_SCENARIO_NO_INFERRED_HISTORY,"[""可用耕地与淡水承载"",""具名资源与网络候选""]","[""设施尚未完成配方与投运核验"",""历史技术和权利不由地理推定""]","[""农业与国内集散建设"",""资源开发与跨境技术合作""]"
visual-territory-41,S1-41,UNBOUND,186445203,72731668,62549234,10182434,132526.236,124296.802,5563242.617,0,0,1526288512.74,45788655382.2,45788655382.2,9157731076.44,41209789843.98,4578865538.22,0,[],[],CLEAN_START_SCENARIO_NO_INFERRED_HISTORY,"[""可用耕地与淡水承载"",""具名资源与网络候选""]","[""设施尚未完成配方与投运核验"",""历史技术和权利不由地理推定""]","[""农业与国内集散建设"",""资源开发与跨境技术合作""]"
visual-territory-42,S1-42,UNBOUND,153671207,57162789,49159999,8002790,103610.305,102447.471,5305139.856,0,0,1270392694.16,38111780824.8,38111780824.8,7622356164.96,34300602742.32,3811178082.48,0,[],[],CLEAN_START_SCENARIO_NO_INFERRED_HISTORY,"[""可用耕地与淡水承载"",""具名资源与网络候选""]","[""设施尚未完成配方与投运核验"",""历史技术和权利不由地理推定""]","[""农业与国内集散建设"",""资源开发与跨境技术合作""]"
visual-territory-43,S1-43,UNBOUND,157559906,58344804,50176531,8168273,126805.068,105039.937,5504933.036,0,0,1297083396.96,38912501908.8,38912501908.8,7782500381.76,35021251717.92,3891250190.88,0,[],[],CLEAN_START_SCENARIO_NO_INFERRED_HISTORY,"[""可用耕地与淡水承载"",""具名资源与网络候选""]","[""设施尚未完成配方与投运核验"",""历史技术和权利不由地理推定""]","[""农业与国内集散建设"",""资源开发与跨境技术合作""]"
visual-territory-44,S1-44,UNBOUND,120112546,46719029,40178365,6540664,126690.503,80075.03,3623418.504,0,0,994404548.95,29832136468.5,29832136468.5,5966427293.7,26848922821.65,2983213646.85,0,[],[],CLEAN_START_SCENARIO_NO_INFERRED_HISTORY,"[""可用耕地与淡水承载"",""具名资源与网络候选""]","[""设施尚未完成配方与投运核验"",""历史技术和权利不由地理推定""]","[""农业与国内集散建设"",""资源开发与跨境技术合作""]"
visual-territory-45,S1-45,UNBOUND,128974976,48594607,41791362,6803245,138359.954,85983.317,4249722.483,0,0,974136249.61,29224087488.3,29224087488.3,5844817497.66,26301678739.47,2922408748.83,0,[],[],CLEAN_START_SCENARIO_NO_INFERRED_HISTORY,"[""可用耕地与淡水承载"",""具名资源与网络候选""]","[""设施尚未完成配方与投运核验"",""历史技术和权利不由地理推定""]","[""农业与国内集散建设"",""资源开发与跨境技术合作""]"
visual-territory-46,S1-46,UNBOUND,171814588,65690568,56493888,9196680,183292.113,114543.058,5474331.683,0,0,1426879600.95,42806388028.5,42806388028.5,8561277605.7,38525749225.65,4280638802.85,0,[],[],CLEAN_START_SCENARIO_NO_INFERRED_HISTORY,"[""可用耕地与淡水承载"",""具名资源与网络候选""]","[""设施尚未完成配方与投运核验"",""历史技术和权利不由地理推定""]","[""农业与国内集散建设"",""资源开发与跨境技术合作""]"
visual-territory-47,S1-47,UNBOUND,311448414,118959679,102305324,16654355,309061.852,207632.276,9936557.406,0,0,2543131103.54,76293933106.2,76293933106.2,15258786621.24,68664539795.58,7629393310.62,0,[],[],CLEAN_START_SCENARIO_NO_INFERRED_HISTORY,"[""可用耕地与淡水承载"",""具名资源与网络候选""]","[""设施尚未完成配方与投运核验"",""历史技术和权利不由地理推定""]","[""农业与国内集散建设"",""资源开发与跨境技术合作""]"
visual-territory-48,S1-48,UNBOUND,6373142,2435289,2094349,340940,8123.166,4248.761,205283.153,0,0,57037500.67,1711125020.1,1711125020.1,342225004.02,1540012518.09,171112502.01,0,[],[],CLEAN_START_SCENARIO_NO_INFERRED_HISTORY,"[""可用耕地与淡水承载"",""具名资源与网络候选""]","[""设施尚未完成配方与投运核验"",""历史技术和权利不由地理推定""]","[""农业与国内集散建设"",""资源开发与跨境技术合作""]"
visual-territory-49,S1-49,UNBOUND,139020276,53615815,46109601,7506214,135095.076,92680.184,4318179.433,0,0,1169883734.77,35096512043.1,35096512043.1,7019302408.62,31586860838.79,3509651204.31,0,[],[],CLEAN_START_SCENARIO_NO_INFERRED_HISTORY,"[""可用耕地与淡水承载"",""具名资源与网络候选""]","[""设施尚未完成配方与投运核验"",""历史技术和权利不由地理推定""]","[""农业与国内集散建设"",""资源开发与跨境技术合作""]"
visual-territory-50,S1-50,UNBOUND,27192741,10773968,9265612,1508356,27491.469,18128.494,781266.398,0,0,250460326.4,7513809792.0,7513809792.0,1502761958.4,6762428812.8,751380979.2,0,[],[],CLEAN_START_SCENARIO_NO_INFERRED_HISTORY,"[""可用耕地与淡水承载"",""具名资源与网络候选""]","[""设施尚未完成配方与投运核验"",""历史技术和权利不由地理推定""]","[""农业与国内集散建设"",""资源开发与跨境技术合作""]"
visual-territory-51,S1-51,UNBOUND,1019797,423128,363890,59238,3550.522,679.865,24545.643,0,0,9417697.73,282530931.9,282530931.9,56506186.38,254277838.71,28253093.19,0,[],[],CLEAN_START_SCENARIO_NO_INFERRED_HISTORY,"[""可用耕地与淡水承载"",""具名资源与网络候选""]","[""设施尚未完成配方与投运核验"",""历史技术和权利不由地理推定""]","[""农业与国内集散建设"",""资源开发与跨境技术合作""]"
visual-territory-52,S1-52,UNBOUND,849031,363959,313005,50954,2510.8,566.021,17831.915,0,0,8544660.89,256339826.7,256339826.7,51267965.34,230705844.03,25633982.67,0,[],[],CLEAN_START_SCENARIO_NO_INFERRED_HISTORY,"[""可用耕地与淡水承载"",""具名资源与网络候选""]","[""设施尚未完成配方与投运核验"",""历史技术和权利不由地理推定""]","[""农业与国内集散建设"",""资源开发与跨境技术合作""]"
visual-territory-53,S1-53,UNBOUND,493552369,192648692,165677875,26970817,331973.791,329034.912,14786587.69,0,0,4250507850.05,127515235501.5,127515235501.5,25503047100.3,114763711951.35,12751523550.15,0,[],[],CLEAN_START_SCENARIO_NO_INFERRED_HISTORY,"[""可用耕地与淡水承载"",""具名资源与网络候选""]","[""设施尚未完成配方与投运核验"",""历史技术和权利不由地理推定""]","[""农业与国内集散建设"",""资源开发与跨境技术合作""]"
visual-territory-54,S1-54,UNBOUND,576254853,224013223,192651372,31361851,369870.846,384169.902,17497821.965,0,0,4963369034.48,148901071034.4,148901071034.4,29780214206.88,134010963930.96,14890107103.44,0,[],[],CLEAN_START_SCENARIO_NO_INFERRED_HISTORY,"[""可用耕地与淡水承载"",""具名资源与网络候选""]","[""设施尚未完成配方与投运核验"",""历史技术和权利不由地理推定""]","[""农业与国内集散建设"",""资源开发与跨境技术合作""]"
visual-territory-55,S1-55,UNBOUND,262394337,111713228,96073376,15639852,116175.218,174929.558,5707601.618,0,0,2655660259.39,79669807781.7,79669807781.7,15933961556.34,71702827003.53,7966980778.17,0,[],[],CLEAN_START_SCENARIO_NO_INFERRED_HISTORY,"[""可用耕地与淡水承载"",""具名资源与网络候选""]","[""设施尚未完成配方与投运核验"",""历史技术和权利不由地理推定""]","[""农业与国内集散建设"",""资源开发与跨境技术合作""]"
visual-territory-56,S1-56,UNBOUND,139613807,54300255,46698219,7602036,131439.241,93075.871,4220466.549,0,0,1168597598.5,35057927955.0,35057927955.0,7011585591.0,31552135159.5,3505792795.5,0,[],[],CLEAN_START_SCENARIO_NO_INFERRED_HISTORY,"[""可用耕地与淡水承载"",""具名资源与网络候选""]","[""设施尚未完成配方与投运核验"",""历史技术和权利不由地理推定""]","[""农业与国内集散建设"",""资源开发与跨境技术合作""]"
visual-territory-57,S1-57,UNBOUND,220429446,84882940,72999328,11883612,172800.787,146952.964,6900553.619,0,0,1901122449.53,57033673485.9,57033673485.9,11406734697.18,51330306137.31,5703367348.59,0,[],[],CLEAN_START_SCENARIO_NO_INFERRED_HISTORY,"[""可用耕地与淡水承载"",""具名资源与网络候选""]","[""设施尚未完成配方与投运核验"",""历史技术和权利不由地理推定""]","[""农业与国内集散建设"",""资源开发与跨境技术合作""]"
visual-territory-58,S1-58,UNBOUND,613431996,237730372,204448120,33282252,489531.308,408954.664,18802183.839,0,0,5257244866.75,157717346002.5,157717346002.5,31543469200.5,141945611402.25,15771734600.25,0,[],[],CLEAN_START_SCENARIO_NO_INFERRED_HISTORY,"[""可用耕地与淡水承载"",""具名资源与网络候选""]","[""设施尚未完成配方与投运核验"",""历史技术和权利不由地理推定""]","[""农业与国内集散建设"",""资源开发与跨境技术合作""]"
visual-territory-59,S1-59,UNBOUND,71566237,27108506,23313315,3795191,48462.997,47710.825,2375044.852,0,0,658862257.88,19765867736.4,19765867736.4,3953173547.28,17789280962.76,1976586773.64,0,[],[],CLEAN_START_SCENARIO_NO_INFERRED_HISTORY,"[""可用耕地与淡水承载"",""具名资源与网络候选""]","[""设施尚未完成配方与投运核验"",""历史技术和权利不由地理推定""]","[""农业与国内集散建设"",""资源开发与跨境技术合作""]"
visual-territory-60,S1-60,UNBOUND,452838123,174131051,149752704,24378347,415830.662,301892.082,14233209.541,0,0,3890112017.62,116703360528.6,116703360528.6,23340672105.72,105033024475.74,11670336052.86,0,[],[],CLEAN_START_SCENARIO_NO_INFERRED_HISTORY,"[""可用耕地与淡水承载"",""具名资源与网络候选""]","[""设施尚未完成配方与投运核验"",""历史技术和权利不由地理推定""]","[""农业与国内集散建设"",""资源开发与跨境技术合作""]"
visual-territory-61,S1-61,UNBOUND,461576353,193605781,166500972,27104809,281159.067,307717.569,10485726.204,0,0,4016666656.84,120499999705.2,120499999705.2,24099999941.04,108449999734.68,12049999970.52,0,[],[],CLEAN_START_SCENARIO_NO_INFERRED_HISTORY,"[""可用耕地与淡水承载"",""具名资源与网络候选""]","[""设施尚未完成配方与投运核验"",""历史技术和权利不由地理推定""]","[""农业与国内集散建设"",""资源开发与跨境技术合作""]"
visual-territory-62,S1-62,UNBOUND,246644605,94725181,81463656,13261525,194672.087,164429.737,7818423.366,0,0,2198450999.55,65953529986.5,65953529986.5,13190705997.3,59358176987.85,6595352998.65,0,[],[],CLEAN_START_SCENARIO_NO_INFERRED_HISTORY,"[""可用耕地与淡水承载"",""具名资源与网络候选""]","[""设施尚未完成配方与投运核验"",""历史技术和权利不由地理推定""]","[""农业与国内集散建设"",""资源开发与跨境技术合作""]"
visual-territory-63,S1-63,UNBOUND,341057685,134923623,116034316,18889307,199752.797,227371.79,9834999.935,0,0,3099134844.25,92974045327.5,92974045327.5,18594809065.5,83676640794.75,9297404532.75,0,[],[],CLEAN_START_SCENARIO_NO_INFERRED_HISTORY,"[""可用耕地与淡水承载"",""具名资源与网络候选""]","[""设施尚未完成配方与投运核验"",""历史技术和权利不由地理推定""]","[""农业与国内集散建设"",""资源开发与跨境技术合作""]"
visual-territory-64,S1-64,UNBOUND,570529072,225622219,194035108,31587111,339366.796,380352.715,16413725.321,0,0,5055096262.0,151652887860.0,151652887860.0,30330577572.0,136487599074.0,15165288786.0,0,[],[],CLEAN_START_SCENARIO_NO_INFERRED_HISTORY,"[""可用耕地与淡水承载"",""具名资源与网络候选""]","[""设施尚未完成配方与投运核验"",""历史技术和权利不由地理推定""]","[""农业与国内集散建设"",""资源开发与跨境技术合作""]"
visual-territory-65,S1-65,UNBOUND,298971448,116684737,100348874,16335863,290670.642,199314.298,8957912.889,0,0,2568970640.06,77069119201.8,77069119201.8,15413823840.36,69362207281.62,7706911920.18,0,[],[],CLEAN_START_SCENARIO_NO_INFERRED_HISTORY,"[""可用耕地与淡水承载"",""具名资源与网络候选""]","[""设施尚未完成配方与投运核验"",""历史技术和权利不由地理推定""]","[""农业与国内集散建设"",""资源开发与跨境技术合作""]"
visual-territory-66,S1-66,UNBOUND,456532213,181625258,156197722,25427536,266884.746,304354.809,12994208.986,0,0,4281735573.98,128452067219.4,128452067219.4,25690413443.88,115606860497.46,12845206721.94,0,[],[],CLEAN_START_SCENARIO_NO_INFERRED_HISTORY,"[""可用耕地与淡水承载"",""具名资源与网络候选""]","[""设施尚未完成配方与投运核验"",""历史技术和权利不由地理推定""]","[""农业与国内集散建设"",""资源开发与跨境技术合作""]"
visual-territory-67,S1-67,UNBOUND,230127298,94530495,81296226,13234269,128617.852,153418.199,5816425.829,0,0,2200435949.19,66013078475.7,66013078475.7,13202615695.14,59411770628.13,6601307847.57,0,[],[],CLEAN_START_SCENARIO_NO_INFERRED_HISTORY,"[""可用耕地与淡水承载"",""具名资源与网络候选""]","[""设施尚未完成配方与投运核验"",""历史技术和权利不由地理推定""]","[""农业与国内集散建设"",""资源开发与跨境技术合作""]"
visual-territory-68,S1-68,UNBOUND,180847859,68144069,58603899,9540170,170938.103,120565.24,6063890.814,0,0,1596133426.03,47884002780.9,47884002780.9,9576800556.18,43095602502.81,4788400278.09,0,[],[],CLEAN_START_SCENARIO_NO_INFERRED_HISTORY,"[""可用耕地与淡水承载"",""具名资源与网络候选""]","[""设施尚未完成配方与投运核验"",""历史技术和权利不由地理推定""]","[""农业与国内集散建设"",""资源开发与跨境技术合作""]"
visual-territory-69,S1-69,UNBOUND,151539363,56333986,48447228,7886758,122677.182,101026.242,5271145.203,0,0,1318365347.23,39550960416.9,39550960416.9,7910192083.38,35595864375.21,3955096041.69,0,[],[],CLEAN_START_SCENARIO_NO_INFERRED_HISTORY,"[""可用耕地与淡水承载"",""具名资源与网络候选""]","[""设施尚未完成配方与投运核验"",""历史技术和权利不由地理推定""]","[""农业与国内集散建设"",""资源开发与跨境技术合作""]"
visual-territory-70,S1-70,UNBOUND,87778709,31906377,27439484,4466893,79498.873,58519.139,3245237.391,0,0,770994621.43,23129838642.9,23129838642.9,4625967728.58,20816854778.61,2312983864.29,0,[],[],CLEAN_START_SCENARIO_NO_INFERRED_HISTORY,"[""可用耕地与淡水承载"",""具名资源与网络候选""]","[""设施尚未完成配方与投运核验"",""历史技术和权利不由地理推定""]","[""农业与国内集散建设"",""资源开发与跨境技术合作""]"
