id,countryId,scenarioDemandMW,solarCapacityFactor,windCapacityFactor,suggestedGenerationMW,transferCapacityMW,lossFraction,crossBorderConnections,status
GRID-visual-territory-01,visual-territory-01,79500.143,0.1646,0.1195,579646.61,91425.164,0.06,[],CANDIDATE_NOT_ENERGIZED
GRID-visual-territory-02,visual-territory-02,124256.063,0.1642,0.1314,908267.67,142894.473,0.06,[],CANDIDATE_NOT_ENERGIZED
GRID-visual-territory-03,visual-territory-03,229681.494,0.1632,0.1252,1689006.71,264133.718,0.06,[],CANDIDATE_NOT_ENERGIZED
GRID-visual-territory-04,visual-territory-04,223362.784,0.1646,0.1176,1628351.85,256867.201,0.06,[],CANDIDATE_NOT_ENERGIZED
GRID-visual-territory-05,visual-territory-05,145165.967,0.1598,0.0998,1090409.99,166940.862,0.06,[],CANDIDATE_NOT_ENERGIZED
GRID-visual-territory-06,visual-territory-06,146045.937,0.1516,0.1109,1155899.24,167952.827,0.06,[],CANDIDATE_NOT_ENERGIZED
GRID-visual-territory-07,visual-territory-07,150289.571,0.1583,0.0856,1139036.75,172833.006,0.06,[],CANDIDATE_NOT_ENERGIZED
GRID-visual-territory-08,visual-territory-08,159304.482,0.1606,0.0842,1190637.91,183200.154,0.06,[],CANDIDATE_NOT_ENERGIZED
GRID-visual-territory-09,visual-territory-09,53075.984,0.1814,0.0807,351025.55,61037.382,0.06,[],CANDIDATE_NOT_ENERGIZED
GRID-visual-territory-10,visual-territory-10,28766.756,0.1539,0.0905,224353.26,33081.77,0.06,[],CANDIDATE_NOT_ENERGIZED
GRID-visual-territory-11,visual-territory-11,26530.194,0.1904,0.0814,167192.47,30509.723,0.06,[],CANDIDATE_NOT_ENERGIZED
GRID-visual-territory-12,visual-territory-12,47664.77,0.1817,0.0817,314836.95,54814.485,0.06,[],CANDIDATE_NOT_ENERGIZED
GRID-visual-territory-13,visual-territory-13,15944.219,0.2156,0.0748,88724.05,18335.852,0.06,[],CANDIDATE_NOT_ENERGIZED
GRID-visual-territory-14,visual-territory-14,86876.472,0.1788,0.0724,583168.38,99907.942,0.06,[],CANDIDATE_NOT_ENERGIZED
GRID-visual-territory-15,visual-territory-15,152605.613,0.168,0.0783,1090174.24,175496.455,0.06,[],CANDIDATE_NOT_ENERGIZED
GRID-visual-territory-16,visual-territory-16,206668.815,0.1588,0.0999,1562155.58,237669.137,0.06,[],CANDIDATE_NOT_ENERGIZED
GRID-visual-territory-17,visual-territory-17,59812.442,0.1938,0.1005,370451.25,68784.308,0.06,[],CANDIDATE_NOT_ENERGIZED
GRID-visual-territory-18,visual-territory-18,21448.165,0.2071,0.0795,124287.15,24665.39,0.06,[],CANDIDATE_NOT_ENERGIZED
GRID-visual-territory-19,visual-territory-19,47760.344,0.2013,0.1213,284782.18,54924.396,0.06,[],CANDIDATE_NOT_ENERGIZED
GRID-visual-territory-20,visual-territory-20,965.764,0.2154,0.0968,5379.26,1110.629,0.06,[],CANDIDATE_NOT_ENERGIZED
GRID-visual-territory-21,visual-territory-21,76098.043,0.2029,0.1016,450084.23,87512.749,0.06,[],CANDIDATE_NOT_ENERGIZED
GRID-visual-territory-22,visual-territory-22,59597.309,0.1883,0.1346,379735.07,68536.906,0.06,[],CANDIDATE_NOT_ENERGIZED
GRID-visual-territory-23,visual-territory-23,159476.019,0.1894,0.0763,1010535.27,183397.422,0.06,[],CANDIDATE_NOT_ENERGIZED
GRID-visual-territory-24,visual-territory-24,105988.695,0.1767,0.0978,719987.92,121886.999,0.06,[],CANDIDATE_NOT_ENERGIZED
GRID-visual-territory-25,visual-territory-25,43853.792,0.1888,0.106,278805.57,50431.861,0.06,[],CANDIDATE_NOT_ENERGIZED
GRID-visual-territory-26,visual-territory-26,24228.971,0.2021,0.0863,143860.23,27863.316,0.06,[],CANDIDATE_NOT_ENERGIZED
GRID-visual-territory-27,visual-territory-27,51998.292,0.2014,0.0723,309828.81,59798.035,0.06,[],CANDIDATE_NOT_ENERGIZED
GRID-visual-territory-28,visual-territory-28,41003.226,0.2046,0.0838,240516.93,47153.71,0.06,[],CANDIDATE_NOT_ENERGIZED
GRID-visual-territory-29,visual-territory-29,44674.712,0.2025,0.093,264739.03,51375.919,0.06,[],CANDIDATE_NOT_ENERGIZED
GRID-visual-territory-30,visual-territory-30,49062.55,0.1969,0.0973,299038.18,56421.932,0.06,[],CANDIDATE_NOT_ENERGIZED
GRID-visual-territory-31,visual-territory-31,63718.433,0.1898,0.0997,402942.49,73276.198,0.06,[],CANDIDATE_NOT_ENERGIZED
GRID-visual-territory-32,visual-territory-32,10115.526,0.2058,0.1067,58979.82,11632.855,0.06,[],CANDIDATE_NOT_ENERGIZED
GRID-visual-territory-33,visual-territory-33,68665.528,0.1949,0.1229,422789.66,78965.358,0.06,[],CANDIDATE_NOT_ENERGIZED
GRID-visual-territory-34,visual-territory-34,97760.032,0.1956,0.1092,599655.66,112424.037,0.06,[],CANDIDATE_NOT_ENERGIZED
GRID-visual-territory-35,visual-territory-35,87297.561,0.1935,0.125,541249.59,100392.195,0.06,[],CANDIDATE_NOT_ENERGIZED
GRID-visual-territory-36,visual-territory-36,44588.843,0.1925,0.1546,277956.42,51277.17,0.06,[],CANDIDATE_NOT_ENERGIZED
GRID-visual-territory-37,visual-territory-37,50943.39,0.1804,0.1077,338838.25,58584.899,0.06,[],CANDIDATE_NOT_ENERGIZED
GRID-visual-territory-38,visual-territory-38,145842.53,0.1877,0.1063,932344.66,167718.909,0.06,[],CANDIDATE_NOT_ENERGIZED
GRID-visual-territory-39,visual-territory-39,89454.88,0.1993,0.1129,538493.3,102873.112,0.06,[],CANDIDATE_NOT_ENERGIZED
GRID-visual-territory-40,visual-territory-40,34136.036,0.2041,0.0717,200654.72,39256.441,0.06,[],CANDIDATE_NOT_ENERGIZED
GRID-visual-territory-41,visual-territory-41,83900.341,0.186,0.0819,541333.15,96485.393,0.06,[],CANDIDATE_NOT_ENERGIZED
GRID-visual-territory-42,visual-territory-42,69152.043,0.1808,0.0921,458889.13,79524.85,0.06,[],CANDIDATE_NOT_ENERGIZED
GRID-visual-territory-43,visual-territory-43,70901.958,0.1808,0.0932,470501.47,81537.251,0.06,[],CANDIDATE_NOT_ENERGIZED
GRID-visual-territory-44,visual-territory-44,54050.646,0.1465,0.1044,442729.05,62158.243,0.06,[],CANDIDATE_NOT_ENERGIZED
GRID-visual-territory-45,visual-territory-45,58038.739,0.1985,0.0955,350822.95,66744.55,0.06,[],CANDIDATE_NOT_ENERGIZED
GRID-visual-territory-46,visual-territory-46,77316.565,0.1704,0.0874,544429.6,88914.049,0.06,[],CANDIDATE_NOT_ENERGIZED
GRID-visual-territory-47,visual-territory-47,140151.786,0.1585,0.0845,1060839.37,161174.554,0.06,[],CANDIDATE_NOT_ENERGIZED
GRID-visual-territory-48,visual-territory-48,2867.914,0.1404,0.1153,24509.18,3298.101,0.06,[],CANDIDATE_NOT_ENERGIZED
GRID-visual-territory-49,visual-territory-49,62559.124,0.1846,0.1083,406704.92,71942.993,0.06,[],CANDIDATE_NOT_ENERGIZED
GRID-visual-territory-50,visual-territory-50,12236.733,0.1392,0.0957,105516.56,14072.243,0.06,[],CANDIDATE_NOT_ENERGIZED
GRID-visual-territory-51,visual-territory-51,458.909,0.1375,0.0945,4005.02,527.745,0.06,[],CANDIDATE_NOT_ENERGIZED
GRID-visual-territory-52,visual-territory-52,382.064,0.1375,0.1033,3334.38,439.374,0.06,[],CANDIDATE_NOT_ENERGIZED
GRID-visual-territory-53,visual-territory-53,222098.566,0.1585,0.1021,1681085.64,255413.351,0.06,[],CANDIDATE_NOT_ENERGIZED
GRID-visual-territory-54,visual-territory-54,259314.684,0.1598,0.0926,1947520.39,298211.886,0.06,[],CANDIDATE_NOT_ENERGIZED
GRID-visual-territory-55,visual-territory-55,118077.452,0.1558,0.106,909259.52,135789.069,0.06,[],CANDIDATE_NOT_ENERGIZED
GRID-visual-territory-56,visual-territory-56,62826.213,0.143,0.0998,527393.85,72250.145,0.06,[],CANDIDATE_NOT_ENERGIZED
GRID-visual-territory-57,visual-territory-57,99193.251,0.1675,0.0932,710661.45,114072.238,0.06,[],CANDIDATE_NOT_ENERGIZED
GRID-visual-territory-58,visual-territory-58,276044.398,0.1627,0.1325,2035845.39,317451.058,0.06,[],CANDIDATE_NOT_ENERGIZED
GRID-visual-territory-59,visual-territory-59,32204.807,0.1792,0.1112,215697.31,37035.528,0.06,[],CANDIDATE_NOT_ENERGIZED
GRID-visual-territory-60,visual-territory-60,203777.155,0.1582,0.1343,1546039.62,234343.729,0.06,[],CANDIDATE_NOT_ENERGIZED
GRID-visual-territory-61,visual-territory-61,207709.359,0.1707,0.1072,1459832.53,238865.763,0.06,[],CANDIDATE_NOT_ENERGIZED
GRID-visual-territory-62,visual-territory-62,110990.072,0.1867,0.139,713260.67,127638.583,0.06,[],CANDIDATE_NOT_ENERGIZED
GRID-visual-territory-63,visual-territory-63,153475.958,0.1773,0.1105,1038679.95,176497.352,0.06,[],CANDIDATE_NOT_ENERGIZED
GRID-visual-territory-64,visual-territory-64,256738.082,0.1702,0.1292,1810082.59,295248.795,0.06,[],CANDIDATE_NOT_ENERGIZED
GRID-visual-territory-65,visual-territory-65,134537.152,0.1544,0.134,1045559.89,154717.724,0.06,[],CANDIDATE_NOT_ENERGIZED
GRID-visual-territory-66,visual-territory-66,205439.496,0.161,0.1038,1531489.8,236255.42,0.06,[],CANDIDATE_NOT_ENERGIZED
GRID-visual-territory-67,visual-territory-67,103557.284,0.1806,0.1008,688009.27,119090.877,0.06,[],CANDIDATE_NOT_ENERGIZED
GRID-visual-territory-68,visual-territory-68,81381.537,0.1659,0.1027,588766.6,93588.767,0.06,[],CANDIDATE_NOT_ENERGIZED
GRID-visual-territory-69,visual-territory-69,68192.713,0.1792,0.1022,456732.59,78421.62,0.06,[],CANDIDATE_NOT_ENERGIZED
GRID-visual-territory-70,visual-territory-70,39500.419,0.1771,0.11,267673.43,45425.482,0.06,[],CANDIDATE_NOT_ENERGIZED
