objectId,field,reason,transferredKm2,from,to,before,after
visual-territory-44-E1,landUseKm2,湿润热带农业不再被2200毫米硬阈值归零；12%森林转为候选农业用地，上限明确且面积守恒。,150360.37256,forest,croplandPotential,,
visual-territory-48-E1,landUseKm2,湿润热带农业不再被2200毫米硬阈值归零；12%森林转为候选农业用地，上限明确且面积守恒。,179088.29651999997,forest,croplandPotential,,
visual-territory-50-E1,landUseKm2,湿润热带农业不再被2200毫米硬阈值归零；12%森林转为候选农业用地，上限明确且面积守恒。,64934.33320000001,forest,croplandPotential,,
visual-territory-50-E2,landUseKm2,湿润热带农业不再被2200毫米硬阈值归零；12%森林转为候选农业用地，上限明确且面积守恒。,127150.71383999998,forest,croplandPotential,,
visual-territory-51-E1,landUseKm2,湿润热带农业不再被2200毫米硬阈值归零；12%森林转为候选农业用地，上限明确且面积守恒。,123938.58936,forest,croplandPotential,,
visual-territory-51-E2,landUseKm2,湿润热带农业不再被2200毫米硬阈值归零；12%森林转为候选农业用地，上限明确且面积守恒。,126162.36792,forest,croplandPotential,,
visual-territory-52-E1,landUseKm2,湿润热带农业不再被2200毫米硬阈值归零；12%森林转为候选农业用地，上限明确且面积守恒。,192925.14072,forest,croplandPotential,,
visual-territory-56-E1,landUseKm2,湿润热带农业不再被2200毫米硬阈值归零；12%森林转为候选农业用地，上限明确且面积守恒。,167228.1444,forest,croplandPotential,,
visual-territory-01-E1,population,连续人文地理权重重分配；世界总人口守恒,,,,176666984,105506849
visual-territory-02-E1,population,连续人文地理权重重分配；世界总人口守恒,,,,276124585,137301649
visual-territory-03-E1,population,连续人文地理权重重分配；世界总人口守恒,,,,234670145,119877899
visual-territory-03-E2,population,连续人文地理权重重分配；世界总人口守恒,,,,275733174,140159542
visual-territory-04-E1,population,连续人文地理权重重分配；世界总人口守恒,,,,276319021,142792861
visual-territory-04-E2,population,连续人文地理权重重分配；世界总人口守恒,,,,220042721,132956170
visual-territory-05-E1,population,连续人文地理权重重分配；世界总人口守恒,,,,163135753,99853195
visual-territory-05-E2,population,连续人文地理权重重分配；世界总人口守恒,,,,159455285,98964717
visual-territory-06-E1,population,连续人文地理权重重分配；世界总人口守恒,,,,26250367,146412542
visual-territory-06-E2,population,连续人文地理权重重分配；世界总人口守恒,,,,298296159,154647876
visual-territory-07-E1,population,连续人文地理权重重分配；世界总人口守恒,,,,170218980,107873104
visual-territory-07-E2,population,连续人文地理权重重分配；世界总人口守恒,,,,163757844,109057087
visual-territory-08-E1,population,连续人文地理权重重分配；世界总人口守恒,,,,173777247,118701172
visual-territory-08-E2,population,连续人文地理权重重分配；世界总人口守恒,,,,180232712,115889144
visual-territory-09-E1,population,连续人文地理权重重分配；世界总人口守恒,,,,85754496,108027260
visual-territory-09-E2,population,连续人文地理权重重分配；世界总人口守恒,,,,32192135,95886758
visual-territory-10-E1,population,连续人文地理权重重分配；世界总人口守恒,,,,31506781,109158663
visual-territory-10-E2,population,连续人文地理权重重分配；世界总人口守恒,,,,32419344,108700695
visual-territory-11-E1,population,连续人文地理权重重分配；世界总人口守恒,,,,58955987,139077036
visual-territory-12-E1,population,连续人文地理权重重分配；世界总人口守恒,,,,61848785,152695868
visual-territory-12-E2,population,连续人文地理权重重分配；世界总人口守恒,,,,44072926,130198033
visual-territory-13-E1,population,连续人文地理权重重分配；世界总人口守恒,,,,35430889,117472143
visual-territory-13-E2,population,连续人文地理权重重分配；世界总人口守恒,,,,709,94797370
visual-territory-14-E1,population,连续人文地理权重重分配；世界总人口守恒,,,,31186330,90428102
visual-territory-14-E2,population,连续人文地理权重重分配；世界总人口守恒,,,,161872496,113547205
visual-territory-15-E1,population,连续人文地理权重重分配；世界总人口守恒,,,,111688662,130942291
visual-territory-15-E2,population,连续人文地理权重重分配；世界总人口守恒,,,,227434923,139393846
visual-territory-16-E1,population,连续人文地理权重重分配；世界总人口守恒,,,,227801460,135764571
visual-territory-16-E2,population,连续人文地理权重重分配；世界总人口守恒,,,,231462573,134820304
visual-territory-17-E1,population,连续人文地理权重重分配；世界总人口守恒,,,,132916537,142121388
visual-territory-18-E1,population,连续人文地理权重重分配；世界总人口守恒,,,,47662589,114529212
visual-territory-19-E1,population,连续人文地理权重重分配；世界总人口守恒,,,,106134098,122802272
visual-territory-20-E1,population,连续人文地理权重重分配；世界总人口守恒,,,,381996,95680443
visual-territory-20-E2,population,连续人文地理权重重分配；世界总人口守恒,,,,1764147,92214652
visual-territory-21-E1,population,连续人文地理权重重分配；世界总人口守恒,,,,68331499,130812591
visual-territory-21-E2,population,连续人文地理权重重分配；世界总人口守恒,,,,100775263,131760762
visual-territory-22-E1,population,连续人文地理权重重分配；世界总人口守恒,,,,132438465,112204643
visual-territory-23-E1,population,连续人文地理权重重分配；世界总人口守恒,,,,148269816,155556202
visual-territory-23-E2,population,连续人文地理权重重分配；世界总人口守恒,,,,206121337,194678265
visual-territory-24-E1,population,连续人文地理权重重分配；世界总人口守恒,,,,114237166,111421856
visual-territory-24-E2,population,连续人文地理权重重分配；世界总人口守恒,,,,121293267,106132630
visual-territory-25-E1,population,连续人文地理权重重分配；世界总人口守恒,,,,97452872,121894971
visual-territory-26-E1,population,连续人文地理权重重分配；世界总人口守恒,,,,27044362,74792715
visual-territory-26-E2,population,连续人文地理权重重分配；世界总人口守恒,,,,26797795,75685474
visual-territory-27-E1,population,连续人文地理权重重分配；世界总人口守恒,,,,37482602,91535782
visual-territory-27-E2,population,连续人文地理权重重分配；世界总人口守恒,,,,78069157,116977227
visual-territory-28-E1,population,连续人文地理权重重分配；世界总人口守恒,,,,43203604,107865826
visual-territory-28-E2,population,连续人文地理权重重分配；世界总人口守恒,,,,47914677,110257236
visual-territory-29-E1,population,连续人文地理权重重分配；世界总人口守恒,,,,46209585,97490619
visual-territory-29-E2,population,连续人文地理权重重分配；世界总人口守恒,,,,53067553,105104946
visual-territory-30-E1,population,连续人文地理权重重分配；世界总人口守恒,,,,68709690,95594132
visual-territory-30-E2,population,连续人文地理权重重分配；世界总人口守恒,,,,40318198,85883856
visual-territory-31-E1,population,连续人文地理权重重分配；世界总人口守恒,,,,64329620,96881120
visual-territory-31-E2,population,连续人文地理权重重分配；世界总人口守恒,,,,77266897,101333472
visual-territory-32-E1,population,连续人文地理权重重分配；世界总人口守恒,,,,2353384,64372312
visual-territory-32-E2,population,连续人文地理权重重分配；世界总人口守恒,,,,20125562,67181409
visual-territory-33-E1,population,连续人文地理权重重分配；世界总人口守恒,,,,106254418,97931229
visual-territory-33-E2,population,连续人文地理权重重分配；世界总人口守恒,,,,46335645,74647482
visual-territory-34-E1,population,连续人文地理权重重分配；世界总人口守恒,,,,115148859,104427042
visual-territory-34-E2,population,连续人文地理权重重分配；世界总人口守恒,,,,102095657,100913593
visual-territory-35-E1,population,连续人文地理权重重分配；世界总人口守恒,,,,117408467,99566637
visual-territory-35-E2,population,连续人文地理权重重分配；世界总人口守恒,,,,76586113,86418108
visual-territory-36-E1,population,连续人文地理权重重分配；世界总人口守恒,,,,99086318,93559138
visual-territory-37-E1,population,连续人文地理权重重分配；世界总人口守恒,,,,113207534,95690285
visual-territory-38-E1,population,连续人文地理权重重分配；世界总人口守恒,,,,192686613,155857037
visual-territory-38-E2,population,连续人文地理权重重分配；世界总人口守恒,,,,131407898,131609338
visual-territory-39-E1,population,连续人文地理权重重分配；世界总人口守恒,,,,89657054,110681021
visual-territory-39-E2,population,连续人文地理权重重分配；世界总人口守恒,,,,109131569,109795598
visual-territory-40-E1,population,连续人文地理权重重分配；世界总人口守恒,,,,45236073,90707498
visual-territory-40-E2,population,连续人文地理权重重分配；世界总人口守恒,,,,30621784,103362390
visual-territory-41-E1,population,连续人文地理权重重分配；世界总人口守恒,,,,87059284,107613514
visual-territory-41-E2,population,连续人文地理权重重分配；世界总人口守恒,,,,99385919,101704185
visual-territory-42-E1,population,连续人文地理权重重分配；世界总人口守恒,,,,153671207,129656173
visual-territory-43-E1,population,连续人文地理权重重分配；世界总人口守恒,,,,157559906,133083165
visual-territory-44-E1,population,连续人文地理权重重分配；世界总人口守恒,,,,12149294,145518542
visual-territory-44-E2,population,连续人文地理权重重分配；世界总人口守恒,,,,107963252,125621281
visual-territory-45-E1,population,连续人文地理权重重分配；世界总人口守恒,,,,74114972,109400861
visual-territory-45-E2,population,连续人文地理权重重分配；世界总人口守恒,,,,54860004,120957713
visual-territory-46-E1,population,连续人文地理权重重分配；世界总人口守恒,,,,75235355,129833316
visual-territory-46-E2,population,连续人文地理权重重分配；世界总人口守恒,,,,96579233,129998425
visual-territory-47-E1,population,连续人文地理权重重分配；世界总人口守恒,,,,145038719,158351878
visual-territory-47-E2,population,连续人文地理权重重分配；世界总人口守恒,,,,166409695,156006342
visual-territory-48-E1,population,连续人文地理权重重分配；世界总人口守恒,,,,6373142,127598958
visual-territory-49-E1,population,连续人文地理权重重分配；世界总人口守恒,,,,91183568,93842876
visual-territory-49-E2,population,连续人文地理权重重分配；世界总人口守恒,,,,47836708,96538017
visual-territory-50-E1,population,连续人文地理权重重分配；世界总人口守恒,,,,27192127,101448946
visual-territory-50-E2,population,连续人文地理权重重分配；世界总人口守恒,,,,614,98491805
visual-territory-51-E1,population,连续人文地理权重重分配；世界总人口守恒,,,,894,117381204
visual-territory-51-E2,population,连续人文地理权重重分配；世界总人口守恒,,,,655,100003970
visual-territory-52-E1,population,连续人文地理权重重分配；世界总人口守恒,,,,900,161966472
visual-territory-53-E1,population,连续人文地理权重重分配；世界总人口守恒,,,,260218838,135517908
visual-territory-53-E2,population,连续人文地理权重重分配；世界总人口守恒,,,,233333531,142004686
visual-territory-54-E1,population,连续人文地理权重重分配；世界总人口守恒,,,,305638125,178770566
visual-territory-54-E2,population,连续人文地理权重重分配；世界总人口守恒,,,,270616728,158823056
visual-territory-55-E1,population,连续人文地理权重重分配；世界总人口守恒,,,,262394337,158398842
visual-territory-56-E1,population,连续人文地理权重重分配；世界总人口守恒,,,,28839567,170434331
visual-territory-56-E2,population,连续人文地理权重重分配；世界总人口守恒,,,,110774240,156465541
visual-territory-57-E1,population,连续人文地理权重重分配；世界总人口守恒,,,,106779070,114234694
visual-territory-57-E2,population,连续人文地理权重重分配；世界总人口守恒,,,,113650376,106863823
visual-territory-58-E1,population,连续人文地理权重重分配；世界总人口守恒,,,,277168197,154098388
visual-territory-58-E2,population,连续人文地理权重重分配；世界总人口守恒,,,,336263799,149762037
visual-territory-59-E1,population,连续人文地理权重重分配；世界总人口守恒,,,,71566237,73362124
visual-territory-60-E1,population,连续人文地理权重重分配；世界总人口守恒,,,,191671351,130458172
visual-territory-60-E2,population,连续人文地理权重重分配；世界总人口守恒,,,,261166772,151532757
visual-territory-61-E1,population,连续人文地理权重重分配；世界总人口守恒,,,,216047227,155861131
visual-territory-61-E2,population,连续人文地理权重重分配；世界总人口守恒,,,,245529126,184588249
visual-territory-62-E1,population,连续人文地理权重重分配；世界总人口守恒,,,,143661321,106772796
visual-territory-62-E2,population,连续人文地理权重重分配；世界总人口守恒,,,,102983284,97862502
visual-territory-63-E1,population,连续人文地理权重重分配；世界总人口守恒,,,,179658235,134886945
visual-territory-63-E2,population,连续人文地理权重重分配；世界总人口守恒,,,,161399450,133944321
visual-territory-64-E1,population,连续人文地理权重重分配；世界总人口守恒,,,,316535880,175314812
visual-territory-64-E2,population,连续人文地理权重重分配；世界总人口守恒,,,,253993192,154774455
visual-territory-65-E1,population,连续人文地理权重重分配；世界总人口守恒,,,,93120107,135319760
visual-territory-65-E2,population,连续人文地理权重重分配；世界总人口守恒,,,,205851341,158023022
visual-territory-66-E1,population,连续人文地理权重重分配；世界总人口守恒,,,,177198306,120628465
visual-territory-66-E2,population,连续人文地理权重重分配；世界总人口守恒,,,,279333907,168501290
visual-territory-67-E1,population,连续人文地理权重重分配；世界总人口守恒,,,,95049742,100079238
visual-territory-67-E2,population,连续人文地理权重重分配；世界总人口守恒,,,,135077556,130207050
visual-territory-68-E1,population,连续人文地理权重重分配；世界总人口守恒,,,,88056397,100957743
visual-territory-68-E2,population,连续人文地理权重重分配；世界总人口守恒,,,,92791462,96981723
visual-territory-69-E1,population,连续人文地理权重重分配；世界总人口守恒,,,,151539363,133510774
visual-territory-70-E1,population,连续人文地理权重重分配；世界总人口守恒,,,,87778709,89351229
