id,countryId,economyId,role,realTeamBinding,bindingMode
GOV-01,visual-territory-01,SCENARIO-ECONOMY-01,GOV,,UNASSIGNED_TEAM_WITH_CANDIDATE_NPC_ADMINISTRATION
OP-01,visual-territory-01,SCENARIO-ECONOMY-01,OP,,UNASSIGNED_TEAM_WITH_CANDIDATE_NPC_ADMINISTRATION
HOUSEHOLDS-01,visual-territory-01,SCENARIO-ECONOMY-01,HOUSEHOLDS,,UNASSIGNED_TEAM_WITH_CANDIDATE_NPC_ADMINISTRATION
BANK-01,visual-territory-01,SCENARIO-ECONOMY-01,BANK,,UNASSIGNED_TEAM_WITH_CANDIDATE_NPC_ADMINISTRATION
CENTRAL-BANK-01,visual-territory-01,SCENARIO-ECONOMY-01,CENTRAL-BANK,,UNASSIGNED_TEAM_WITH_CANDIDATE_NPC_ADMINISTRATION
GOV-02,visual-territory-02,SCENARIO-ECONOMY-02,GOV,,UNASSIGNED_TEAM_WITH_CANDIDATE_NPC_ADMINISTRATION
OP-02,visual-territory-02,SCENARIO-ECONOMY-02,OP,,UNASSIGNED_TEAM_WITH_CANDIDATE_NPC_ADMINISTRATION
HOUSEHOLDS-02,visual-territory-02,SCENARIO-ECONOMY-02,HOUSEHOLDS,,UNASSIGNED_TEAM_WITH_CANDIDATE_NPC_ADMINISTRATION
BANK-02,visual-territory-02,SCENARIO-ECONOMY-02,BANK,,UNASSIGNED_TEAM_WITH_CANDIDATE_NPC_ADMINISTRATION
CENTRAL-BANK-02,visual-territory-02,SCENARIO-ECONOMY-02,CENTRAL-BANK,,UNASSIGNED_TEAM_WITH_CANDIDATE_NPC_ADMINISTRATION
GOV-03,visual-territory-03,SCENARIO-ECONOMY-03,GOV,,UNASSIGNED_TEAM_WITH_CANDIDATE_NPC_ADMINISTRATION
OP-03,visual-territory-03,SCENARIO-ECONOMY-03,OP,,UNASSIGNED_TEAM_WITH_CANDIDATE_NPC_ADMINISTRATION
HOUSEHOLDS-03,visual-territory-03,SCENARIO-ECONOMY-03,HOUSEHOLDS,,UNASSIGNED_TEAM_WITH_CANDIDATE_NPC_ADMINISTRATION
BANK-03,visual-territory-03,SCENARIO-ECONOMY-03,BANK,,UNASSIGNED_TEAM_WITH_CANDIDATE_NPC_ADMINISTRATION
CENTRAL-BANK-03,visual-territory-03,SCENARIO-ECONOMY-03,CENTRAL-BANK,,UNASSIGNED_TEAM_WITH_CANDIDATE_NPC_ADMINISTRATION
GOV-04,visual-territory-04,SCENARIO-ECONOMY-04,GOV,,UNASSIGNED_TEAM_WITH_CANDIDATE_NPC_ADMINISTRATION
OP-04,visual-territory-04,SCENARIO-ECONOMY-04,OP,,UNASSIGNED_TEAM_WITH_CANDIDATE_NPC_ADMINISTRATION
HOUSEHOLDS-04,visual-territory-04,SCENARIO-ECONOMY-04,HOUSEHOLDS,,UNASSIGNED_TEAM_WITH_CANDIDATE_NPC_ADMINISTRATION
BANK-04,visual-territory-04,SCENARIO-ECONOMY-04,BANK,,UNASSIGNED_TEAM_WITH_CANDIDATE_NPC_ADMINISTRATION
CENTRAL-BANK-04,visual-territory-04,SCENARIO-ECONOMY-04,CENTRAL-BANK,,UNASSIGNED_TEAM_WITH_CANDIDATE_NPC_ADMINISTRATION
GOV-05,visual-territory-05,SCENARIO-ECONOMY-05,GOV,,UNASSIGNED_TEAM_WITH_CANDIDATE_NPC_ADMINISTRATION
OP-05,visual-territory-05,SCENARIO-ECONOMY-05,OP,,UNASSIGNED_TEAM_WITH_CANDIDATE_NPC_ADMINISTRATION
HOUSEHOLDS-05,visual-territory-05,SCENARIO-ECONOMY-05,HOUSEHOLDS,,UNASSIGNED_TEAM_WITH_CANDIDATE_NPC_ADMINISTRATION
BANK-05,visual-territory-05,SCENARIO-ECONOMY-05,BANK,,UNASSIGNED_TEAM_WITH_CANDIDATE_NPC_ADMINISTRATION
CENTRAL-BANK-05,visual-territory-05,SCENARIO-ECONOMY-05,CENTRAL-BANK,,UNASSIGNED_TEAM_WITH_CANDIDATE_NPC_ADMINISTRATION
GOV-06,visual-territory-06,SCENARIO-ECONOMY-06,GOV,,UNASSIGNED_TEAM_WITH_CANDIDATE_NPC_ADMINISTRATION
OP-06,visual-territory-06,SCENARIO-ECONOMY-06,OP,,UNASSIGNED_TEAM_WITH_CANDIDATE_NPC_ADMINISTRATION
HOUSEHOLDS-06,visual-territory-06,SCENARIO-ECONOMY-06,HOUSEHOLDS,,UNASSIGNED_TEAM_WITH_CANDIDATE_NPC_ADMINISTRATION
BANK-06,visual-territory-06,SCENARIO-ECONOMY-06,BANK,,UNASSIGNED_TEAM_WITH_CANDIDATE_NPC_ADMINISTRATION
CENTRAL-BANK-06,visual-territory-06,SCENARIO-ECONOMY-06,CENTRAL-BANK,,UNASSIGNED_TEAM_WITH_CANDIDATE_NPC_ADMINISTRATION
GOV-07,visual-territory-07,SCENARIO-ECONOMY-07,GOV,,UNASSIGNED_TEAM_WITH_CANDIDATE_NPC_ADMINISTRATION
OP-07,visual-territory-07,SCENARIO-ECONOMY-07,OP,,UNASSIGNED_TEAM_WITH_CANDIDATE_NPC_ADMINISTRATION
HOUSEHOLDS-07,visual-territory-07,SCENARIO-ECONOMY-07,HOUSEHOLDS,,UNASSIGNED_TEAM_WITH_CANDIDATE_NPC_ADMINISTRATION
BANK-07,visual-territory-07,SCENARIO-ECONOMY-07,BANK,,UNASSIGNED_TEAM_WITH_CANDIDATE_NPC_ADMINISTRATION
CENTRAL-BANK-07,visual-territory-07,SCENARIO-ECONOMY-07,CENTRAL-BANK,,UNASSIGNED_TEAM_WITH_CANDIDATE_NPC_ADMINISTRATION
GOV-08,visual-territory-08,SCENARIO-ECONOMY-08,GOV,,UNASSIGNED_TEAM_WITH_CANDIDATE_NPC_ADMINISTRATION
OP-08,visual-territory-08,SCENARIO-ECONOMY-08,OP,,UNASSIGNED_TEAM_WITH_CANDIDATE_NPC_ADMINISTRATION
HOUSEHOLDS-08,visual-territory-08,SCENARIO-ECONOMY-08,HOUSEHOLDS,,UNASSIGNED_TEAM_WITH_CANDIDATE_NPC_ADMINISTRATION
BANK-08,visual-territory-08,SCENARIO-ECONOMY-08,BANK,,UNASSIGNED_TEAM_WITH_CANDIDATE_NPC_ADMINISTRATION
CENTRAL-BANK-08,visual-territory-08,SCENARIO-ECONOMY-08,CENTRAL-BANK,,UNASSIGNED_TEAM_WITH_CANDIDATE_NPC_ADMINISTRATION
GOV-09,visual-territory-09,SCENARIO-ECONOMY-09,GOV,,UNASSIGNED_TEAM_WITH_CANDIDATE_NPC_ADMINISTRATION
OP-09,visual-territory-09,SCENARIO-ECONOMY-09,OP,,UNASSIGNED_TEAM_WITH_CANDIDATE_NPC_ADMINISTRATION
HOUSEHOLDS-09,visual-territory-09,SCENARIO-ECONOMY-09,HOUSEHOLDS,,UNASSIGNED_TEAM_WITH_CANDIDATE_NPC_ADMINISTRATION
BANK-09,visual-territory-09,SCENARIO-ECONOMY-09,BANK,,UNASSIGNED_TEAM_WITH_CANDIDATE_NPC_ADMINISTRATION
CENTRAL-BANK-09,visual-territory-09,SCENARIO-ECONOMY-09,CENTRAL-BANK,,UNASSIGNED_TEAM_WITH_CANDIDATE_NPC_ADMINISTRATION
GOV-10,visual-territory-10,SCENARIO-ECONOMY-10,GOV,,UNASSIGNED_TEAM_WITH_CANDIDATE_NPC_ADMINISTRATION
OP-10,visual-territory-10,SCENARIO-ECONOMY-10,OP,,UNASSIGNED_TEAM_WITH_CANDIDATE_NPC_ADMINISTRATION
HOUSEHOLDS-10,visual-territory-10,SCENARIO-ECONOMY-10,HOUSEHOLDS,,UNASSIGNED_TEAM_WITH_CANDIDATE_NPC_ADMINISTRATION
BANK-10,visual-territory-10,SCENARIO-ECONOMY-10,BANK,,UNASSIGNED_TEAM_WITH_CANDIDATE_NPC_ADMINISTRATION
CENTRAL-BANK-10,visual-territory-10,SCENARIO-ECONOMY-10,CENTRAL-BANK,,UNASSIGNED_TEAM_WITH_CANDIDATE_NPC_ADMINISTRATION
GOV-11,visual-territory-11,SCENARIO-ECONOMY-11,GOV,,UNASSIGNED_TEAM_WITH_CANDIDATE_NPC_ADMINISTRATION
OP-11,visual-territory-11,SCENARIO-ECONOMY-11,OP,,UNASSIGNED_TEAM_WITH_CANDIDATE_NPC_ADMINISTRATION
HOUSEHOLDS-11,visual-territory-11,SCENARIO-ECONOMY-11,HOUSEHOLDS,,UNASSIGNED_TEAM_WITH_CANDIDATE_NPC_ADMINISTRATION
BANK-11,visual-territory-11,SCENARIO-ECONOMY-11,BANK,,UNASSIGNED_TEAM_WITH_CANDIDATE_NPC_ADMINISTRATION
CENTRAL-BANK-11,visual-territory-11,SCENARIO-ECONOMY-11,CENTRAL-BANK,,UNASSIGNED_TEAM_WITH_CANDIDATE_NPC_ADMINISTRATION
GOV-12,visual-territory-12,SCENARIO-ECONOMY-12,GOV,,UNASSIGNED_TEAM_WITH_CANDIDATE_NPC_ADMINISTRATION
OP-12,visual-territory-12,SCENARIO-ECONOMY-12,OP,,UNASSIGNED_TEAM_WITH_CANDIDATE_NPC_ADMINISTRATION
HOUSEHOLDS-12,visual-territory-12,SCENARIO-ECONOMY-12,HOUSEHOLDS,,UNASSIGNED_TEAM_WITH_CANDIDATE_NPC_ADMINISTRATION
BANK-12,visual-territory-12,SCENARIO-ECONOMY-12,BANK,,UNASSIGNED_TEAM_WITH_CANDIDATE_NPC_ADMINISTRATION
CENTRAL-BANK-12,visual-territory-12,SCENARIO-ECONOMY-12,CENTRAL-BANK,,UNASSIGNED_TEAM_WITH_CANDIDATE_NPC_ADMINISTRATION
GOV-13,visual-territory-13,SCENARIO-ECONOMY-13,GOV,,UNASSIGNED_TEAM_WITH_CANDIDATE_NPC_ADMINISTRATION
OP-13,visual-territory-13,SCENARIO-ECONOMY-13,OP,,UNASSIGNED_TEAM_WITH_CANDIDATE_NPC_ADMINISTRATION
HOUSEHOLDS-13,visual-territory-13,SCENARIO-ECONOMY-13,HOUSEHOLDS,,UNASSIGNED_TEAM_WITH_CANDIDATE_NPC_ADMINISTRATION
BANK-13,visual-territory-13,SCENARIO-ECONOMY-13,BANK,,UNASSIGNED_TEAM_WITH_CANDIDATE_NPC_ADMINISTRATION
CENTRAL-BANK-13,visual-territory-13,SCENARIO-ECONOMY-13,CENTRAL-BANK,,UNASSIGNED_TEAM_WITH_CANDIDATE_NPC_ADMINISTRATION
GOV-14,visual-territory-14,SCENARIO-ECONOMY-14,GOV,,UNASSIGNED_TEAM_WITH_CANDIDATE_NPC_ADMINISTRATION
OP-14,visual-territory-14,SCENARIO-ECONOMY-14,OP,,UNASSIGNED_TEAM_WITH_CANDIDATE_NPC_ADMINISTRATION
HOUSEHOLDS-14,visual-territory-14,SCENARIO-ECONOMY-14,HOUSEHOLDS,,UNASSIGNED_TEAM_WITH_CANDIDATE_NPC_ADMINISTRATION
BANK-14,visual-territory-14,SCENARIO-ECONOMY-14,BANK,,UNASSIGNED_TEAM_WITH_CANDIDATE_NPC_ADMINISTRATION
CENTRAL-BANK-14,visual-territory-14,SCENARIO-ECONOMY-14,CENTRAL-BANK,,UNASSIGNED_TEAM_WITH_CANDIDATE_NPC_ADMINISTRATION
GOV-15,visual-territory-15,SCENARIO-ECONOMY-15,GOV,,UNASSIGNED_TEAM_WITH_CANDIDATE_NPC_ADMINISTRATION
OP-15,visual-territory-15,SCENARIO-ECONOMY-15,OP,,UNASSIGNED_TEAM_WITH_CANDIDATE_NPC_ADMINISTRATION
HOUSEHOLDS-15,visual-territory-15,SCENARIO-ECONOMY-15,HOUSEHOLDS,,UNASSIGNED_TEAM_WITH_CANDIDATE_NPC_ADMINISTRATION
BANK-15,visual-territory-15,SCENARIO-ECONOMY-15,BANK,,UNASSIGNED_TEAM_WITH_CANDIDATE_NPC_ADMINISTRATION
CENTRAL-BANK-15,visual-territory-15,SCENARIO-ECONOMY-15,CENTRAL-BANK,,UNASSIGNED_TEAM_WITH_CANDIDATE_NPC_ADMINISTRATION
GOV-16,visual-territory-16,SCENARIO-ECONOMY-16,GOV,,UNASSIGNED_TEAM_WITH_CANDIDATE_NPC_ADMINISTRATION
OP-16,visual-territory-16,SCENARIO-ECONOMY-16,OP,,UNASSIGNED_TEAM_WITH_CANDIDATE_NPC_ADMINISTRATION
HOUSEHOLDS-16,visual-territory-16,SCENARIO-ECONOMY-16,HOUSEHOLDS,,UNASSIGNED_TEAM_WITH_CANDIDATE_NPC_ADMINISTRATION
BANK-16,visual-territory-16,SCENARIO-ECONOMY-16,BANK,,UNASSIGNED_TEAM_WITH_CANDIDATE_NPC_ADMINISTRATION
CENTRAL-BANK-16,visual-territory-16,SCENARIO-ECONOMY-16,CENTRAL-BANK,,UNASSIGNED_TEAM_WITH_CANDIDATE_NPC_ADMINISTRATION
GOV-17,visual-territory-17,SCENARIO-ECONOMY-17,GOV,,UNASSIGNED_TEAM_WITH_CANDIDATE_NPC_ADMINISTRATION
OP-17,visual-territory-17,SCENARIO-ECONOMY-17,OP,,UNASSIGNED_TEAM_WITH_CANDIDATE_NPC_ADMINISTRATION
HOUSEHOLDS-17,visual-territory-17,SCENARIO-ECONOMY-17,HOUSEHOLDS,,UNASSIGNED_TEAM_WITH_CANDIDATE_NPC_ADMINISTRATION
BANK-17,visual-territory-17,SCENARIO-ECONOMY-17,BANK,,UNASSIGNED_TEAM_WITH_CANDIDATE_NPC_ADMINISTRATION
CENTRAL-BANK-17,visual-territory-17,SCENARIO-ECONOMY-17,CENTRAL-BANK,,UNASSIGNED_TEAM_WITH_CANDIDATE_NPC_ADMINISTRATION
GOV-18,visual-territory-18,SCENARIO-ECONOMY-18,GOV,,UNASSIGNED_TEAM_WITH_CANDIDATE_NPC_ADMINISTRATION
OP-18,visual-territory-18,SCENARIO-ECONOMY-18,OP,,UNASSIGNED_TEAM_WITH_CANDIDATE_NPC_ADMINISTRATION
HOUSEHOLDS-18,visual-territory-18,SCENARIO-ECONOMY-18,HOUSEHOLDS,,UNASSIGNED_TEAM_WITH_CANDIDATE_NPC_ADMINISTRATION
BANK-18,visual-territory-18,SCENARIO-ECONOMY-18,BANK,,UNASSIGNED_TEAM_WITH_CANDIDATE_NPC_ADMINISTRATION
CENTRAL-BANK-18,visual-territory-18,SCENARIO-ECONOMY-18,CENTRAL-BANK,,UNASSIGNED_TEAM_WITH_CANDIDATE_NPC_ADMINISTRATION
GOV-19,visual-territory-19,SCENARIO-ECONOMY-19,GOV,,UNASSIGNED_TEAM_WITH_CANDIDATE_NPC_ADMINISTRATION
OP-19,visual-territory-19,SCENARIO-ECONOMY-19,OP,,UNASSIGNED_TEAM_WITH_CANDIDATE_NPC_ADMINISTRATION
HOUSEHOLDS-19,visual-territory-19,SCENARIO-ECONOMY-19,HOUSEHOLDS,,UNASSIGNED_TEAM_WITH_CANDIDATE_NPC_ADMINISTRATION
BANK-19,visual-territory-19,SCENARIO-ECONOMY-19,BANK,,UNASSIGNED_TEAM_WITH_CANDIDATE_NPC_ADMINISTRATION
CENTRAL-BANK-19,visual-territory-19,SCENARIO-ECONOMY-19,CENTRAL-BANK,,UNASSIGNED_TEAM_WITH_CANDIDATE_NPC_ADMINISTRATION
GOV-20,visual-territory-20,SCENARIO-ECONOMY-20,GOV,,UNASSIGNED_TEAM_WITH_CANDIDATE_NPC_ADMINISTRATION
OP-20,visual-territory-20,SCENARIO-ECONOMY-20,OP,,UNASSIGNED_TEAM_WITH_CANDIDATE_NPC_ADMINISTRATION
HOUSEHOLDS-20,visual-territory-20,SCENARIO-ECONOMY-20,HOUSEHOLDS,,UNASSIGNED_TEAM_WITH_CANDIDATE_NPC_ADMINISTRATION
BANK-20,visual-territory-20,SCENARIO-ECONOMY-20,BANK,,UNASSIGNED_TEAM_WITH_CANDIDATE_NPC_ADMINISTRATION
CENTRAL-BANK-20,visual-territory-20,SCENARIO-ECONOMY-20,CENTRAL-BANK,,UNASSIGNED_TEAM_WITH_CANDIDATE_NPC_ADMINISTRATION
GOV-21,visual-territory-21,SCENARIO-ECONOMY-21,GOV,,UNASSIGNED_TEAM_WITH_CANDIDATE_NPC_ADMINISTRATION
OP-21,visual-territory-21,SCENARIO-ECONOMY-21,OP,,UNASSIGNED_TEAM_WITH_CANDIDATE_NPC_ADMINISTRATION
HOUSEHOLDS-21,visual-territory-21,SCENARIO-ECONOMY-21,HOUSEHOLDS,,UNASSIGNED_TEAM_WITH_CANDIDATE_NPC_ADMINISTRATION
BANK-21,visual-territory-21,SCENARIO-ECONOMY-21,BANK,,UNASSIGNED_TEAM_WITH_CANDIDATE_NPC_ADMINISTRATION
CENTRAL-BANK-21,visual-territory-21,SCENARIO-ECONOMY-21,CENTRAL-BANK,,UNASSIGNED_TEAM_WITH_CANDIDATE_NPC_ADMINISTRATION
GOV-22,visual-territory-22,SCENARIO-ECONOMY-22,GOV,,UNASSIGNED_TEAM_WITH_CANDIDATE_NPC_ADMINISTRATION
OP-22,visual-territory-22,SCENARIO-ECONOMY-22,OP,,UNASSIGNED_TEAM_WITH_CANDIDATE_NPC_ADMINISTRATION
HOUSEHOLDS-22,visual-territory-22,SCENARIO-ECONOMY-22,HOUSEHOLDS,,UNASSIGNED_TEAM_WITH_CANDIDATE_NPC_ADMINISTRATION
BANK-22,visual-territory-22,SCENARIO-ECONOMY-22,BANK,,UNASSIGNED_TEAM_WITH_CANDIDATE_NPC_ADMINISTRATION
CENTRAL-BANK-22,visual-territory-22,SCENARIO-ECONOMY-22,CENTRAL-BANK,,UNASSIGNED_TEAM_WITH_CANDIDATE_NPC_ADMINISTRATION
GOV-23,visual-territory-23,SCENARIO-ECONOMY-23,GOV,,UNASSIGNED_TEAM_WITH_CANDIDATE_NPC_ADMINISTRATION
OP-23,visual-territory-23,SCENARIO-ECONOMY-23,OP,,UNASSIGNED_TEAM_WITH_CANDIDATE_NPC_ADMINISTRATION
HOUSEHOLDS-23,visual-territory-23,SCENARIO-ECONOMY-23,HOUSEHOLDS,,UNASSIGNED_TEAM_WITH_CANDIDATE_NPC_ADMINISTRATION
BANK-23,visual-territory-23,SCENARIO-ECONOMY-23,BANK,,UNASSIGNED_TEAM_WITH_CANDIDATE_NPC_ADMINISTRATION
CENTRAL-BANK-23,visual-territory-23,SCENARIO-ECONOMY-23,CENTRAL-BANK,,UNASSIGNED_TEAM_WITH_CANDIDATE_NPC_ADMINISTRATION
GOV-24,visual-territory-24,SCENARIO-ECONOMY-24,GOV,,UNASSIGNED_TEAM_WITH_CANDIDATE_NPC_ADMINISTRATION
OP-24,visual-territory-24,SCENARIO-ECONOMY-24,OP,,UNASSIGNED_TEAM_WITH_CANDIDATE_NPC_ADMINISTRATION
HOUSEHOLDS-24,visual-territory-24,SCENARIO-ECONOMY-24,HOUSEHOLDS,,UNASSIGNED_TEAM_WITH_CANDIDATE_NPC_ADMINISTRATION
BANK-24,visual-territory-24,SCENARIO-ECONOMY-24,BANK,,UNASSIGNED_TEAM_WITH_CANDIDATE_NPC_ADMINISTRATION
CENTRAL-BANK-24,visual-territory-24,SCENARIO-ECONOMY-24,CENTRAL-BANK,,UNASSIGNED_TEAM_WITH_CANDIDATE_NPC_ADMINISTRATION
GOV-25,visual-territory-25,SCENARIO-ECONOMY-25,GOV,,UNASSIGNED_TEAM_WITH_CANDIDATE_NPC_ADMINISTRATION
OP-25,visual-territory-25,SCENARIO-ECONOMY-25,OP,,UNASSIGNED_TEAM_WITH_CANDIDATE_NPC_ADMINISTRATION
HOUSEHOLDS-25,visual-territory-25,SCENARIO-ECONOMY-25,HOUSEHOLDS,,UNASSIGNED_TEAM_WITH_CANDIDATE_NPC_ADMINISTRATION
BANK-25,visual-territory-25,SCENARIO-ECONOMY-25,BANK,,UNASSIGNED_TEAM_WITH_CANDIDATE_NPC_ADMINISTRATION
CENTRAL-BANK-25,visual-territory-25,SCENARIO-ECONOMY-25,CENTRAL-BANK,,UNASSIGNED_TEAM_WITH_CANDIDATE_NPC_ADMINISTRATION
GOV-26,visual-territory-26,SCENARIO-ECONOMY-26,GOV,,UNASSIGNED_TEAM_WITH_CANDIDATE_NPC_ADMINISTRATION
OP-26,visual-territory-26,SCENARIO-ECONOMY-26,OP,,UNASSIGNED_TEAM_WITH_CANDIDATE_NPC_ADMINISTRATION
HOUSEHOLDS-26,visual-territory-26,SCENARIO-ECONOMY-26,HOUSEHOLDS,,UNASSIGNED_TEAM_WITH_CANDIDATE_NPC_ADMINISTRATION
BANK-26,visual-territory-26,SCENARIO-ECONOMY-26,BANK,,UNASSIGNED_TEAM_WITH_CANDIDATE_NPC_ADMINISTRATION
CENTRAL-BANK-26,visual-territory-26,SCENARIO-ECONOMY-26,CENTRAL-BANK,,UNASSIGNED_TEAM_WITH_CANDIDATE_NPC_ADMINISTRATION
GOV-27,visual-territory-27,SCENARIO-ECONOMY-27,GOV,,UNASSIGNED_TEAM_WITH_CANDIDATE_NPC_ADMINISTRATION
OP-27,visual-territory-27,SCENARIO-ECONOMY-27,OP,,UNASSIGNED_TEAM_WITH_CANDIDATE_NPC_ADMINISTRATION
HOUSEHOLDS-27,visual-territory-27,SCENARIO-ECONOMY-27,HOUSEHOLDS,,UNASSIGNED_TEAM_WITH_CANDIDATE_NPC_ADMINISTRATION
BANK-27,visual-territory-27,SCENARIO-ECONOMY-27,BANK,,UNASSIGNED_TEAM_WITH_CANDIDATE_NPC_ADMINISTRATION
CENTRAL-BANK-27,visual-territory-27,SCENARIO-ECONOMY-27,CENTRAL-BANK,,UNASSIGNED_TEAM_WITH_CANDIDATE_NPC_ADMINISTRATION
GOV-28,visual-territory-28,SCENARIO-ECONOMY-28,GOV,,UNASSIGNED_TEAM_WITH_CANDIDATE_NPC_ADMINISTRATION
OP-28,visual-territory-28,SCENARIO-ECONOMY-28,OP,,UNASSIGNED_TEAM_WITH_CANDIDATE_NPC_ADMINISTRATION
HOUSEHOLDS-28,visual-territory-28,SCENARIO-ECONOMY-28,HOUSEHOLDS,,UNASSIGNED_TEAM_WITH_CANDIDATE_NPC_ADMINISTRATION
BANK-28,visual-territory-28,SCENARIO-ECONOMY-28,BANK,,UNASSIGNED_TEAM_WITH_CANDIDATE_NPC_ADMINISTRATION
CENTRAL-BANK-28,visual-territory-28,SCENARIO-ECONOMY-28,CENTRAL-BANK,,UNASSIGNED_TEAM_WITH_CANDIDATE_NPC_ADMINISTRATION
GOV-29,visual-territory-29,SCENARIO-ECONOMY-29,GOV,,UNASSIGNED_TEAM_WITH_CANDIDATE_NPC_ADMINISTRATION
OP-29,visual-territory-29,SCENARIO-ECONOMY-29,OP,,UNASSIGNED_TEAM_WITH_CANDIDATE_NPC_ADMINISTRATION
HOUSEHOLDS-29,visual-territory-29,SCENARIO-ECONOMY-29,HOUSEHOLDS,,UNASSIGNED_TEAM_WITH_CANDIDATE_NPC_ADMINISTRATION
BANK-29,visual-territory-29,SCENARIO-ECONOMY-29,BANK,,UNASSIGNED_TEAM_WITH_CANDIDATE_NPC_ADMINISTRATION
CENTRAL-BANK-29,visual-territory-29,SCENARIO-ECONOMY-29,CENTRAL-BANK,,UNASSIGNED_TEAM_WITH_CANDIDATE_NPC_ADMINISTRATION
GOV-30,visual-territory-30,SCENARIO-ECONOMY-30,GOV,,UNASSIGNED_TEAM_WITH_CANDIDATE_NPC_ADMINISTRATION
OP-30,visual-territory-30,SCENARIO-ECONOMY-30,OP,,UNASSIGNED_TEAM_WITH_CANDIDATE_NPC_ADMINISTRATION
HOUSEHOLDS-30,visual-territory-30,SCENARIO-ECONOMY-30,HOUSEHOLDS,,UNASSIGNED_TEAM_WITH_CANDIDATE_NPC_ADMINISTRATION
BANK-30,visual-territory-30,SCENARIO-ECONOMY-30,BANK,,UNASSIGNED_TEAM_WITH_CANDIDATE_NPC_ADMINISTRATION
CENTRAL-BANK-30,visual-territory-30,SCENARIO-ECONOMY-30,CENTRAL-BANK,,UNASSIGNED_TEAM_WITH_CANDIDATE_NPC_ADMINISTRATION
GOV-31,visual-territory-31,SCENARIO-ECONOMY-31,GOV,,UNASSIGNED_TEAM_WITH_CANDIDATE_NPC_ADMINISTRATION
OP-31,visual-territory-31,SCENARIO-ECONOMY-31,OP,,UNASSIGNED_TEAM_WITH_CANDIDATE_NPC_ADMINISTRATION
HOUSEHOLDS-31,visual-territory-31,SCENARIO-ECONOMY-31,HOUSEHOLDS,,UNASSIGNED_TEAM_WITH_CANDIDATE_NPC_ADMINISTRATION
BANK-31,visual-territory-31,SCENARIO-ECONOMY-31,BANK,,UNASSIGNED_TEAM_WITH_CANDIDATE_NPC_ADMINISTRATION
CENTRAL-BANK-31,visual-territory-31,SCENARIO-ECONOMY-31,CENTRAL-BANK,,UNASSIGNED_TEAM_WITH_CANDIDATE_NPC_ADMINISTRATION
GOV-32,visual-territory-32,SCENARIO-ECONOMY-32,GOV,,UNASSIGNED_TEAM_WITH_CANDIDATE_NPC_ADMINISTRATION
OP-32,visual-territory-32,SCENARIO-ECONOMY-32,OP,,UNASSIGNED_TEAM_WITH_CANDIDATE_NPC_ADMINISTRATION
HOUSEHOLDS-32,visual-territory-32,SCENARIO-ECONOMY-32,HOUSEHOLDS,,UNASSIGNED_TEAM_WITH_CANDIDATE_NPC_ADMINISTRATION
BANK-32,visual-territory-32,SCENARIO-ECONOMY-32,BANK,,UNASSIGNED_TEAM_WITH_CANDIDATE_NPC_ADMINISTRATION
CENTRAL-BANK-32,visual-territory-32,SCENARIO-ECONOMY-32,CENTRAL-BANK,,UNASSIGNED_TEAM_WITH_CANDIDATE_NPC_ADMINISTRATION
GOV-33,visual-territory-33,SCENARIO-ECONOMY-33,GOV,,UNASSIGNED_TEAM_WITH_CANDIDATE_NPC_ADMINISTRATION
OP-33,visual-territory-33,SCENARIO-ECONOMY-33,OP,,UNASSIGNED_TEAM_WITH_CANDIDATE_NPC_ADMINISTRATION
HOUSEHOLDS-33,visual-territory-33,SCENARIO-ECONOMY-33,HOUSEHOLDS,,UNASSIGNED_TEAM_WITH_CANDIDATE_NPC_ADMINISTRATION
BANK-33,visual-territory-33,SCENARIO-ECONOMY-33,BANK,,UNASSIGNED_TEAM_WITH_CANDIDATE_NPC_ADMINISTRATION
CENTRAL-BANK-33,visual-territory-33,SCENARIO-ECONOMY-33,CENTRAL-BANK,,UNASSIGNED_TEAM_WITH_CANDIDATE_NPC_ADMINISTRATION
GOV-34,visual-territory-34,SCENARIO-ECONOMY-34,GOV,,UNASSIGNED_TEAM_WITH_CANDIDATE_NPC_ADMINISTRATION
OP-34,visual-territory-34,SCENARIO-ECONOMY-34,OP,,UNASSIGNED_TEAM_WITH_CANDIDATE_NPC_ADMINISTRATION
HOUSEHOLDS-34,visual-territory-34,SCENARIO-ECONOMY-34,HOUSEHOLDS,,UNASSIGNED_TEAM_WITH_CANDIDATE_NPC_ADMINISTRATION
BANK-34,visual-territory-34,SCENARIO-ECONOMY-34,BANK,,UNASSIGNED_TEAM_WITH_CANDIDATE_NPC_ADMINISTRATION
CENTRAL-BANK-34,visual-territory-34,SCENARIO-ECONOMY-34,CENTRAL-BANK,,UNASSIGNED_TEAM_WITH_CANDIDATE_NPC_ADMINISTRATION
GOV-35,visual-territory-35,SCENARIO-ECONOMY-35,GOV,,UNASSIGNED_TEAM_WITH_CANDIDATE_NPC_ADMINISTRATION
OP-35,visual-territory-35,SCENARIO-ECONOMY-35,OP,,UNASSIGNED_TEAM_WITH_CANDIDATE_NPC_ADMINISTRATION
HOUSEHOLDS-35,visual-territory-35,SCENARIO-ECONOMY-35,HOUSEHOLDS,,UNASSIGNED_TEAM_WITH_CANDIDATE_NPC_ADMINISTRATION
BANK-35,visual-territory-35,SCENARIO-ECONOMY-35,BANK,,UNASSIGNED_TEAM_WITH_CANDIDATE_NPC_ADMINISTRATION
CENTRAL-BANK-35,visual-territory-35,SCENARIO-ECONOMY-35,CENTRAL-BANK,,UNASSIGNED_TEAM_WITH_CANDIDATE_NPC_ADMINISTRATION
GOV-36,visual-territory-36,SCENARIO-ECONOMY-36,GOV,,UNASSIGNED_TEAM_WITH_CANDIDATE_NPC_ADMINISTRATION
OP-36,visual-territory-36,SCENARIO-ECONOMY-36,OP,,UNASSIGNED_TEAM_WITH_CANDIDATE_NPC_ADMINISTRATION
HOUSEHOLDS-36,visual-territory-36,SCENARIO-ECONOMY-36,HOUSEHOLDS,,UNASSIGNED_TEAM_WITH_CANDIDATE_NPC_ADMINISTRATION
BANK-36,visual-territory-36,SCENARIO-ECONOMY-36,BANK,,UNASSIGNED_TEAM_WITH_CANDIDATE_NPC_ADMINISTRATION
CENTRAL-BANK-36,visual-territory-36,SCENARIO-ECONOMY-36,CENTRAL-BANK,,UNASSIGNED_TEAM_WITH_CANDIDATE_NPC_ADMINISTRATION
GOV-37,visual-territory-37,SCENARIO-ECONOMY-37,GOV,,UNASSIGNED_TEAM_WITH_CANDIDATE_NPC_ADMINISTRATION
OP-37,visual-territory-37,SCENARIO-ECONOMY-37,OP,,UNASSIGNED_TEAM_WITH_CANDIDATE_NPC_ADMINISTRATION
HOUSEHOLDS-37,visual-territory-37,SCENARIO-ECONOMY-37,HOUSEHOLDS,,UNASSIGNED_TEAM_WITH_CANDIDATE_NPC_ADMINISTRATION
BANK-37,visual-territory-37,SCENARIO-ECONOMY-37,BANK,,UNASSIGNED_TEAM_WITH_CANDIDATE_NPC_ADMINISTRATION
CENTRAL-BANK-37,visual-territory-37,SCENARIO-ECONOMY-37,CENTRAL-BANK,,UNASSIGNED_TEAM_WITH_CANDIDATE_NPC_ADMINISTRATION
GOV-38,visual-territory-38,SCENARIO-ECONOMY-38,GOV,,UNASSIGNED_TEAM_WITH_CANDIDATE_NPC_ADMINISTRATION
OP-38,visual-territory-38,SCENARIO-ECONOMY-38,OP,,UNASSIGNED_TEAM_WITH_CANDIDATE_NPC_ADMINISTRATION
HOUSEHOLDS-38,visual-territory-38,SCENARIO-ECONOMY-38,HOUSEHOLDS,,UNASSIGNED_TEAM_WITH_CANDIDATE_NPC_ADMINISTRATION
BANK-38,visual-territory-38,SCENARIO-ECONOMY-38,BANK,,UNASSIGNED_TEAM_WITH_CANDIDATE_NPC_ADMINISTRATION
CENTRAL-BANK-38,visual-territory-38,SCENARIO-ECONOMY-38,CENTRAL-BANK,,UNASSIGNED_TEAM_WITH_CANDIDATE_NPC_ADMINISTRATION
GOV-39,visual-territory-39,SCENARIO-ECONOMY-39,GOV,,UNASSIGNED_TEAM_WITH_CANDIDATE_NPC_ADMINISTRATION
OP-39,visual-territory-39,SCENARIO-ECONOMY-39,OP,,UNASSIGNED_TEAM_WITH_CANDIDATE_NPC_ADMINISTRATION
HOUSEHOLDS-39,visual-territory-39,SCENARIO-ECONOMY-39,HOUSEHOLDS,,UNASSIGNED_TEAM_WITH_CANDIDATE_NPC_ADMINISTRATION
BANK-39,visual-territory-39,SCENARIO-ECONOMY-39,BANK,,UNASSIGNED_TEAM_WITH_CANDIDATE_NPC_ADMINISTRATION
CENTRAL-BANK-39,visual-territory-39,SCENARIO-ECONOMY-39,CENTRAL-BANK,,UNASSIGNED_TEAM_WITH_CANDIDATE_NPC_ADMINISTRATION
GOV-40,visual-territory-40,SCENARIO-ECONOMY-40,GOV,,UNASSIGNED_TEAM_WITH_CANDIDATE_NPC_ADMINISTRATION
OP-40,visual-territory-40,SCENARIO-ECONOMY-40,OP,,UNASSIGNED_TEAM_WITH_CANDIDATE_NPC_ADMINISTRATION
HOUSEHOLDS-40,visual-territory-40,SCENARIO-ECONOMY-40,HOUSEHOLDS,,UNASSIGNED_TEAM_WITH_CANDIDATE_NPC_ADMINISTRATION
BANK-40,visual-territory-40,SCENARIO-ECONOMY-40,BANK,,UNASSIGNED_TEAM_WITH_CANDIDATE_NPC_ADMINISTRATION
CENTRAL-BANK-40,visual-territory-40,SCENARIO-ECONOMY-40,CENTRAL-BANK,,UNASSIGNED_TEAM_WITH_CANDIDATE_NPC_ADMINISTRATION
GOV-41,visual-territory-41,SCENARIO-ECONOMY-41,GOV,,UNASSIGNED_TEAM_WITH_CANDIDATE_NPC_ADMINISTRATION
OP-41,visual-territory-41,SCENARIO-ECONOMY-41,OP,,UNASSIGNED_TEAM_WITH_CANDIDATE_NPC_ADMINISTRATION
HOUSEHOLDS-41,visual-territory-41,SCENARIO-ECONOMY-41,HOUSEHOLDS,,UNASSIGNED_TEAM_WITH_CANDIDATE_NPC_ADMINISTRATION
BANK-41,visual-territory-41,SCENARIO-ECONOMY-41,BANK,,UNASSIGNED_TEAM_WITH_CANDIDATE_NPC_ADMINISTRATION
CENTRAL-BANK-41,visual-territory-41,SCENARIO-ECONOMY-41,CENTRAL-BANK,,UNASSIGNED_TEAM_WITH_CANDIDATE_NPC_ADMINISTRATION
GOV-42,visual-territory-42,SCENARIO-ECONOMY-42,GOV,,UNASSIGNED_TEAM_WITH_CANDIDATE_NPC_ADMINISTRATION
OP-42,visual-territory-42,SCENARIO-ECONOMY-42,OP,,UNASSIGNED_TEAM_WITH_CANDIDATE_NPC_ADMINISTRATION
HOUSEHOLDS-42,visual-territory-42,SCENARIO-ECONOMY-42,HOUSEHOLDS,,UNASSIGNED_TEAM_WITH_CANDIDATE_NPC_ADMINISTRATION
BANK-42,visual-territory-42,SCENARIO-ECONOMY-42,BANK,,UNASSIGNED_TEAM_WITH_CANDIDATE_NPC_ADMINISTRATION
CENTRAL-BANK-42,visual-territory-42,SCENARIO-ECONOMY-42,CENTRAL-BANK,,UNASSIGNED_TEAM_WITH_CANDIDATE_NPC_ADMINISTRATION
GOV-43,visual-territory-43,SCENARIO-ECONOMY-43,GOV,,UNASSIGNED_TEAM_WITH_CANDIDATE_NPC_ADMINISTRATION
OP-43,visual-territory-43,SCENARIO-ECONOMY-43,OP,,UNASSIGNED_TEAM_WITH_CANDIDATE_NPC_ADMINISTRATION
HOUSEHOLDS-43,visual-territory-43,SCENARIO-ECONOMY-43,HOUSEHOLDS,,UNASSIGNED_TEAM_WITH_CANDIDATE_NPC_ADMINISTRATION
BANK-43,visual-territory-43,SCENARIO-ECONOMY-43,BANK,,UNASSIGNED_TEAM_WITH_CANDIDATE_NPC_ADMINISTRATION
CENTRAL-BANK-43,visual-territory-43,SCENARIO-ECONOMY-43,CENTRAL-BANK,,UNASSIGNED_TEAM_WITH_CANDIDATE_NPC_ADMINISTRATION
GOV-44,visual-territory-44,SCENARIO-ECONOMY-44,GOV,,UNASSIGNED_TEAM_WITH_CANDIDATE_NPC_ADMINISTRATION
OP-44,visual-territory-44,SCENARIO-ECONOMY-44,OP,,UNASSIGNED_TEAM_WITH_CANDIDATE_NPC_ADMINISTRATION
HOUSEHOLDS-44,visual-territory-44,SCENARIO-ECONOMY-44,HOUSEHOLDS,,UNASSIGNED_TEAM_WITH_CANDIDATE_NPC_ADMINISTRATION
BANK-44,visual-territory-44,SCENARIO-ECONOMY-44,BANK,,UNASSIGNED_TEAM_WITH_CANDIDATE_NPC_ADMINISTRATION
CENTRAL-BANK-44,visual-territory-44,SCENARIO-ECONOMY-44,CENTRAL-BANK,,UNASSIGNED_TEAM_WITH_CANDIDATE_NPC_ADMINISTRATION
GOV-45,visual-territory-45,SCENARIO-ECONOMY-45,GOV,,UNASSIGNED_TEAM_WITH_CANDIDATE_NPC_ADMINISTRATION
OP-45,visual-territory-45,SCENARIO-ECONOMY-45,OP,,UNASSIGNED_TEAM_WITH_CANDIDATE_NPC_ADMINISTRATION
HOUSEHOLDS-45,visual-territory-45,SCENARIO-ECONOMY-45,HOUSEHOLDS,,UNASSIGNED_TEAM_WITH_CANDIDATE_NPC_ADMINISTRATION
BANK-45,visual-territory-45,SCENARIO-ECONOMY-45,BANK,,UNASSIGNED_TEAM_WITH_CANDIDATE_NPC_ADMINISTRATION
CENTRAL-BANK-45,visual-territory-45,SCENARIO-ECONOMY-45,CENTRAL-BANK,,UNASSIGNED_TEAM_WITH_CANDIDATE_NPC_ADMINISTRATION
GOV-46,visual-territory-46,SCENARIO-ECONOMY-46,GOV,,UNASSIGNED_TEAM_WITH_CANDIDATE_NPC_ADMINISTRATION
OP-46,visual-territory-46,SCENARIO-ECONOMY-46,OP,,UNASSIGNED_TEAM_WITH_CANDIDATE_NPC_ADMINISTRATION
HOUSEHOLDS-46,visual-territory-46,SCENARIO-ECONOMY-46,HOUSEHOLDS,,UNASSIGNED_TEAM_WITH_CANDIDATE_NPC_ADMINISTRATION
BANK-46,visual-territory-46,SCENARIO-ECONOMY-46,BANK,,UNASSIGNED_TEAM_WITH_CANDIDATE_NPC_ADMINISTRATION
CENTRAL-BANK-46,visual-territory-46,SCENARIO-ECONOMY-46,CENTRAL-BANK,,UNASSIGNED_TEAM_WITH_CANDIDATE_NPC_ADMINISTRATION
GOV-47,visual-territory-47,SCENARIO-ECONOMY-47,GOV,,UNASSIGNED_TEAM_WITH_CANDIDATE_NPC_ADMINISTRATION
OP-47,visual-territory-47,SCENARIO-ECONOMY-47,OP,,UNASSIGNED_TEAM_WITH_CANDIDATE_NPC_ADMINISTRATION
HOUSEHOLDS-47,visual-territory-47,SCENARIO-ECONOMY-47,HOUSEHOLDS,,UNASSIGNED_TEAM_WITH_CANDIDATE_NPC_ADMINISTRATION
BANK-47,visual-territory-47,SCENARIO-ECONOMY-47,BANK,,UNASSIGNED_TEAM_WITH_CANDIDATE_NPC_ADMINISTRATION
CENTRAL-BANK-47,visual-territory-47,SCENARIO-ECONOMY-47,CENTRAL-BANK,,UNASSIGNED_TEAM_WITH_CANDIDATE_NPC_ADMINISTRATION
GOV-48,visual-territory-48,SCENARIO-ECONOMY-48,GOV,,UNASSIGNED_TEAM_WITH_CANDIDATE_NPC_ADMINISTRATION
OP-48,visual-territory-48,SCENARIO-ECONOMY-48,OP,,UNASSIGNED_TEAM_WITH_CANDIDATE_NPC_ADMINISTRATION
HOUSEHOLDS-48,visual-territory-48,SCENARIO-ECONOMY-48,HOUSEHOLDS,,UNASSIGNED_TEAM_WITH_CANDIDATE_NPC_ADMINISTRATION
BANK-48,visual-territory-48,SCENARIO-ECONOMY-48,BANK,,UNASSIGNED_TEAM_WITH_CANDIDATE_NPC_ADMINISTRATION
CENTRAL-BANK-48,visual-territory-48,SCENARIO-ECONOMY-48,CENTRAL-BANK,,UNASSIGNED_TEAM_WITH_CANDIDATE_NPC_ADMINISTRATION
GOV-49,visual-territory-49,SCENARIO-ECONOMY-49,GOV,,UNASSIGNED_TEAM_WITH_CANDIDATE_NPC_ADMINISTRATION
OP-49,visual-territory-49,SCENARIO-ECONOMY-49,OP,,UNASSIGNED_TEAM_WITH_CANDIDATE_NPC_ADMINISTRATION
HOUSEHOLDS-49,visual-territory-49,SCENARIO-ECONOMY-49,HOUSEHOLDS,,UNASSIGNED_TEAM_WITH_CANDIDATE_NPC_ADMINISTRATION
BANK-49,visual-territory-49,SCENARIO-ECONOMY-49,BANK,,UNASSIGNED_TEAM_WITH_CANDIDATE_NPC_ADMINISTRATION
CENTRAL-BANK-49,visual-territory-49,SCENARIO-ECONOMY-49,CENTRAL-BANK,,UNASSIGNED_TEAM_WITH_CANDIDATE_NPC_ADMINISTRATION
GOV-50,visual-territory-50,SCENARIO-ECONOMY-50,GOV,,UNASSIGNED_TEAM_WITH_CANDIDATE_NPC_ADMINISTRATION
OP-50,visual-territory-50,SCENARIO-ECONOMY-50,OP,,UNASSIGNED_TEAM_WITH_CANDIDATE_NPC_ADMINISTRATION
HOUSEHOLDS-50,visual-territory-50,SCENARIO-ECONOMY-50,HOUSEHOLDS,,UNASSIGNED_TEAM_WITH_CANDIDATE_NPC_ADMINISTRATION
BANK-50,visual-territory-50,SCENARIO-ECONOMY-50,BANK,,UNASSIGNED_TEAM_WITH_CANDIDATE_NPC_ADMINISTRATION
CENTRAL-BANK-50,visual-territory-50,SCENARIO-ECONOMY-50,CENTRAL-BANK,,UNASSIGNED_TEAM_WITH_CANDIDATE_NPC_ADMINISTRATION
GOV-51,visual-territory-51,SCENARIO-ECONOMY-51,GOV,,UNASSIGNED_TEAM_WITH_CANDIDATE_NPC_ADMINISTRATION
OP-51,visual-territory-51,SCENARIO-ECONOMY-51,OP,,UNASSIGNED_TEAM_WITH_CANDIDATE_NPC_ADMINISTRATION
HOUSEHOLDS-51,visual-territory-51,SCENARIO-ECONOMY-51,HOUSEHOLDS,,UNASSIGNED_TEAM_WITH_CANDIDATE_NPC_ADMINISTRATION
BANK-51,visual-territory-51,SCENARIO-ECONOMY-51,BANK,,UNASSIGNED_TEAM_WITH_CANDIDATE_NPC_ADMINISTRATION
CENTRAL-BANK-51,visual-territory-51,SCENARIO-ECONOMY-51,CENTRAL-BANK,,UNASSIGNED_TEAM_WITH_CANDIDATE_NPC_ADMINISTRATION
GOV-52,visual-territory-52,SCENARIO-ECONOMY-52,GOV,,UNASSIGNED_TEAM_WITH_CANDIDATE_NPC_ADMINISTRATION
OP-52,visual-territory-52,SCENARIO-ECONOMY-52,OP,,UNASSIGNED_TEAM_WITH_CANDIDATE_NPC_ADMINISTRATION
HOUSEHOLDS-52,visual-territory-52,SCENARIO-ECONOMY-52,HOUSEHOLDS,,UNASSIGNED_TEAM_WITH_CANDIDATE_NPC_ADMINISTRATION
BANK-52,visual-territory-52,SCENARIO-ECONOMY-52,BANK,,UNASSIGNED_TEAM_WITH_CANDIDATE_NPC_ADMINISTRATION
CENTRAL-BANK-52,visual-territory-52,SCENARIO-ECONOMY-52,CENTRAL-BANK,,UNASSIGNED_TEAM_WITH_CANDIDATE_NPC_ADMINISTRATION
GOV-53,visual-territory-53,SCENARIO-ECONOMY-53,GOV,,UNASSIGNED_TEAM_WITH_CANDIDATE_NPC_ADMINISTRATION
OP-53,visual-territory-53,SCENARIO-ECONOMY-53,OP,,UNASSIGNED_TEAM_WITH_CANDIDATE_NPC_ADMINISTRATION
HOUSEHOLDS-53,visual-territory-53,SCENARIO-ECONOMY-53,HOUSEHOLDS,,UNASSIGNED_TEAM_WITH_CANDIDATE_NPC_ADMINISTRATION
BANK-53,visual-territory-53,SCENARIO-ECONOMY-53,BANK,,UNASSIGNED_TEAM_WITH_CANDIDATE_NPC_ADMINISTRATION
CENTRAL-BANK-53,visual-territory-53,SCENARIO-ECONOMY-53,CENTRAL-BANK,,UNASSIGNED_TEAM_WITH_CANDIDATE_NPC_ADMINISTRATION
GOV-54,visual-territory-54,SCENARIO-ECONOMY-54,GOV,,UNASSIGNED_TEAM_WITH_CANDIDATE_NPC_ADMINISTRATION
OP-54,visual-territory-54,SCENARIO-ECONOMY-54,OP,,UNASSIGNED_TEAM_WITH_CANDIDATE_NPC_ADMINISTRATION
HOUSEHOLDS-54,visual-territory-54,SCENARIO-ECONOMY-54,HOUSEHOLDS,,UNASSIGNED_TEAM_WITH_CANDIDATE_NPC_ADMINISTRATION
BANK-54,visual-territory-54,SCENARIO-ECONOMY-54,BANK,,UNASSIGNED_TEAM_WITH_CANDIDATE_NPC_ADMINISTRATION
CENTRAL-BANK-54,visual-territory-54,SCENARIO-ECONOMY-54,CENTRAL-BANK,,UNASSIGNED_TEAM_WITH_CANDIDATE_NPC_ADMINISTRATION
GOV-55,visual-territory-55,SCENARIO-ECONOMY-55,GOV,,UNASSIGNED_TEAM_WITH_CANDIDATE_NPC_ADMINISTRATION
OP-55,visual-territory-55,SCENARIO-ECONOMY-55,OP,,UNASSIGNED_TEAM_WITH_CANDIDATE_NPC_ADMINISTRATION
HOUSEHOLDS-55,visual-territory-55,SCENARIO-ECONOMY-55,HOUSEHOLDS,,UNASSIGNED_TEAM_WITH_CANDIDATE_NPC_ADMINISTRATION
BANK-55,visual-territory-55,SCENARIO-ECONOMY-55,BANK,,UNASSIGNED_TEAM_WITH_CANDIDATE_NPC_ADMINISTRATION
CENTRAL-BANK-55,visual-territory-55,SCENARIO-ECONOMY-55,CENTRAL-BANK,,UNASSIGNED_TEAM_WITH_CANDIDATE_NPC_ADMINISTRATION
GOV-56,visual-territory-56,SCENARIO-ECONOMY-56,GOV,,UNASSIGNED_TEAM_WITH_CANDIDATE_NPC_ADMINISTRATION
OP-56,visual-territory-56,SCENARIO-ECONOMY-56,OP,,UNASSIGNED_TEAM_WITH_CANDIDATE_NPC_ADMINISTRATION
HOUSEHOLDS-56,visual-territory-56,SCENARIO-ECONOMY-56,HOUSEHOLDS,,UNASSIGNED_TEAM_WITH_CANDIDATE_NPC_ADMINISTRATION
BANK-56,visual-territory-56,SCENARIO-ECONOMY-56,BANK,,UNASSIGNED_TEAM_WITH_CANDIDATE_NPC_ADMINISTRATION
CENTRAL-BANK-56,visual-territory-56,SCENARIO-ECONOMY-56,CENTRAL-BANK,,UNASSIGNED_TEAM_WITH_CANDIDATE_NPC_ADMINISTRATION
GOV-57,visual-territory-57,SCENARIO-ECONOMY-57,GOV,,UNASSIGNED_TEAM_WITH_CANDIDATE_NPC_ADMINISTRATION
OP-57,visual-territory-57,SCENARIO-ECONOMY-57,OP,,UNASSIGNED_TEAM_WITH_CANDIDATE_NPC_ADMINISTRATION
HOUSEHOLDS-57,visual-territory-57,SCENARIO-ECONOMY-57,HOUSEHOLDS,,UNASSIGNED_TEAM_WITH_CANDIDATE_NPC_ADMINISTRATION
BANK-57,visual-territory-57,SCENARIO-ECONOMY-57,BANK,,UNASSIGNED_TEAM_WITH_CANDIDATE_NPC_ADMINISTRATION
CENTRAL-BANK-57,visual-territory-57,SCENARIO-ECONOMY-57,CENTRAL-BANK,,UNASSIGNED_TEAM_WITH_CANDIDATE_NPC_ADMINISTRATION
GOV-58,visual-territory-58,SCENARIO-ECONOMY-58,GOV,,UNASSIGNED_TEAM_WITH_CANDIDATE_NPC_ADMINISTRATION
OP-58,visual-territory-58,SCENARIO-ECONOMY-58,OP,,UNASSIGNED_TEAM_WITH_CANDIDATE_NPC_ADMINISTRATION
HOUSEHOLDS-58,visual-territory-58,SCENARIO-ECONOMY-58,HOUSEHOLDS,,UNASSIGNED_TEAM_WITH_CANDIDATE_NPC_ADMINISTRATION
BANK-58,visual-territory-58,SCENARIO-ECONOMY-58,BANK,,UNASSIGNED_TEAM_WITH_CANDIDATE_NPC_ADMINISTRATION
CENTRAL-BANK-58,visual-territory-58,SCENARIO-ECONOMY-58,CENTRAL-BANK,,UNASSIGNED_TEAM_WITH_CANDIDATE_NPC_ADMINISTRATION
GOV-59,visual-territory-59,SCENARIO-ECONOMY-59,GOV,,UNASSIGNED_TEAM_WITH_CANDIDATE_NPC_ADMINISTRATION
OP-59,visual-territory-59,SCENARIO-ECONOMY-59,OP,,UNASSIGNED_TEAM_WITH_CANDIDATE_NPC_ADMINISTRATION
HOUSEHOLDS-59,visual-territory-59,SCENARIO-ECONOMY-59,HOUSEHOLDS,,UNASSIGNED_TEAM_WITH_CANDIDATE_NPC_ADMINISTRATION
BANK-59,visual-territory-59,SCENARIO-ECONOMY-59,BANK,,UNASSIGNED_TEAM_WITH_CANDIDATE_NPC_ADMINISTRATION
CENTRAL-BANK-59,visual-territory-59,SCENARIO-ECONOMY-59,CENTRAL-BANK,,UNASSIGNED_TEAM_WITH_CANDIDATE_NPC_ADMINISTRATION
GOV-60,visual-territory-60,SCENARIO-ECONOMY-60,GOV,,UNASSIGNED_TEAM_WITH_CANDIDATE_NPC_ADMINISTRATION
OP-60,visual-territory-60,SCENARIO-ECONOMY-60,OP,,UNASSIGNED_TEAM_WITH_CANDIDATE_NPC_ADMINISTRATION
HOUSEHOLDS-60,visual-territory-60,SCENARIO-ECONOMY-60,HOUSEHOLDS,,UNASSIGNED_TEAM_WITH_CANDIDATE_NPC_ADMINISTRATION
BANK-60,visual-territory-60,SCENARIO-ECONOMY-60,BANK,,UNASSIGNED_TEAM_WITH_CANDIDATE_NPC_ADMINISTRATION
CENTRAL-BANK-60,visual-territory-60,SCENARIO-ECONOMY-60,CENTRAL-BANK,,UNASSIGNED_TEAM_WITH_CANDIDATE_NPC_ADMINISTRATION
GOV-61,visual-territory-61,SCENARIO-ECONOMY-61,GOV,,UNASSIGNED_TEAM_WITH_CANDIDATE_NPC_ADMINISTRATION
OP-61,visual-territory-61,SCENARIO-ECONOMY-61,OP,,UNASSIGNED_TEAM_WITH_CANDIDATE_NPC_ADMINISTRATION
HOUSEHOLDS-61,visual-territory-61,SCENARIO-ECONOMY-61,HOUSEHOLDS,,UNASSIGNED_TEAM_WITH_CANDIDATE_NPC_ADMINISTRATION
BANK-61,visual-territory-61,SCENARIO-ECONOMY-61,BANK,,UNASSIGNED_TEAM_WITH_CANDIDATE_NPC_ADMINISTRATION
CENTRAL-BANK-61,visual-territory-61,SCENARIO-ECONOMY-61,CENTRAL-BANK,,UNASSIGNED_TEAM_WITH_CANDIDATE_NPC_ADMINISTRATION
GOV-62,visual-territory-62,SCENARIO-ECONOMY-62,GOV,,UNASSIGNED_TEAM_WITH_CANDIDATE_NPC_ADMINISTRATION
OP-62,visual-territory-62,SCENARIO-ECONOMY-62,OP,,UNASSIGNED_TEAM_WITH_CANDIDATE_NPC_ADMINISTRATION
HOUSEHOLDS-62,visual-territory-62,SCENARIO-ECONOMY-62,HOUSEHOLDS,,UNASSIGNED_TEAM_WITH_CANDIDATE_NPC_ADMINISTRATION
BANK-62,visual-territory-62,SCENARIO-ECONOMY-62,BANK,,UNASSIGNED_TEAM_WITH_CANDIDATE_NPC_ADMINISTRATION
CENTRAL-BANK-62,visual-territory-62,SCENARIO-ECONOMY-62,CENTRAL-BANK,,UNASSIGNED_TEAM_WITH_CANDIDATE_NPC_ADMINISTRATION
GOV-63,visual-territory-63,SCENARIO-ECONOMY-63,GOV,,UNASSIGNED_TEAM_WITH_CANDIDATE_NPC_ADMINISTRATION
OP-63,visual-territory-63,SCENARIO-ECONOMY-63,OP,,UNASSIGNED_TEAM_WITH_CANDIDATE_NPC_ADMINISTRATION
HOUSEHOLDS-63,visual-territory-63,SCENARIO-ECONOMY-63,HOUSEHOLDS,,UNASSIGNED_TEAM_WITH_CANDIDATE_NPC_ADMINISTRATION
BANK-63,visual-territory-63,SCENARIO-ECONOMY-63,BANK,,UNASSIGNED_TEAM_WITH_CANDIDATE_NPC_ADMINISTRATION
CENTRAL-BANK-63,visual-territory-63,SCENARIO-ECONOMY-63,CENTRAL-BANK,,UNASSIGNED_TEAM_WITH_CANDIDATE_NPC_ADMINISTRATION
GOV-64,visual-territory-64,SCENARIO-ECONOMY-64,GOV,,UNASSIGNED_TEAM_WITH_CANDIDATE_NPC_ADMINISTRATION
OP-64,visual-territory-64,SCENARIO-ECONOMY-64,OP,,UNASSIGNED_TEAM_WITH_CANDIDATE_NPC_ADMINISTRATION
HOUSEHOLDS-64,visual-territory-64,SCENARIO-ECONOMY-64,HOUSEHOLDS,,UNASSIGNED_TEAM_WITH_CANDIDATE_NPC_ADMINISTRATION
BANK-64,visual-territory-64,SCENARIO-ECONOMY-64,BANK,,UNASSIGNED_TEAM_WITH_CANDIDATE_NPC_ADMINISTRATION
CENTRAL-BANK-64,visual-territory-64,SCENARIO-ECONOMY-64,CENTRAL-BANK,,UNASSIGNED_TEAM_WITH_CANDIDATE_NPC_ADMINISTRATION
GOV-65,visual-territory-65,SCENARIO-ECONOMY-65,GOV,,UNASSIGNED_TEAM_WITH_CANDIDATE_NPC_ADMINISTRATION
OP-65,visual-territory-65,SCENARIO-ECONOMY-65,OP,,UNASSIGNED_TEAM_WITH_CANDIDATE_NPC_ADMINISTRATION
HOUSEHOLDS-65,visual-territory-65,SCENARIO-ECONOMY-65,HOUSEHOLDS,,UNASSIGNED_TEAM_WITH_CANDIDATE_NPC_ADMINISTRATION
BANK-65,visual-territory-65,SCENARIO-ECONOMY-65,BANK,,UNASSIGNED_TEAM_WITH_CANDIDATE_NPC_ADMINISTRATION
CENTRAL-BANK-65,visual-territory-65,SCENARIO-ECONOMY-65,CENTRAL-BANK,,UNASSIGNED_TEAM_WITH_CANDIDATE_NPC_ADMINISTRATION
GOV-66,visual-territory-66,SCENARIO-ECONOMY-66,GOV,,UNASSIGNED_TEAM_WITH_CANDIDATE_NPC_ADMINISTRATION
OP-66,visual-territory-66,SCENARIO-ECONOMY-66,OP,,UNASSIGNED_TEAM_WITH_CANDIDATE_NPC_ADMINISTRATION
HOUSEHOLDS-66,visual-territory-66,SCENARIO-ECONOMY-66,HOUSEHOLDS,,UNASSIGNED_TEAM_WITH_CANDIDATE_NPC_ADMINISTRATION
BANK-66,visual-territory-66,SCENARIO-ECONOMY-66,BANK,,UNASSIGNED_TEAM_WITH_CANDIDATE_NPC_ADMINISTRATION
CENTRAL-BANK-66,visual-territory-66,SCENARIO-ECONOMY-66,CENTRAL-BANK,,UNASSIGNED_TEAM_WITH_CANDIDATE_NPC_ADMINISTRATION
GOV-67,visual-territory-67,SCENARIO-ECONOMY-67,GOV,,UNASSIGNED_TEAM_WITH_CANDIDATE_NPC_ADMINISTRATION
OP-67,visual-territory-67,SCENARIO-ECONOMY-67,OP,,UNASSIGNED_TEAM_WITH_CANDIDATE_NPC_ADMINISTRATION
HOUSEHOLDS-67,visual-territory-67,SCENARIO-ECONOMY-67,HOUSEHOLDS,,UNASSIGNED_TEAM_WITH_CANDIDATE_NPC_ADMINISTRATION
BANK-67,visual-territory-67,SCENARIO-ECONOMY-67,BANK,,UNASSIGNED_TEAM_WITH_CANDIDATE_NPC_ADMINISTRATION
CENTRAL-BANK-67,visual-territory-67,SCENARIO-ECONOMY-67,CENTRAL-BANK,,UNASSIGNED_TEAM_WITH_CANDIDATE_NPC_ADMINISTRATION
GOV-68,visual-territory-68,SCENARIO-ECONOMY-68,GOV,,UNASSIGNED_TEAM_WITH_CANDIDATE_NPC_ADMINISTRATION
OP-68,visual-territory-68,SCENARIO-ECONOMY-68,OP,,UNASSIGNED_TEAM_WITH_CANDIDATE_NPC_ADMINISTRATION
HOUSEHOLDS-68,visual-territory-68,SCENARIO-ECONOMY-68,HOUSEHOLDS,,UNASSIGNED_TEAM_WITH_CANDIDATE_NPC_ADMINISTRATION
BANK-68,visual-territory-68,SCENARIO-ECONOMY-68,BANK,,UNASSIGNED_TEAM_WITH_CANDIDATE_NPC_ADMINISTRATION
CENTRAL-BANK-68,visual-territory-68,SCENARIO-ECONOMY-68,CENTRAL-BANK,,UNASSIGNED_TEAM_WITH_CANDIDATE_NPC_ADMINISTRATION
GOV-69,visual-territory-69,SCENARIO-ECONOMY-69,GOV,,UNASSIGNED_TEAM_WITH_CANDIDATE_NPC_ADMINISTRATION
OP-69,visual-territory-69,SCENARIO-ECONOMY-69,OP,,UNASSIGNED_TEAM_WITH_CANDIDATE_NPC_ADMINISTRATION
HOUSEHOLDS-69,visual-territory-69,SCENARIO-ECONOMY-69,HOUSEHOLDS,,UNASSIGNED_TEAM_WITH_CANDIDATE_NPC_ADMINISTRATION
BANK-69,visual-territory-69,SCENARIO-ECONOMY-69,BANK,,UNASSIGNED_TEAM_WITH_CANDIDATE_NPC_ADMINISTRATION
CENTRAL-BANK-69,visual-territory-69,SCENARIO-ECONOMY-69,CENTRAL-BANK,,UNASSIGNED_TEAM_WITH_CANDIDATE_NPC_ADMINISTRATION
GOV-70,visual-territory-70,SCENARIO-ECONOMY-70,GOV,,UNASSIGNED_TEAM_WITH_CANDIDATE_NPC_ADMINISTRATION
OP-70,visual-territory-70,SCENARIO-ECONOMY-70,OP,,UNASSIGNED_TEAM_WITH_CANDIDATE_NPC_ADMINISTRATION
HOUSEHOLDS-70,visual-territory-70,SCENARIO-ECONOMY-70,HOUSEHOLDS,,UNASSIGNED_TEAM_WITH_CANDIDATE_NPC_ADMINISTRATION
BANK-70,visual-territory-70,SCENARIO-ECONOMY-70,BANK,,UNASSIGNED_TEAM_WITH_CANDIDATE_NPC_ADMINISTRATION
CENTRAL-BANK-70,visual-territory-70,SCENARIO-ECONOMY-70,CENTRAL-BANK,,UNASSIGNED_TEAM_WITH_CANDIDATE_NPC_ADMINISTRATION
