countryId,currency,dailyLabourIncomeReference,treasuryCentralBankBalance,householdBankDeposits,businessBankDeposits,bankReserveAssets,bankLoanAssets,bankEquity,bankDepositLiabilities,publicDebt,existingContracts,historicalClaims,dailyReferenceTradeNet,openingMoneyOrigin,taxRateProposal,taxBase,priceAuthority,openingPhysicalAssetBookValueGcu,assetFunding,dailyMaintenanceBudgetGcu,dailyInboundFreightBudgetGcu,dailyTaxRevenueReferenceGcu,dailyNetCashDrainGcu,reserveBasis,cashRunwayDays,cashRunwayStatus
visual-territory-01,GCU_SCENARIO_ACCOUNTING_UNIT,779935115.52,46796106931.2,17548540099.199997,5849513366.4,25737858812.16,0,2339805346.56,23398053465.6,0,[],[],3494105.487283,EXPLICIT_GENESIS_ALLOCATION; no invented historical debt,0.18,daily labour-income reference,BALANCE_REFERENCE_ONLY,3133796669136.63,GENESIS_PUBLIC_CAPITAL_EQUITY_NOT_NEW_CASH,174099814.94,7053763.51,140388320.79,37271152.17,"max(60 days baseline labour income, 660 days maintenance+freight+trade shortfall net of tax)",1255.56,FINITE
visual-territory-02,GCU_SCENARIO_ACCOUNTING_UNIT,989602361.856,59376141711.36,22266053141.760002,7422017713.92,32656877941.248,0,2968807085.568,29688070855.68,0,[],[],4547064.477149,EXPLICIT_GENESIS_ALLOCATION; no invented historical debt,0.18,daily labour-income reference,BALANCE_REFERENCE_ONLY,4042616068455.05,GENESIS_PUBLIC_CAPITAL_EQUITY_NOT_NEW_CASH,224589781.6,7465644.46,178128425.13,49379936.45,"max(60 days baseline labour income, 660 days maintenance+freight+trade shortfall net of tax)",1202.43,FINITE
visual-territory-03,GCU_SCENARIO_ACCOUNTING_UNIT,2127396074.39542,127643764463.73,47866411673.89694,15955470557.965649,70204070455.04886,0,6382188223.18626,63821882231.862595,0,[],[],8611746.612744,EXPLICIT_GENESIS_ALLOCATION; no invented historical debt,0.18,daily labour-income reference,BALANCE_REFERENCE_ONLY,7818996234809.38,GENESIS_PUBLIC_CAPITAL_EQUITY_NOT_NEW_CASH,434388679.69,17594342.43,382931293.39,60439982.12,"max(60 days baseline labour income, 660 days maintenance+freight+trade shortfall net of tax)",2111.91,FINITE
visual-territory-04,GCU_SCENARIO_ACCOUNTING_UNIT,2190638626.310473,131438317578.63,49289369091.98564,16429789697.328547,72291074668.2456,0,6571915878.931419,65719158789.314186,0,[],[],9132072.575971,EXPLICIT_GENESIS_ALLOCATION; no invented historical debt,0.18,daily labour-income reference,BALANCE_REFERENCE_ONLY,8282543355294.85,GENESIS_PUBLIC_CAPITAL_EQUITY_NOT_NEW_CASH,460141297.5,23979458.42,394314952.74,80673730.61,"max(60 days baseline labour income, 660 days maintenance+freight+trade shortfall net of tax)",1629.26,FINITE
visual-territory-05,GCU_SCENARIO_ACCOUNTING_UNIT,1508321345.63937,90499280738.36,33937230276.885826,11312410092.295275,49774604406.09921,0,4524964036.91811,45249640369.1811,0,[],[],6584319.064341,EXPLICIT_GENESIS_ALLOCATION; no invented historical debt,0.18,daily labour-income reference,BALANCE_REFERENCE_ONLY,5989246357457.33,GENESIS_PUBLIC_CAPITAL_EQUITY_NOT_NEW_CASH,332735908.74,10464522.43,271497842.22,65118269.89,"max(60 days baseline labour income, 660 days maintenance+freight+trade shortfall net of tax)",1389.77,FINITE
visual-territory-06,GCU_SCENARIO_ACCOUNTING_UNIT,2226237537.207992,133574252232.48,50090344587.17981,16696781529.059937,73465838727.86372,0,6678712611.623975,66787126116.239746,0,[],[],9970318.216379,EXPLICIT_GENESIS_ALLOCATION; no invented historical debt,0.18,daily labour-income reference,BALANCE_REFERENCE_ONLY,9034022227742.74,GENESIS_PUBLIC_CAPITAL_EQUITY_NOT_NEW_CASH,501890123.76,17868836.96,400722756.7,109065885.81,"max(60 days baseline labour income, 660 days maintenance+freight+trade shortfall net of tax)",1224.71,FINITE
visual-territory-07,GCU_SCENARIO_ACCOUNTING_UNIT,1805179384.048462,108310763042.91,40616536141.090385,13538845380.363462,59570919673.599236,0,5415538152.145386,54155381521.45385,0,[],[],7184149.445411,EXPLICIT_GENESIS_ALLOCATION; no invented historical debt,0.18,daily labour-income reference,BALANCE_REFERENCE_ONLY,6682569235491.68,GENESIS_PUBLIC_CAPITAL_EQUITY_NOT_NEW_CASH,371253846.41,15532586.11,324932289.13,54669993.95,"max(60 days baseline labour income, 660 days maintenance+freight+trade shortfall net of tax)",1981.17,FINITE
visual-territory-08,GCU_SCENARIO_ACCOUNTING_UNIT,1830993125.755407,109859587545.32,41197345329.49665,13732448443.16555,60422773149.92842,0,5492979377.26622,54929793772.6622,0,[],[],7769005.691744,EXPLICIT_GENESIS_ALLOCATION; no invented historical debt,0.18,daily labour-income reference,BALANCE_REFERENCE_ONLY,7141825384161.13,GENESIS_PUBLIC_CAPITAL_EQUITY_NOT_NEW_CASH,396768076.91,10964957.28,329578762.64,70385265.87,"max(60 days baseline labour income, 660 days maintenance+freight+trade shortfall net of tax)",1560.83,FINITE
visual-territory-09,GCU_SCENARIO_ACCOUNTING_UNIT,1484593105.824715,89075586349.48,33403344881.0561,11134448293.685366,48991572492.21561,0,4453779317.474147,44537793174.74146,0,[],[],-6753088.505445,EXPLICIT_GENESIS_ALLOCATION; no invented historical debt,0.18,daily labour-income reference,BALANCE_REFERENCE_ONLY,6097439483290.7,GENESIS_PUBLIC_CAPITAL_EQUITY_NOT_NEW_CASH,338746637.97,4934336.46,267226759.05,83207303.89,"max(60 days baseline labour income, 660 days maintenance+freight+trade shortfall net of tax)",1070.53,FINITE
visual-territory-10,GCU_SCENARIO_ACCOUNTING_UNIT,1596715009.656252,95802900579.38,35926087717.26567,11975362572.42189,52691595318.65632,0,4790145028.968757,47901450289.68756,0,[],[],-7214920.978672,EXPLICIT_GENESIS_ALLOCATION; no invented historical debt,0.18,daily labour-income reference,BALANCE_REFERENCE_ONLY,6595422524273.38,GENESIS_PUBLIC_CAPITAL_EQUITY_NOT_NEW_CASH,366412362.46,7270590.52,287408701.74,93489172.22,"max(60 days baseline labour income, 660 days maintenance+freight+trade shortfall net of tax)",1024.75,FINITE
visual-territory-11,GCU_SCENARIO_ACCOUNTING_UNIT,1073137572.12,64388254327.2,24145595372.7,8048531790.900001,35413539879.96001,0,3219412716.360001,32194127163.600002,0,[],[],-4605860.560224,EXPLICIT_GENESIS_ALLOCATION; no invented historical debt,0.18,daily labour-income reference,BALANCE_REFERENCE_ONLY,4173360838494.18,GENESIS_PUBLIC_CAPITAL_EQUITY_NOT_NEW_CASH,231853379.91,10029611.24,193164762.98,53324088.72,"max(60 days baseline labour income, 660 days maintenance+freight+trade shortfall net of tax)",1207.49,FINITE
visual-territory-12,GCU_SCENARIO_ACCOUNTING_UNIT,2273653085.671496,136419185140.29,51157194427.60866,17052398142.536219,75030551827.15936,0,6820959257.014488,68209592570.144875,0,[],[],-9368691.617384,EXPLICIT_GENESIS_ALLOCATION; no invented historical debt,0.18,daily labour-income reference,BALANCE_REFERENCE_ONLY,8616175817164.13,GENESIS_PUBLIC_CAPITAL_EQUITY_NOT_NEW_CASH,478676434.28,32121506.69,409257555.42,110909077.16,"max(60 days baseline labour income, 660 days maintenance+freight+trade shortfall net of tax)",1230.01,FINITE
visual-territory-13,GCU_SCENARIO_ACCOUNTING_UNIT,1633068436.952934,97984106217.18,36744039831.44102,12248013277.147005,53891258419.44682,0,4899205310.858802,48992053108.58802,0,[],[],-7029800.218525,EXPLICIT_GENESIS_ALLOCATION; no invented historical debt,0.18,daily labour-income reference,BALANCE_REFERENCE_ONLY,6323143349801.65,GENESIS_PUBLIC_CAPITAL_EQUITY_NOT_NEW_CASH,351285741.66,46466022.16,293952318.65,110829245.39,"max(60 days baseline labour income, 660 days maintenance+freight+trade shortfall net of tax)",884.1,FINITE
visual-territory-14,GCU_SCENARIO_ACCOUNTING_UNIT,1519061042.614525,91143662556.87,34178873458.826805,11392957819.608934,50129014406.27931,0,4557183127.843574,45571831278.43574,0,[],[],-6755118.233688,EXPLICIT_GENESIS_ALLOCATION; no invented historical debt,0.18,daily labour-income reference,BALANCE_REFERENCE_ONLY,6144982446944.93,GENESIS_PUBLIC_CAPITAL_EQUITY_NOT_NEW_CASH,341387913.71,17811443.29,273430987.67,92523487.57,"max(60 days baseline labour income, 660 days maintenance+freight+trade shortfall net of tax)",985.09,FINITE
visual-territory-15,GCU_SCENARIO_ACCOUNTING_UNIT,1987261888.958805,119235713337.53,44713392501.573105,14904464167.191034,65579642335.64055,0,5961785666.876414,59617856668.76414,0,[],[],8952811.961075,EXPLICIT_GENESIS_ALLOCATION; no invented historical debt,0.18,daily labour-income reference,BALANCE_REFERENCE_ONLY,8169102606927.37,GENESIS_PUBLIC_CAPITAL_EQUITY_NOT_NEW_CASH,453839033.72,15284866.8,357707140.01,102463948.55,"max(60 days baseline labour income, 660 days maintenance+freight+trade shortfall net of tax)",1163.68,FINITE
visual-territory-16,GCU_SCENARIO_ACCOUNTING_UNIT,2049231980.835806,122953918850.15,46107719568.80563,15369239856.268543,67624655367.58159,0,6147695942.507418,61476959425.07417,0,[],[],8961049.500333,EXPLICIT_GENESIS_ALLOCATION; no invented historical debt,0.18,daily labour-income reference,BALANCE_REFERENCE_ONLY,8160951934118.39,GENESIS_PUBLIC_CAPITAL_EQUITY_NOT_NEW_CASH,453386218.56,12803408.16,368861756.55,88366820.67,"max(60 days baseline labour income, 660 days maintenance+freight+trade shortfall net of tax)",1391.4,FINITE
visual-territory-17,GCU_SCENARIO_ACCOUNTING_UNIT,1181631670.464,70897900227.84,26586712585.44,8862237528.48,38993845125.312,0,3544895011.392,35448950113.92,0,[],[],4706681.380192,EXPLICIT_GENESIS_ALLOCATION; no invented historical debt,0.18,daily labour-income reference,BALANCE_REFERENCE_ONLY,4321829162535.47,GENESIS_PUBLIC_CAPITAL_EQUITY_NOT_NEW_CASH,240101620.16,12254051.6,212693700.68,34955289.69,"max(60 days baseline labour income, 660 days maintenance+freight+trade shortfall net of tax)",2028.25,FINITE
visual-territory-18,GCU_SCENARIO_ACCOUNTING_UNIT,900268263.36,54016095801.6,20256035925.6,6752011975.2,29708852690.879997,0,2700804790.08,27008047900.8,0,[],[],-3792902.090208,EXPLICIT_GENESIS_ALLOCATION; no invented historical debt,0.18,daily labour-income reference,BALANCE_REFERENCE_ONLY,3442057983864.82,GENESIS_PUBLIC_CAPITAL_EQUITY_NOT_NEW_CASH,191225443.56,17766637.1,162048287.4,50736695.34,"max(60 days baseline labour income, 660 days maintenance+freight+trade shortfall net of tax)",1064.64,FINITE
visual-territory-19,GCU_SCENARIO_ACCOUNTING_UNIT,963005345.28,57780320716.8,21667620268.8,7222540089.599999,31779176394.239998,0,2889016035.84,28890160358.399998,0,[],[],-4066883.775915,EXPLICIT_GENESIS_ALLOCATION; no invented historical debt,0.18,daily labour-income reference,BALANCE_REFERENCE_ONLY,3621858087369.78,GENESIS_PUBLIC_CAPITAL_EQUITY_NOT_NEW_CASH,201214338.19,3328224.68,173340962.15,35268484.5,"max(60 days baseline labour income, 660 days maintenance+freight+trade shortfall net of tax)",1638.3,FINITE
visual-territory-20,GCU_SCENARIO_ACCOUNTING_UNIT,1345480539.950711,118903700028.8,30273312148.891006,10091104049.630335,44400857818.373474,0,4036441619.852134,40364416198.52134,0,[],[],-6222584.492813,EXPLICIT_GENESIS_ALLOCATION; no invented historical debt,0.18,daily labour-income reference,BALANCE_REFERENCE_ONLY,5539958000353.98,GENESIS_PUBLIC_CAPITAL_EQUITY_NOT_NEW_CASH,307775444.46,108345589.49,242186497.19,180157121.26,"max(60 days baseline labour income, 660 days maintenance+freight+trade shortfall net of tax)",660.0,FINITE
visual-territory-21,GCU_SCENARIO_ACCOUNTING_UNIT,1950503629.290742,117030217757.44,43886331659.0417,14628777219.680569,64366619766.594505,0,5851510887.872228,58515108878.722275,0,[],[],-8695729.255752,EXPLICIT_GENESIS_ALLOCATION; no invented historical debt,0.18,daily labour-income reference,BALANCE_REFERENCE_ONLY,7724506263756.64,GENESIS_PUBLIC_CAPITAL_EQUITY_NOT_NEW_CASH,429139236.89,21031214.75,351090653.27,107775527.62,"max(60 days baseline labour income, 660 days maintenance+freight+trade shortfall net of tax)",1085.87,FINITE
visual-territory-22,GCU_SCENARIO_ACCOUNTING_UNIT,822038427.36,49322305641.6,18495864615.600002,6165288205.200001,27127268102.880005,0,2466115282.08,24661152820.800003,0,[],[],3715918.563779,EXPLICIT_GENESIS_ALLOCATION; no invented historical debt,0.18,daily labour-income reference,BALANCE_REFERENCE_ONLY,3279201384912.04,GENESIS_PUBLIC_CAPITAL_EQUITY_NOT_NEW_CASH,182177854.72,5420966.62,147966916.92,35915985.85,"max(60 days baseline labour income, 660 days maintenance+freight+trade shortfall net of tax)",1373.27,FINITE
visual-territory-23,GCU_SCENARIO_ACCOUNTING_UNIT,2942801228.986752,176568073739.21,66213027652.20192,22071009217.40064,97112440556.5628,0,8828403686.960257,88284036869.60255,0,[],[],11598831.588461,EXPLICIT_GENESIS_ALLOCATION; no invented historical debt,0.18,daily labour-income reference,BALANCE_REFERENCE_ONLY,10787884725115.29,GENESIS_PUBLIC_CAPITAL_EQUITY_NOT_NEW_CASH,599326929.16,59165469.01,529704221.22,117189345.37,"max(60 days baseline labour income, 660 days maintenance+freight+trade shortfall net of tax)",1506.69,FINITE
visual-territory-24,GCU_SCENARIO_ACCOUNTING_UNIT,1764368893.962531,105862133637.75,39698300114.15695,13232766704.718983,58224173500.76353,0,5293106681.887593,52931066818.87593,0,[],[],-7204824.431024,EXPLICIT_GENESIS_ALLOCATION; no invented historical debt,0.18,daily labour-income reference,BALANCE_REFERENCE_ONLY,6604608441008.96,GENESIS_PUBLIC_CAPITAL_EQUITY_NOT_NEW_CASH,366922691.18,20801004.65,317586400.91,77342119.35,"max(60 days baseline labour income, 660 days maintenance+freight+trade shortfall net of tax)",1368.75,FINITE
visual-territory-25,GCU_SCENARIO_ACCOUNTING_UNIT,939552976.752,56373178605.12,21139941976.920002,7046647325.64,31005248232.816,0,2818658930.256001,28186589302.56,0,[],[],694801.3347,EXPLICIT_GENESIS_ALLOCATION; no invented historical debt,0.18,daily labour-income reference,BALANCE_REFERENCE_ONLY,3670102696079.27,GENESIS_PUBLIC_CAPITAL_EQUITY_NOT_NEW_CASH,203894594.24,32812425.93,169119535.82,66892683.02,"max(60 days baseline labour income, 660 days maintenance+freight+trade shortfall net of tax)",842.74,FINITE
visual-territory-26,GCU_SCENARIO_ACCOUNTING_UNIT,1113275375.168945,67590690912.29,25048695941.301254,8349565313.767084,36738087380.57517,0,3339826125.506834,33398261255.068336,0,[],[],4983436.344509,EXPLICIT_GENESIS_ALLOCATION; no invented historical debt,0.18,daily labour-income reference,BALANCE_REFERENCE_ONLY,4504109620668.15,GENESIS_PUBLIC_CAPITAL_EQUITY_NOT_NEW_CASH,250228312.26,57554829.36,200389567.53,102410137.75,"max(60 days baseline labour income, 660 days maintenance+freight+trade shortfall net of tax)",660.0,FINITE
visual-territory-27,GCU_SCENARIO_ACCOUNTING_UNIT,1614333285.254801,110555976040.88,36322498918.23302,12107499639.411007,53272998413.40843,0,4842999855.764403,48429998557.64403,0,[],[],6905394.823389,EXPLICIT_GENESIS_ALLOCATION; no invented historical debt,0.18,daily labour-income reference,BALANCE_REFERENCE_ONLY,6337905321846.19,GENESIS_PUBLIC_CAPITAL_EQUITY_NOT_NEW_CASH,352105851.24,112888589.54,290579991.35,167509054.61,"max(60 days baseline labour income, 660 days maintenance+freight+trade shortfall net of tax)",660.0,FINITE
visual-territory-28,GCU_SCENARIO_ACCOUNTING_UNIT,1896355725.113602,113781343506.82,42668003815.056046,14222667938.352015,62579738928.74886,0,5689067175.340806,56890671753.40806,0,[],[],-7223654.151941,EXPLICIT_GENESIS_ALLOCATION; no invented historical debt,0.18,daily labour-income reference,BALANCE_REFERENCE_ONLY,6672653298661.28,GENESIS_PUBLIC_CAPITAL_EQUITY_NOT_NEW_CASH,370702961.04,23351980.57,341344030.52,59934565.24,"max(60 days baseline labour income, 660 days maintenance+freight+trade shortfall net of tax)",1898.43,FINITE
visual-territory-29,GCU_SCENARIO_ACCOUNTING_UNIT,1605261706.148594,96315702368.92,36118388388.34337,12039462796.114456,52973636302.90361,0,4815785118.445783,48157851184.457825,0,[],[],-6709424.85796,EXPLICIT_GENESIS_ALLOCATION; no invented historical debt,0.18,daily labour-income reference,BALANCE_REFERENCE_ONLY,6086812763600.89,GENESIS_PUBLIC_CAPITAL_EQUITY_NOT_NEW_CASH,338156264.65,30997150.55,288947107.11,86915732.95,"max(60 days baseline labour income, 660 days maintenance+freight+trade shortfall net of tax)",1108.15,FINITE
visual-territory-30,GCU_SCENARIO_ACCOUNTING_UNIT,1377991249.799582,82679474987.97,31004803120.490593,10334934373.496864,45473711243.3862,0,4133973749.398746,41339737493.98746,0,[],[],6010067.021259,EXPLICIT_GENESIS_ALLOCATION; no invented historical debt,0.18,daily labour-income reference,BALANCE_REFERENCE_ONLY,5442196457783.93,GENESIS_PUBLIC_CAPITAL_EQUITY_NOT_NEW_CASH,302344247.66,22234991.1,248038424.96,70530746.78,"max(60 days baseline labour income, 660 days maintenance+freight+trade shortfall net of tax)",1172.25,FINITE
visual-territory-31,GCU_SCENARIO_ACCOUNTING_UNIT,1622805947.344419,97368356840.67,36513133815.24943,12171044605.083143,53552596262.36583,0,4868417842.033257,48684178420.33257,0,[],[],1129823.1744,EXPLICIT_GENESIS_ALLOCATION; no invented historical debt,0.18,daily labour-income reference,BALANCE_REFERENCE_ONLY,6026243627835.47,GENESIS_PUBLIC_CAPITAL_EQUITY_NOT_NEW_CASH,334791312.67,45983705.58,292105070.52,87540124.56,"max(60 days baseline labour income, 660 days maintenance+freight+trade shortfall net of tax)",1112.27,FINITE
visual-territory-32,GCU_SCENARIO_ACCOUNTING_UNIT,984217872.755071,59053072365.3,22144902136.9891,7381634045.663033,32479189800.917347,0,2952653618.265213,29526536182.652134,0,[],[],4356708.429597,EXPLICIT_GENESIS_ALLOCATION; no invented historical debt,0.18,daily labour-income reference,BALANCE_REFERENCE_ONLY,3928775680169.36,GENESIS_PUBLIC_CAPITAL_EQUITY_NOT_NEW_CASH,218265315.58,37463887.46,177159217.1,74213277.51,"max(60 days baseline labour income, 660 days maintenance+freight+trade shortfall net of tax)",795.72,FINITE
visual-territory-33,GCU_SCENARIO_ACCOUNTING_UNIT,1235662031.173924,74139721870.44,27802395701.413292,9267465233.80443,40776847028.739494,0,3706986093.521772,37069860935.21772,0,[],[],-5715346.698424,EXPLICIT_GENESIS_ALLOCATION; no invented historical debt,0.18,daily labour-income reference,BALANCE_REFERENCE_ONLY,5036856259553.91,GENESIS_PUBLIC_CAPITAL_EQUITY_NOT_NEW_CASH,279825347.76,2916636.87,222419165.61,66038165.72,"max(60 days baseline labour income, 660 days maintenance+freight+trade shortfall net of tax)",1122.68,FINITE
visual-territory-34,GCU_SCENARIO_ACCOUNTING_UNIT,1523597931.24,91415875874.4,34280953452.899998,11426984484.3,50278731730.92,0,4570793793.72,45707937937.2,0,[],[],-6800334.256173,EXPLICIT_GENESIS_ALLOCATION; no invented historical debt,0.18,daily labour-income reference,BALANCE_REFERENCE_ONLY,6041587992764.99,GENESIS_PUBLIC_CAPITAL_EQUITY_NOT_NEW_CASH,335643777.35,4740448.43,274247627.62,72936932.42,"max(60 days baseline labour income, 660 days maintenance+freight+trade shortfall net of tax)",1253.36,FINITE
visual-territory-35,GCU_SCENARIO_ACCOUNTING_UNIT,1335373129.433048,80122387765.98,30045895412.24358,10015298470.74786,44067313271.29058,0,4006119388.299144,40061193882.99144,0,[],[],6159318.79508,EXPLICIT_GENESIS_ALLOCATION; no invented historical debt,0.18,daily labour-income reference,BALANCE_REFERENCE_ONLY,5483913213201.86,GENESIS_PUBLIC_CAPITAL_EQUITY_NOT_NEW_CASH,304661845.19,17322252.18,240367163.3,75457615.27,"max(60 days baseline labour income, 660 days maintenance+freight+trade shortfall net of tax)",1061.82,FINITE
visual-territory-36,GCU_SCENARIO_ACCOUNTING_UNIT,659736403.224,39584184193.44,14844069072.54,4948023024.18,21771301306.392002,0,1979209209.672,19792092096.72,0,[],[],3098429.159525,EXPLICIT_GENESIS_ALLOCATION; no invented historical debt,0.18,daily labour-income reference,BALANCE_REFERENCE_ONLY,2703180383686.49,GENESIS_PUBLIC_CAPITAL_EQUITY_NOT_NEW_CASH,150176687.99,903441.1,118752552.58,29229147.35,"max(60 days baseline labour income, 660 days maintenance+freight+trade shortfall net of tax)",1354.27,FINITE
visual-territory-37,GCU_SCENARIO_ACCOUNTING_UNIT,685570558.68,41237883181.76,15425337570.3,5141779190.099999,22623828436.44,0,2056711676.04,20567116760.399998,0,[],[],545434.6245,EXPLICIT_GENESIS_ALLOCATION; no invented historical debt,0.18,daily labour-income reference,BALANCE_REFERENCE_ONLY,2856504442180.67,GENESIS_PUBLIC_CAPITAL_EQUITY_NOT_NEW_CASH,158694691.21,27735085.16,123402700.56,62481641.18,"max(60 days baseline labour income, 660 days maintenance+freight+trade shortfall net of tax)",660.0,FINITE
visual-territory-38,GCU_SCENARIO_ACCOUNTING_UNIT,2205983828.668185,132359029720.09,49634636145.034164,16544878715.011389,72797466346.05011,0,6617951486.004556,66179514860.045555,0,[],[],-6155651.136051,EXPLICIT_GENESIS_ALLOCATION; no invented historical debt,0.18,daily labour-income reference,BALANCE_REFERENCE_ONLY,8619278985524.2,GENESIS_PUBLIC_CAPITAL_EQUITY_NOT_NEW_CASH,478848832.52,40456386.11,397077089.16,128383780.61,"max(60 days baseline labour income, 660 days maintenance+freight+trade shortfall net of tax)",1030.96,FINITE
visual-territory-39,GCU_SCENARIO_ACCOUNTING_UNIT,1594530789.280095,95671847356.81,35876942758.80214,11958980919.600712,52619516046.24313,0,4783592367.840285,47835923678.40285,0,[],[],7301597.683629,EXPLICIT_GENESIS_ALLOCATION; no invented historical debt,0.18,daily labour-income reference,BALANCE_REFERENCE_ONLY,6539623410385.45,GENESIS_PUBLIC_CAPITAL_EQUITY_NOT_NEW_CASH,363312411.67,31394593.67,287015542.07,100389865.58,"max(60 days baseline labour income, 660 days maintenance+freight+trade shortfall net of tax)",953.0,FINITE
visual-territory-40,GCU_SCENARIO_ACCOUNTING_UNIT,1661160649.145263,99669638948.72,37376114605.768425,12458704868.589476,54818301421.79369,0,4983481947.43579,49834819474.3579,0,[],[],-6427077.170859,EXPLICIT_GENESIS_ALLOCATION; no invented historical debt,0.18,daily labour-income reference,BALANCE_REFERENCE_ONLY,5926796348533.98,GENESIS_PUBLIC_CAPITAL_EQUITY_NOT_NEW_CASH,329266463.8,40114510.34,299008916.85,76799134.46,"max(60 days baseline labour income, 660 days maintenance+freight+trade shortfall net of tax)",1297.8,FINITE
visual-territory-41,GCU_SCENARIO_ACCOUNTING_UNIT,1666235214.901526,99974112894.09,37490292335.28433,12496764111.761444,54985762091.75035,0,4998705644.704577,49987056447.04578,0,[],[],6932044.010349,EXPLICIT_GENESIS_ALLOCATION; no invented historical debt,0.18,daily labour-income reference,BALANCE_REFERENCE_ONLY,6372526947892.69,GENESIS_PUBLIC_CAPITAL_EQUITY_NOT_NEW_CASH,354029274.89,61244896.62,299922338.68,108419788.82,"max(60 days baseline labour income, 660 days maintenance+freight+trade shortfall net of tax)",922.1,FINITE
visual-territory-42,GCU_SCENARIO_ACCOUNTING_UNIT,947935945.008,56876156700.48,21328558762.68,7109519587.56,31281886185.264,0,2843807835.024,28438078350.24,0,[],[],-4293866.699965,EXPLICIT_GENESIS_ALLOCATION; no invented historical debt,0.18,daily labour-income reference,BALANCE_REFERENCE_ONLY,3896376693428.32,GENESIS_PUBLIC_CAPITAL_EQUITY_NOT_NEW_CASH,216465371.86,12663951.4,170628470.1,62794719.86,"max(60 days baseline labour income, 660 days maintenance+freight+trade shortfall net of tax)",905.75,FINITE
visual-territory-43,GCU_SCENARIO_ACCOUNTING_UNIT,962742130.56,57764527833.6,21661697937.600002,7220565979.200001,31770490308.480003,0,2888226391.68,28882263916.800003,0,[],[],-4407359.53636,EXPLICIT_GENESIS_ALLOCATION; no invented historical debt,0.18,daily labour-income reference,BALANCE_REFERENCE_ONLY,3992457427955.33,GENESIS_PUBLIC_CAPITAL_EQUITY_NOT_NEW_CASH,221803190.44,29667312.77,173293583.5,82584279.25,"max(60 days baseline labour income, 660 days maintenance+freight+trade shortfall net of tax)",699.46,FINITE
visual-territory-44,GCU_SCENARIO_ACCOUNTING_UNIT,2315716127.648078,138942967658.88,52103612872.081764,17367870957.360588,76418632212.38658,0,6947148382.944236,69471483829.44235,0,[],[],-8979427.898232,EXPLICIT_GENESIS_ALLOCATION; no invented historical debt,0.18,daily labour-income reference,BALANCE_REFERENCE_ONLY,8400744985542.29,GENESIS_PUBLIC_CAPITAL_EQUITY_NOT_NEW_CASH,466708054.73,62703118.73,416828902.98,121561698.38,"max(60 days baseline labour income, 660 days maintenance+freight+trade shortfall net of tax)",1142.98,FINITE
visual-territory-45,GCU_SCENARIO_ACCOUNTING_UNIT,1709715968.416893,102582958105.01,38468609289.3801,12822869763.126698,56420626957.75747,0,5129147905.250679,51291479052.50679,0,[],[],-7628861.681349,EXPLICIT_GENESIS_ALLOCATION; no invented historical debt,0.18,daily labour-income reference,BALANCE_REFERENCE_ONLY,6874582142108.63,GENESIS_PUBLIC_CAPITAL_EQUITY_NOT_NEW_CASH,381921230.11,61926278.03,307748874.32,143727495.5,"max(60 days baseline labour income, 660 days maintenance+freight+trade shortfall net of tax)",713.73,FINITE
visual-territory-46,GCU_SCENARIO_ACCOUNTING_UNIT,2002323842.924839,120139430575.49,45052286465.80887,15017428821.93629,66076686816.519684,0,6006971528.774517,60069715287.74516,0,[],[],-8604934.377277,EXPLICIT_GENESIS_ALLOCATION; no invented historical debt,0.18,daily labour-income reference,BALANCE_REFERENCE_ONLY,7852063547886.6,GENESIS_PUBLIC_CAPITAL_EQUITY_NOT_NEW_CASH,436225752.65,10387234.87,360418291.73,94799630.18,"max(60 days baseline labour income, 660 days maintenance+freight+trade shortfall net of tax)",1267.3,FINITE
visual-territory-47,GCU_SCENARIO_ACCOUNTING_UNIT,2404196520.410758,144251791224.65,54094421709.24204,18031473903.08068,79338485173.555,0,7212589561.232273,72125895612.32272,0,[],[],-10410705.957813,EXPLICIT_GENESIS_ALLOCATION; no invented historical debt,0.18,daily labour-income reference,BALANCE_REFERENCE_ONLY,9574854638154.45,GENESIS_PUBLIC_CAPITAL_EQUITY_NOT_NEW_CASH,531936368.79,20308499.65,432755373.67,129900200.72,"max(60 days baseline labour income, 660 days maintenance+freight+trade shortfall net of tax)",1110.48,FINITE
visual-territory-48,GCU_SCENARIO_ACCOUNTING_UNIT,987772905.36,59266374321.6,22224890370.600002,7408296790.200001,32596505876.880005,0,2963318716.08,29633187160.800003,0,[],[],-4225737.225072,EXPLICIT_GENESIS_ALLOCATION; no invented historical debt,0.18,daily labour-income reference,BALANCE_REFERENCE_ONLY,3892436223926.16,GENESIS_PUBLIC_CAPITAL_EQUITY_NOT_NEW_CASH,216246456.87,6074452.51,177799122.96,48747523.64,"max(60 days baseline labour income, 660 days maintenance+freight+trade shortfall net of tax)",1215.78,FINITE
visual-territory-49,GCU_SCENARIO_ACCOUNTING_UNIT,1503408210.500988,90204492630.06,33826684736.272232,11275561578.75741,49612470946.53261,0,4510224631.502964,45102246315.02964,0,[],[],-6304907.493779,EXPLICIT_GENESIS_ALLOCATION; no invented historical debt,0.18,daily labour-income reference,BALANCE_REFERENCE_ONLY,5721491785230.55,GENESIS_PUBLIC_CAPITAL_EQUITY_NOT_NEW_CASH,317860654.74,38055840.03,270613477.89,91607924.37,"max(60 days baseline labour income, 660 days maintenance+freight+trade shortfall net of tax)",984.68,FINITE
visual-territory-50,GCU_SCENARIO_ACCOUNTING_UNIT,1610739348.608467,96644360916.51,36241635343.690506,12080545114.563503,53154398504.079414,0,4832218045.825401,48322180458.25401,0,[],[],-6621504.497784,EXPLICIT_GENESIS_ALLOCATION; no invented historical debt,0.18,daily labour-income reference,BALANCE_REFERENCE_ONLY,6184519228468.83,GENESIS_PUBLIC_CAPITAL_EQUITY_NOT_NEW_CASH,343584401.58,41395317.93,289933082.75,101668141.26,"max(60 days baseline labour income, 660 days maintenance+freight+trade shortfall net of tax)",950.59,FINITE
visual-territory-51,GCU_SCENARIO_ACCOUNTING_UNIT,1930641487.799426,115838489267.97,43439433475.48708,14479811158.495695,63711169097.38106,0,5791924463.398278,57919244633.98278,0,[],[],-7199217.269083,EXPLICIT_GENESIS_ALLOCATION; no invented historical debt,0.18,daily labour-income reference,BALANCE_REFERENCE_ONLY,6859417764858.82,GENESIS_PUBLIC_CAPITAL_EQUITY_NOT_NEW_CASH,381078764.69,14699286.06,347515467.8,55461800.22,"max(60 days baseline labour income, 660 days maintenance+freight+trade shortfall net of tax)",2088.62,FINITE
visual-territory-52,GCU_SCENARIO_ACCOUNTING_UNIT,1547133677.46,92828020647.6,34810507742.85,11603502580.949999,51055411356.17999,0,4641401032.38,46414010323.799995,0,[],[],-5363897.642048,EXPLICIT_GENESIS_ALLOCATION; no invented historical debt,0.18,daily labour-income reference,BALANCE_REFERENCE_ONLY,5137555222534.39,GENESIS_PUBLIC_CAPITAL_EQUITY_NOT_NEW_CASH,285419734.59,11707263.84,278484061.94,24006834.13,"max(60 days baseline labour income, 660 days maintenance+freight+trade shortfall net of tax)",3866.73,FINITE
visual-territory-53,GCU_SCENARIO_ACCOUNTING_UNIT,2235458986.347463,134127539180.85,50297827192.817924,16765942397.605974,73770146549.4663,0,6706376959.04239,67063769590.4239,0,[],[],9190808.253029,EXPLICIT_GENESIS_ALLOCATION; no invented historical debt,0.18,daily labour-income reference,BALANCE_REFERENCE_ONLY,8446213897052.71,GENESIS_PUBLIC_CAPITAL_EQUITY_NOT_NEW_CASH,469234105.38,10689150.2,402382617.54,68349829.79,"max(60 days baseline labour income, 660 days maintenance+freight+trade shortfall net of tax)",1962.37,FINITE
visual-territory-54,GCU_SCENARIO_ACCOUNTING_UNIT,2688370689.923451,161302241395.41,60488340523.27765,20162780174.425884,88716232767.47389,0,8065112069.770354,80651120697.70354,0,[],[],11180200.510981,EXPLICIT_GENESIS_ALLOCATION; no invented historical debt,0.18,daily labour-income reference,BALANCE_REFERENCE_ONLY,10280436430180.48,GENESIS_PUBLIC_CAPITAL_EQUITY_NOT_NEW_CASH,571135357.25,9996425.86,483906724.19,86044858.41,"max(60 days baseline labour income, 660 days maintenance+freight+trade shortfall net of tax)",1874.63,FINITE
visual-territory-55,GCU_SCENARIO_ACCOUNTING_UNIT,1518749620.344,91124977220.64,34171866457.739998,11390622152.58,50118737471.352,0,4556248861.032001,45562488610.32,0,[],[],-5245747.250128,EXPLICIT_GENESIS_ALLOCATION; no invented historical debt,0.18,daily labour-income reference,BALANCE_REFERENCE_ONLY,4956020749558.37,GENESIS_PUBLIC_CAPITAL_EQUITY_NOT_NEW_CASH,275334486.07,4624956.73,273374931.66,11830258.39,"max(60 days baseline labour income, 660 days maintenance+freight+trade shortfall net of tax)",7702.7,FINITE
visual-territory-56,GCU_SCENARIO_ACCOUNTING_UNIT,2689954601.211093,161397276072.67,60523978527.249596,20174659509.0832,88768501839.96608,0,8069863803.63328,80698638036.3328,0,[],[],-10826052.027648,EXPLICIT_GENESIS_ALLOCATION; no invented historical debt,0.18,daily labour-income reference,BALANCE_REFERENCE_ONLY,10092526868277.82,GENESIS_PUBLIC_CAPITAL_EQUITY_NOT_NEW_CASH,560695937.13,48679258.48,484191828.22,136009419.42,"max(60 days baseline labour income, 660 days maintenance+freight+trade shortfall net of tax)",1186.66,FINITE
visual-territory-57,GCU_SCENARIO_ACCOUNTING_UNIT,1730580056.750446,103834803405.03,38938051276.88504,12979350425.628345,57109141872.764725,0,5191740170.251339,51917401702.51338,0,[],[],-7322193.286995,EXPLICIT_GENESIS_ALLOCATION; no invented historical debt,0.18,daily labour-income reference,BALANCE_REFERENCE_ONLY,6751800061680.54,GENESIS_PUBLIC_CAPITAL_EQUITY_NOT_NEW_CASH,375100003.42,18729471.61,311504410.22,89647258.1,"max(60 days baseline labour income, 660 days maintenance+freight+trade shortfall net of tax)",1158.26,FINITE
visual-territory-58,GCU_SCENARIO_ACCOUNTING_UNIT,2400717694.543212,144043061672.59,54016148127.222275,18005382709.074093,79223683919.92601,0,7202153083.629638,72021530836.29637,0,[],[],10063046.981533,EXPLICIT_GENESIS_ALLOCATION; no invented historical debt,0.18,daily labour-income reference,BALANCE_REFERENCE_ONLY,9072916940567.06,GENESIS_PUBLIC_CAPITAL_EQUITY_NOT_NEW_CASH,504050941.15,7785252.65,432129185.02,69643961.8,"max(60 days baseline labour income, 660 days maintenance+freight+trade shortfall net of tax)",2068.28,FINITE
visual-territory-59,GCU_SCENARIO_ACCOUNTING_UNIT,561486243.336,33689174600.16,12633440475.059998,4211146825.02,18529046030.087997,0,1684458730.008,16844587300.079998,0,[],[],2429557.914549,EXPLICIT_GENESIS_ALLOCATION; no invented historical debt,0.18,daily labour-income reference,BALANCE_REFERENCE_ONLY,2209431077021.29,GENESIS_PUBLIC_CAPITAL_EQUITY_NOT_NEW_CASH,122746170.95,8424948.18,101067523.8,27674037.42,"max(60 days baseline labour income, 660 days maintenance+freight+trade shortfall net of tax)",1217.36,FINITE
visual-territory-60,GCU_SCENARIO_ACCOUNTING_UNIT,2196681716.498091,131800902989.89,49425338621.20705,16475112873.735683,72490496644.43701,0,6590045149.494274,65900451494.94273,0,[],[],9338787.592669,EXPLICIT_GENESIS_ALLOCATION; no invented historical debt,0.18,daily labour-income reference,BALANCE_REFERENCE_ONLY,8410703121663.59,GENESIS_PUBLIC_CAPITAL_EQUITY_NOT_NEW_CASH,467261284.56,4765119.88,395402708.97,67284907.88,"max(60 days baseline labour income, 660 days maintenance+freight+trade shortfall net of tax)",1958.85,FINITE
visual-territory-61,GCU_SCENARIO_ACCOUNTING_UNIT,3125227775.337858,187513666520.27,70317624945.10179,23439208315.03393,103132516586.14929,0,9375683326.013573,93756833260.13573,0,[],[],-11274775.600587,EXPLICIT_GENESIS_ALLOCATION; no invented historical debt,0.18,daily labour-income reference,BALANCE_REFERENCE_ONLY,10462252678831.45,GENESIS_PUBLIC_CAPITAL_EQUITY_NOT_NEW_CASH,581236259.94,12699360.93,562540999.56,42669396.91,"max(60 days baseline labour income, 660 days maintenance+freight+trade shortfall net of tax)",4394.57,FINITE
visual-territory-62,GCU_SCENARIO_ACCOUNTING_UNIT,1591000225.344441,95460013520.67,35797505070.24992,11932501690.083307,52503007436.366554,0,4773000676.033323,47730006760.33323,0,[],[],1166421.1986,EXPLICIT_GENESIS_ALLOCATION; no invented historical debt,0.18,daily labour-income reference,BALANCE_REFERENCE_ONLY,6100216714794.37,GENESIS_PUBLIC_CAPITAL_EQUITY_NOT_NEW_CASH,338900928.6,28861492.6,286380040.56,80215959.44,"max(60 days baseline labour income, 660 days maintenance+freight+trade shortfall net of tax)",1190.04,FINITE
visual-territory-63,GCU_SCENARIO_ACCOUNTING_UNIT,2224465778.030858,133467946681.85,50050480005.6943,16683493335.231432,73407370675.0183,0,6673397334.092573,66733973340.92573,0,[],[],8902974.646544,EXPLICIT_GENESIS_ALLOCATION; no invented historical debt,0.18,daily labour-income reference,BALANCE_REFERENCE_ONLY,8205819636728.64,GENESIS_PUBLIC_CAPITAL_EQUITY_NOT_NEW_CASH,455878868.72,57222095.89,400403840.05,103794149.91,"max(60 days baseline labour income, 660 days maintenance+freight+trade shortfall net of tax)",1285.89,FINITE
visual-territory-64,GCU_SCENARIO_ACCOUNTING_UNIT,2720732233.417427,163243934005.05,61216475251.892105,20405491750.630703,89784163702.77509,0,8162196700.252281,81621967002.52281,0,[],[],10931676.284995,EXPLICIT_GENESIS_ALLOCATION; no invented historical debt,0.18,daily labour-income reference,BALANCE_REFERENCE_ONLY,9901996112297.43,GENESIS_PUBLIC_CAPITAL_EQUITY_NOT_NEW_CASH,550110895.12,9955904.47,489731802.02,59403321.29,"max(60 days baseline labour income, 660 days maintenance+freight+trade shortfall net of tax)",2748.06,FINITE
visual-territory-65,GCU_SCENARIO_ACCOUNTING_UNIT,2341978898.035723,140518733882.14,52694525205.80377,17564841735.267925,77285303635.17886,0,7025936694.10717,70259366941.0717,0,[],[],1924132.434419,EXPLICIT_GENESIS_ALLOCATION; no invented historical debt,0.18,daily labour-income reference,BALANCE_REFERENCE_ONLY,8792975830789.05,GENESIS_PUBLIC_CAPITAL_EQUITY_NOT_NEW_CASH,488498657.27,16583617.14,421556201.65,81601940.33,"max(60 days baseline labour income, 660 days maintenance+freight+trade shortfall net of tax)",1722.0,FINITE
visual-territory-66,GCU_SCENARIO_ACCOUNTING_UNIT,2398550164.628661,143913009877.72,53967378704.144875,17989126234.71496,79152155432.74582,0,7195650493.885983,71956504938.85983,0,[],[],1648039.6035,EXPLICIT_GENESIS_ALLOCATION; no invented historical debt,0.18,daily labour-income reference,BALANCE_REFERENCE_ONLY,8899962350320.7,GENESIS_PUBLIC_CAPITAL_EQUITY_NOT_NEW_CASH,494442352.79,67454866.91,431739029.63,128510150.46,"max(60 days baseline labour income, 660 days maintenance+freight+trade shortfall net of tax)",1119.86,FINITE
visual-territory-67,GCU_SCENARIO_ACCOUNTING_UNIT,2024241447.369168,121454486842.15,45545432565.806274,15181810855.268759,66799967763.18254,0,6072724342.107504,60727243421.075035,0,[],[],1312631.8416,EXPLICIT_GENESIS_ALLOCATION; no invented historical debt,0.18,daily labour-income reference,BALANCE_REFERENCE_ONLY,7105535393407.28,GENESIS_PUBLIC_CAPITAL_EQUITY_NOT_NEW_CASH,394751966.32,53058936.11,364363460.53,82134810.07,"max(60 days baseline labour income, 660 days maintenance+freight+trade shortfall net of tax)",1478.72,FINITE
visual-territory-68,GCU_SCENARIO_ACCOUNTING_UNIT,1479335048.566516,88760102913.99,33285038592.746613,11095012864.24887,48818056602.69503,0,4438005145.699549,44380051456.99548,0,[],[],6555227.275344,EXPLICIT_GENESIS_ALLOCATION; no invented historical debt,0.18,daily labour-income reference,BALANCE_REFERENCE_ONLY,6017119958378.12,GENESIS_PUBLIC_CAPITAL_EQUITY_NOT_NEW_CASH,334284442.14,61728475.75,266280308.74,123177381.88,"max(60 days baseline labour income, 660 days maintenance+freight+trade shortfall net of tax)",720.59,FINITE
visual-territory-69,GCU_SCENARIO_ACCOUNTING_UNIT,972524989.296,58351499357.76,21881812259.16,7293937419.72,32093324646.768,0,2917574967.888,29175749678.88,0,[],[],4421520.806149,EXPLICIT_GENESIS_ALLOCATION; no invented historical debt,0.18,daily labour-income reference,BALANCE_REFERENCE_ONLY,4020946589858.15,GENESIS_PUBLIC_CAPITAL_EQUITY_NOT_NEW_CASH,223385921.66,18690788.32,175054498.07,62600691.1,"max(60 days baseline labour income, 660 days maintenance+freight+trade shortfall net of tax)",932.12,FINITE
visual-territory-70,GCU_SCENARIO_ACCOUNTING_UNIT,631569801.72,37894188103.2,14210320538.7,4736773512.900001,20841803456.760002,0,1894709405.16,18947094051.600002,0,[],[],-2959074.434536,EXPLICIT_GENESIS_ALLOCATION; no invented historical debt,0.18,daily labour-income reference,BALANCE_REFERENCE_ONLY,2636703015358.93,GENESIS_PUBLIC_CAPITAL_EQUITY_NOT_NEW_CASH,146483500.85,4860392.45,113682564.31,40620403.43,"max(60 days baseline labour income, 660 days maintenance+freight+trade shortfall net of tax)",932.89,FINITE
