regionId,countryId,kind,exposure,annualEventProbabilityProposal,productionLossFractionProposal,durationSimDaysProposal,ruleAuthority
visual-territory-01-E1,visual-territory-01,DROUGHT,0.367,0.0594,0.25,90,AUTHORED_EVENT_RULE_NOT_OBSERVED_FREQUENCY
visual-territory-01-E1,visual-territory-01,FLOOD,0.43,0.0544,0.12,10,AUTHORED_EVENT_RULE_NOT_OBSERVED_FREQUENCY
visual-territory-01-E1,visual-territory-01,STORM,0.587,0.067,0.1,10,AUTHORED_EVENT_RULE_NOT_OBSERVED_FREQUENCY
visual-territory-02-E1,visual-territory-02,DROUGHT,0.361,0.0589,0.25,90,AUTHORED_EVENT_RULE_NOT_OBSERVED_FREQUENCY
visual-territory-02-E1,visual-territory-02,FLOOD,0.394,0.0515,0.12,10,AUTHORED_EVENT_RULE_NOT_OBSERVED_FREQUENCY
visual-territory-02-E1,visual-territory-02,STORM,0.545,0.0636,0.1,10,AUTHORED_EVENT_RULE_NOT_OBSERVED_FREQUENCY
visual-territory-03-E1,visual-territory-03,DROUGHT,0.333,0.0566,0.25,90,AUTHORED_EVENT_RULE_NOT_OBSERVED_FREQUENCY
visual-territory-03-E1,visual-territory-03,FLOOD,0.447,0.0558,0.12,10,AUTHORED_EVENT_RULE_NOT_OBSERVED_FREQUENCY
visual-territory-03-E1,visual-territory-03,STORM,0.644,0.0715,0.1,10,AUTHORED_EVENT_RULE_NOT_OBSERVED_FREQUENCY
visual-territory-03-E2,visual-territory-03,DROUGHT,0.368,0.0594,0.25,90,AUTHORED_EVENT_RULE_NOT_OBSERVED_FREQUENCY
visual-territory-03-E2,visual-territory-03,FLOOD,0.316,0.0453,0.12,10,AUTHORED_EVENT_RULE_NOT_OBSERVED_FREQUENCY
visual-territory-03-E2,visual-territory-03,STORM,0.426,0.0541,0.1,10,AUTHORED_EVENT_RULE_NOT_OBSERVED_FREQUENCY
visual-territory-04-E1,visual-territory-04,DROUGHT,0.342,0.0574,0.25,90,AUTHORED_EVENT_RULE_NOT_OBSERVED_FREQUENCY
visual-territory-04-E1,visual-territory-04,FLOOD,0.467,0.0574,0.12,10,AUTHORED_EVENT_RULE_NOT_OBSERVED_FREQUENCY
visual-territory-04-E1,visual-territory-04,STORM,0.664,0.0731,0.1,10,AUTHORED_EVENT_RULE_NOT_OBSERVED_FREQUENCY
visual-territory-04-E2,visual-territory-04,DROUGHT,0.39,0.0612,0.25,90,AUTHORED_EVENT_RULE_NOT_OBSERVED_FREQUENCY
visual-territory-04-E2,visual-territory-04,FLOOD,0.336,0.0469,0.12,10,AUTHORED_EVENT_RULE_NOT_OBSERVED_FREQUENCY
visual-territory-04-E2,visual-territory-04,STORM,0.436,0.0549,0.1,10,AUTHORED_EVENT_RULE_NOT_OBSERVED_FREQUENCY
visual-territory-05-E1,visual-territory-05,DROUGHT,0.331,0.0565,0.25,90,AUTHORED_EVENT_RULE_NOT_OBSERVED_FREQUENCY
visual-territory-05-E1,visual-territory-05,FLOOD,0.279,0.0423,0.12,10,AUTHORED_EVENT_RULE_NOT_OBSERVED_FREQUENCY
visual-territory-05-E1,visual-territory-05,STORM,0.403,0.0522,0.1,10,AUTHORED_EVENT_RULE_NOT_OBSERVED_FREQUENCY
visual-territory-05-E2,visual-territory-05,DROUGHT,0.31,0.0548,0.25,90,AUTHORED_EVENT_RULE_NOT_OBSERVED_FREQUENCY
visual-territory-05-E2,visual-territory-05,FLOOD,0.488,0.059,0.12,10,AUTHORED_EVENT_RULE_NOT_OBSERVED_FREQUENCY
visual-territory-05-E2,visual-territory-05,STORM,0.683,0.0746,0.1,10,AUTHORED_EVENT_RULE_NOT_OBSERVED_FREQUENCY
visual-territory-06-E1,visual-territory-06,DROUGHT,0.16,0.0428,0.25,90,AUTHORED_EVENT_RULE_NOT_OBSERVED_FREQUENCY
visual-territory-06-E1,visual-territory-06,FLOOD,0.515,0.0612,0.12,10,AUTHORED_EVENT_RULE_NOT_OBSERVED_FREQUENCY
visual-territory-06-E1,visual-territory-06,STORM,0.595,0.0676,0.1,10,AUTHORED_EVENT_RULE_NOT_OBSERVED_FREQUENCY
visual-territory-06-E2,visual-territory-06,DROUGHT,0.326,0.0561,0.25,90,AUTHORED_EVENT_RULE_NOT_OBSERVED_FREQUENCY
visual-territory-06-E2,visual-territory-06,FLOOD,0.309,0.0447,0.12,10,AUTHORED_EVENT_RULE_NOT_OBSERVED_FREQUENCY
visual-territory-06-E2,visual-territory-06,STORM,0.421,0.0537,0.1,10,AUTHORED_EVENT_RULE_NOT_OBSERVED_FREQUENCY
visual-territory-07-E1,visual-territory-07,DROUGHT,0.309,0.0547,0.25,90,AUTHORED_EVENT_RULE_NOT_OBSERVED_FREQUENCY
visual-territory-07-E1,visual-territory-07,FLOOD,0.337,0.047,0.12,10,AUTHORED_EVENT_RULE_NOT_OBSERVED_FREQUENCY
visual-territory-07-E1,visual-territory-07,STORM,0.47,0.0576,0.1,10,AUTHORED_EVENT_RULE_NOT_OBSERVED_FREQUENCY
visual-territory-07-E2,visual-territory-07,DROUGHT,0.308,0.0546,0.25,90,AUTHORED_EVENT_RULE_NOT_OBSERVED_FREQUENCY
visual-territory-07-E2,visual-territory-07,FLOOD,0.33,0.0464,0.12,10,AUTHORED_EVENT_RULE_NOT_OBSERVED_FREQUENCY
visual-territory-07-E2,visual-territory-07,STORM,0.458,0.0566,0.1,10,AUTHORED_EVENT_RULE_NOT_OBSERVED_FREQUENCY
visual-territory-08-E1,visual-territory-08,DROUGHT,0.349,0.0579,0.25,90,AUTHORED_EVENT_RULE_NOT_OBSERVED_FREQUENCY
visual-territory-08-E1,visual-territory-08,FLOOD,0.269,0.0415,0.12,10,AUTHORED_EVENT_RULE_NOT_OBSERVED_FREQUENCY
visual-territory-08-E1,visual-territory-08,STORM,0.408,0.0526,0.1,10,AUTHORED_EVENT_RULE_NOT_OBSERVED_FREQUENCY
visual-territory-08-E2,visual-territory-08,DROUGHT,0.308,0.0546,0.25,90,AUTHORED_EVENT_RULE_NOT_OBSERVED_FREQUENCY
visual-territory-08-E2,visual-territory-08,FLOOD,0.37,0.0496,0.12,10,AUTHORED_EVENT_RULE_NOT_OBSERVED_FREQUENCY
visual-territory-08-E2,visual-territory-08,STORM,0.512,0.061,0.1,10,AUTHORED_EVENT_RULE_NOT_OBSERVED_FREQUENCY
visual-territory-09-E1,visual-territory-09,DROUGHT,0.403,0.0622,0.25,90,AUTHORED_EVENT_RULE_NOT_OBSERVED_FREQUENCY
visual-territory-09-E1,visual-territory-09,FLOOD,0.378,0.0502,0.12,10,AUTHORED_EVENT_RULE_NOT_OBSERVED_FREQUENCY
visual-territory-09-E1,visual-territory-09,STORM,0.619,0.0695,0.1,10,AUTHORED_EVENT_RULE_NOT_OBSERVED_FREQUENCY
visual-territory-09-E2,visual-territory-09,DROUGHT,0.636,0.0809,0.25,90,AUTHORED_EVENT_RULE_NOT_OBSERVED_FREQUENCY
visual-territory-09-E2,visual-territory-09,FLOOD,0.128,0.0302,0.12,10,AUTHORED_EVENT_RULE_NOT_OBSERVED_FREQUENCY
visual-territory-09-E2,visual-territory-09,STORM,0.341,0.0473,0.1,10,AUTHORED_EVENT_RULE_NOT_OBSERVED_FREQUENCY
visual-territory-10-E1,visual-territory-10,DROUGHT,0.223,0.0478,0.25,90,AUTHORED_EVENT_RULE_NOT_OBSERVED_FREQUENCY
visual-territory-10-E1,visual-territory-10,FLOOD,0.437,0.055,0.12,10,AUTHORED_EVENT_RULE_NOT_OBSERVED_FREQUENCY
visual-territory-10-E1,visual-territory-10,STORM,0.526,0.0621,0.1,10,AUTHORED_EVENT_RULE_NOT_OBSERVED_FREQUENCY
visual-territory-10-E2,visual-territory-10,DROUGHT,0.307,0.0546,0.25,90,AUTHORED_EVENT_RULE_NOT_OBSERVED_FREQUENCY
visual-territory-10-E2,visual-territory-10,FLOOD,0.49,0.0592,0.12,10,AUTHORED_EVENT_RULE_NOT_OBSERVED_FREQUENCY
visual-territory-10-E2,visual-territory-10,STORM,0.676,0.0741,0.1,10,AUTHORED_EVENT_RULE_NOT_OBSERVED_FREQUENCY
visual-territory-11-E1,visual-territory-11,DROUGHT,0.605,0.0784,0.25,90,AUTHORED_EVENT_RULE_NOT_OBSERVED_FREQUENCY
visual-territory-11-E1,visual-territory-11,FLOOD,0.207,0.0366,0.12,10,AUTHORED_EVENT_RULE_NOT_OBSERVED_FREQUENCY
visual-territory-11-E1,visual-territory-11,STORM,0.471,0.0577,0.1,10,AUTHORED_EVENT_RULE_NOT_OBSERVED_FREQUENCY
visual-territory-12-E1,visual-territory-12,DROUGHT,0.432,0.0646,0.25,90,AUTHORED_EVENT_RULE_NOT_OBSERVED_FREQUENCY
visual-territory-12-E1,visual-territory-12,FLOOD,0.359,0.0487,0.12,10,AUTHORED_EVENT_RULE_NOT_OBSERVED_FREQUENCY
visual-territory-12-E1,visual-territory-12,STORM,0.627,0.0702,0.1,10,AUTHORED_EVENT_RULE_NOT_OBSERVED_FREQUENCY
visual-territory-12-E2,visual-territory-12,DROUGHT,0.611,0.0789,0.25,90,AUTHORED_EVENT_RULE_NOT_OBSERVED_FREQUENCY
visual-territory-12-E2,visual-territory-12,FLOOD,0.161,0.0329,0.12,10,AUTHORED_EVENT_RULE_NOT_OBSERVED_FREQUENCY
visual-territory-12-E2,visual-territory-12,STORM,0.413,0.053,0.1,10,AUTHORED_EVENT_RULE_NOT_OBSERVED_FREQUENCY
visual-territory-13-E1,visual-territory-13,DROUGHT,0.726,0.0881,0.25,90,AUTHORED_EVENT_RULE_NOT_OBSERVED_FREQUENCY
visual-territory-13-E1,visual-territory-13,FLOOD,0.146,0.0317,0.12,10,AUTHORED_EVENT_RULE_NOT_OBSERVED_FREQUENCY
visual-territory-13-E1,visual-territory-13,STORM,0.444,0.0555,0.1,10,AUTHORED_EVENT_RULE_NOT_OBSERVED_FREQUENCY
visual-territory-13-E2,visual-territory-13,DROUGHT,0.941,0.1053,0.25,90,AUTHORED_EVENT_RULE_NOT_OBSERVED_FREQUENCY
visual-territory-13-E2,visual-territory-13,FLOOD,0.018,0.0214,0.12,10,AUTHORED_EVENT_RULE_NOT_OBSERVED_FREQUENCY
visual-territory-13-E2,visual-territory-13,STORM,0.294,0.0435,0.1,10,AUTHORED_EVENT_RULE_NOT_OBSERVED_FREQUENCY
visual-territory-14-E1,visual-territory-14,DROUGHT,0.689,0.0851,0.25,90,AUTHORED_EVENT_RULE_NOT_OBSERVED_FREQUENCY
visual-territory-14-E1,visual-territory-14,FLOOD,0.085,0.0268,0.12,10,AUTHORED_EVENT_RULE_NOT_OBSERVED_FREQUENCY
visual-territory-14-E1,visual-territory-14,STORM,0.266,0.0413,0.1,10,AUTHORED_EVENT_RULE_NOT_OBSERVED_FREQUENCY
visual-territory-14-E2,visual-territory-14,DROUGHT,0.311,0.0549,0.25,90,AUTHORED_EVENT_RULE_NOT_OBSERVED_FREQUENCY
visual-territory-14-E2,visual-territory-14,FLOOD,0.32,0.0456,0.12,10,AUTHORED_EVENT_RULE_NOT_OBSERVED_FREQUENCY
visual-territory-14-E2,visual-territory-14,STORM,0.447,0.0558,0.1,10,AUTHORED_EVENT_RULE_NOT_OBSERVED_FREQUENCY
visual-territory-15-E1,visual-territory-15,DROUGHT,0.483,0.0686,0.25,90,AUTHORED_EVENT_RULE_NOT_OBSERVED_FREQUENCY
visual-territory-15-E1,visual-territory-15,FLOOD,0.161,0.0329,0.12,10,AUTHORED_EVENT_RULE_NOT_OBSERVED_FREQUENCY
visual-territory-15-E1,visual-territory-15,STORM,0.309,0.0447,0.1,10,AUTHORED_EVENT_RULE_NOT_OBSERVED_FREQUENCY
visual-territory-15-E2,visual-territory-15,DROUGHT,0.315,0.0552,0.25,90,AUTHORED_EVENT_RULE_NOT_OBSERVED_FREQUENCY
visual-territory-15-E2,visual-territory-15,FLOOD,0.422,0.0538,0.12,10,AUTHORED_EVENT_RULE_NOT_OBSERVED_FREQUENCY
visual-territory-15-E2,visual-territory-15,STORM,0.6,0.068,0.1,10,AUTHORED_EVENT_RULE_NOT_OBSERVED_FREQUENCY
visual-territory-16-E1,visual-territory-16,DROUGHT,0.308,0.0546,0.25,90,AUTHORED_EVENT_RULE_NOT_OBSERVED_FREQUENCY
visual-territory-16-E1,visual-territory-16,FLOOD,0.456,0.0565,0.12,10,AUTHORED_EVENT_RULE_NOT_OBSERVED_FREQUENCY
visual-territory-16-E1,visual-territory-16,STORM,0.632,0.0706,0.1,10,AUTHORED_EVENT_RULE_NOT_OBSERVED_FREQUENCY
visual-territory-16-E2,visual-territory-16,DROUGHT,0.314,0.0551,0.25,90,AUTHORED_EVENT_RULE_NOT_OBSERVED_FREQUENCY
visual-territory-16-E2,visual-territory-16,FLOOD,0.564,0.0651,0.12,10,AUTHORED_EVENT_RULE_NOT_OBSERVED_FREQUENCY
visual-territory-16-E2,visual-territory-16,STORM,0.803,0.0842,0.1,10,AUTHORED_EVENT_RULE_NOT_OBSERVED_FREQUENCY
visual-territory-17-E1,visual-territory-17,DROUGHT,0.635,0.0808,0.25,90,AUTHORED_EVENT_RULE_NOT_OBSERVED_FREQUENCY
visual-territory-17-E1,visual-territory-17,FLOOD,0.255,0.0404,0.12,10,AUTHORED_EVENT_RULE_NOT_OBSERVED_FREQUENCY
visual-territory-17-E1,visual-territory-17,STORM,0.524,0.0619,0.1,10,AUTHORED_EVENT_RULE_NOT_OBSERVED_FREQUENCY
visual-territory-18-E1,visual-territory-18,DROUGHT,0.759,0.0907,0.25,90,AUTHORED_EVENT_RULE_NOT_OBSERVED_FREQUENCY
visual-territory-18-E1,visual-territory-18,FLOOD,0.117,0.0294,0.12,10,AUTHORED_EVENT_RULE_NOT_OBSERVED_FREQUENCY
visual-territory-18-E1,visual-territory-18,STORM,0.242,0.0394,0.1,10,AUTHORED_EVENT_RULE_NOT_OBSERVED_FREQUENCY
visual-territory-19-E1,visual-territory-19,DROUGHT,0.704,0.0863,0.25,90,AUTHORED_EVENT_RULE_NOT_OBSERVED_FREQUENCY
visual-territory-19-E1,visual-territory-19,FLOOD,0.131,0.0305,0.12,10,AUTHORED_EVENT_RULE_NOT_OBSERVED_FREQUENCY
visual-territory-19-E1,visual-territory-19,STORM,0.235,0.0388,0.1,10,AUTHORED_EVENT_RULE_NOT_OBSERVED_FREQUENCY
visual-territory-20-E1,visual-territory-20,DROUGHT,0.82,0.0956,0.25,90,AUTHORED_EVENT_RULE_NOT_OBSERVED_FREQUENCY
visual-territory-20-E1,visual-territory-20,FLOOD,0.044,0.0235,0.12,10,AUTHORED_EVENT_RULE_NOT_OBSERVED_FREQUENCY
visual-territory-20-E1,visual-territory-20,STORM,0.111,0.0289,0.1,10,AUTHORED_EVENT_RULE_NOT_OBSERVED_FREQUENCY
visual-territory-20-E2,visual-territory-20,DROUGHT,0.848,0.0978,0.25,90,AUTHORED_EVENT_RULE_NOT_OBSERVED_FREQUENCY
visual-territory-20-E2,visual-territory-20,FLOOD,0.034,0.0227,0.12,10,AUTHORED_EVENT_RULE_NOT_OBSERVED_FREQUENCY
visual-territory-20-E2,visual-territory-20,STORM,0.134,0.0307,0.1,10,AUTHORED_EVENT_RULE_NOT_OBSERVED_FREQUENCY
visual-territory-21-E1,visual-territory-21,DROUGHT,0.762,0.091,0.25,90,AUTHORED_EVENT_RULE_NOT_OBSERVED_FREQUENCY
visual-territory-21-E1,visual-territory-21,FLOOD,0.065,0.0252,0.12,10,AUTHORED_EVENT_RULE_NOT_OBSERVED_FREQUENCY
visual-territory-21-E1,visual-territory-21,STORM,0.142,0.0314,0.1,10,AUTHORED_EVENT_RULE_NOT_OBSERVED_FREQUENCY
visual-territory-21-E2,visual-territory-21,DROUGHT,0.677,0.0842,0.25,90,AUTHORED_EVENT_RULE_NOT_OBSERVED_FREQUENCY
visual-territory-21-E2,visual-territory-21,FLOOD,0.132,0.0306,0.12,10,AUTHORED_EVENT_RULE_NOT_OBSERVED_FREQUENCY
visual-territory-21-E2,visual-territory-21,STORM,0.209,0.0367,0.1,10,AUTHORED_EVENT_RULE_NOT_OBSERVED_FREQUENCY
visual-territory-22-E1,visual-territory-22,DROUGHT,0.586,0.0769,0.25,90,AUTHORED_EVENT_RULE_NOT_OBSERVED_FREQUENCY
visual-territory-22-E1,visual-territory-22,FLOOD,0.237,0.039,0.12,10,AUTHORED_EVENT_RULE_NOT_OBSERVED_FREQUENCY
visual-territory-22-E1,visual-territory-22,STORM,0.213,0.037,0.1,10,AUTHORED_EVENT_RULE_NOT_OBSERVED_FREQUENCY
visual-territory-23-E1,visual-territory-23,DROUGHT,0.594,0.0775,0.25,90,AUTHORED_EVENT_RULE_NOT_OBSERVED_FREQUENCY
visual-territory-23-E1,visual-territory-23,FLOOD,0.193,0.0354,0.12,10,AUTHORED_EVENT_RULE_NOT_OBSERVED_FREQUENCY
visual-territory-23-E1,visual-territory-23,STORM,0.265,0.0412,0.1,10,AUTHORED_EVENT_RULE_NOT_OBSERVED_FREQUENCY
visual-territory-23-E2,visual-territory-23,DROUGHT,0.594,0.0775,0.25,90,AUTHORED_EVENT_RULE_NOT_OBSERVED_FREQUENCY
visual-territory-23-E2,visual-territory-23,FLOOD,0.168,0.0334,0.12,10,AUTHORED_EVENT_RULE_NOT_OBSERVED_FREQUENCY
visual-territory-23-E2,visual-territory-23,STORM,0.215,0.0372,0.1,10,AUTHORED_EVENT_RULE_NOT_OBSERVED_FREQUENCY
visual-territory-24-E1,visual-territory-24,DROUGHT,0.485,0.0688,0.25,90,AUTHORED_EVENT_RULE_NOT_OBSERVED_FREQUENCY
visual-territory-24-E1,visual-territory-24,FLOOD,0.324,0.0459,0.12,10,AUTHORED_EVENT_RULE_NOT_OBSERVED_FREQUENCY
visual-territory-24-E1,visual-territory-24,STORM,0.37,0.0496,0.1,10,AUTHORED_EVENT_RULE_NOT_OBSERVED_FREQUENCY
visual-territory-24-E2,visual-territory-24,DROUGHT,0.468,0.0674,0.25,90,AUTHORED_EVENT_RULE_NOT_OBSERVED_FREQUENCY
visual-territory-24-E2,visual-territory-24,FLOOD,0.427,0.0542,0.12,10,AUTHORED_EVENT_RULE_NOT_OBSERVED_FREQUENCY
visual-territory-24-E2,visual-territory-24,STORM,0.461,0.0569,0.1,10,AUTHORED_EVENT_RULE_NOT_OBSERVED_FREQUENCY
visual-territory-25-E1,visual-territory-25,DROUGHT,0.589,0.0771,0.25,90,AUTHORED_EVENT_RULE_NOT_OBSERVED_FREQUENCY
visual-territory-25-E1,visual-territory-25,FLOOD,0.331,0.0465,0.12,10,AUTHORED_EVENT_RULE_NOT_OBSERVED_FREQUENCY
visual-territory-25-E1,visual-territory-25,STORM,0.307,0.0446,0.1,10,AUTHORED_EVENT_RULE_NOT_OBSERVED_FREQUENCY
visual-territory-26-E1,visual-territory-26,DROUGHT,0.702,0.0862,0.25,90,AUTHORED_EVENT_RULE_NOT_OBSERVED_FREQUENCY
visual-territory-26-E1,visual-territory-26,FLOOD,0.193,0.0354,0.12,10,AUTHORED_EVENT_RULE_NOT_OBSERVED_FREQUENCY
visual-territory-26-E1,visual-territory-26,STORM,0.207,0.0366,0.1,10,AUTHORED_EVENT_RULE_NOT_OBSERVED_FREQUENCY
visual-territory-26-E2,visual-territory-26,DROUGHT,0.722,0.0878,0.25,90,AUTHORED_EVENT_RULE_NOT_OBSERVED_FREQUENCY
visual-territory-26-E2,visual-territory-26,FLOOD,0.149,0.0319,0.12,10,AUTHORED_EVENT_RULE_NOT_OBSERVED_FREQUENCY
visual-territory-26-E2,visual-territory-26,STORM,0.179,0.0343,0.1,10,AUTHORED_EVENT_RULE_NOT_OBSERVED_FREQUENCY
visual-territory-27-E1,visual-territory-27,DROUGHT,0.729,0.0883,0.25,90,AUTHORED_EVENT_RULE_NOT_OBSERVED_FREQUENCY
visual-territory-27-E1,visual-territory-27,FLOOD,0.108,0.0286,0.12,10,AUTHORED_EVENT_RULE_NOT_OBSERVED_FREQUENCY
visual-territory-27-E1,visual-territory-27,STORM,0.132,0.0306,0.1,10,AUTHORED_EVENT_RULE_NOT_OBSERVED_FREQUENCY
visual-territory-27-E2,visual-territory-27,DROUGHT,0.682,0.0846,0.25,90,AUTHORED_EVENT_RULE_NOT_OBSERVED_FREQUENCY
visual-territory-27-E2,visual-territory-27,FLOOD,0.118,0.0294,0.12,10,AUTHORED_EVENT_RULE_NOT_OBSERVED_FREQUENCY
visual-territory-27-E2,visual-territory-27,STORM,0.147,0.0318,0.1,10,AUTHORED_EVENT_RULE_NOT_OBSERVED_FREQUENCY
visual-territory-28-E1,visual-territory-28,DROUGHT,0.738,0.089,0.25,90,AUTHORED_EVENT_RULE_NOT_OBSERVED_FREQUENCY
visual-territory-28-E1,visual-territory-28,FLOOD,0.169,0.0335,0.12,10,AUTHORED_EVENT_RULE_NOT_OBSERVED_FREQUENCY
visual-territory-28-E1,visual-territory-28,STORM,0.153,0.0322,0.1,10,AUTHORED_EVENT_RULE_NOT_OBSERVED_FREQUENCY
visual-territory-28-E2,visual-territory-28,DROUGHT,0.73,0.0884,0.25,90,AUTHORED_EVENT_RULE_NOT_OBSERVED_FREQUENCY
visual-territory-28-E2,visual-territory-28,FLOOD,0.126,0.0301,0.12,10,AUTHORED_EVENT_RULE_NOT_OBSERVED_FREQUENCY
visual-territory-28-E2,visual-territory-28,STORM,0.126,0.0301,0.1,10,AUTHORED_EVENT_RULE_NOT_OBSERVED_FREQUENCY
visual-territory-29-E1,visual-territory-29,DROUGHT,0.714,0.0871,0.25,90,AUTHORED_EVENT_RULE_NOT_OBSERVED_FREQUENCY
visual-territory-29-E1,visual-territory-29,FLOOD,0.149,0.0319,0.12,10,AUTHORED_EVENT_RULE_NOT_OBSERVED_FREQUENCY
visual-territory-29-E1,visual-territory-29,STORM,0.159,0.0327,0.1,10,AUTHORED_EVENT_RULE_NOT_OBSERVED_FREQUENCY
visual-territory-29-E2,visual-territory-29,DROUGHT,0.715,0.0872,0.25,90,AUTHORED_EVENT_RULE_NOT_OBSERVED_FREQUENCY
visual-territory-29-E2,visual-territory-29,FLOOD,0.174,0.0339,0.12,10,AUTHORED_EVENT_RULE_NOT_OBSERVED_FREQUENCY
visual-territory-29-E2,visual-territory-29,STORM,0.164,0.0331,0.1,10,AUTHORED_EVENT_RULE_NOT_OBSERVED_FREQUENCY
visual-territory-30-E1,visual-territory-30,DROUGHT,0.649,0.0819,0.25,90,AUTHORED_EVENT_RULE_NOT_OBSERVED_FREQUENCY
visual-territory-30-E1,visual-territory-30,FLOOD,0.211,0.0369,0.12,10,AUTHORED_EVENT_RULE_NOT_OBSERVED_FREQUENCY
visual-territory-30-E1,visual-territory-30,STORM,0.213,0.037,0.1,10,AUTHORED_EVENT_RULE_NOT_OBSERVED_FREQUENCY
visual-territory-30-E2,visual-territory-30,DROUGHT,0.675,0.084,0.25,90,AUTHORED_EVENT_RULE_NOT_OBSERVED_FREQUENCY
visual-territory-30-E2,visual-territory-30,FLOOD,0.232,0.0386,0.12,10,AUTHORED_EVENT_RULE_NOT_OBSERVED_FREQUENCY
visual-territory-30-E2,visual-territory-30,STORM,0.197,0.0358,0.1,10,AUTHORED_EVENT_RULE_NOT_OBSERVED_FREQUENCY
visual-territory-31-E1,visual-territory-31,DROUGHT,0.614,0.0791,0.25,90,AUTHORED_EVENT_RULE_NOT_OBSERVED_FREQUENCY
visual-territory-31-E1,visual-territory-31,FLOOD,0.285,0.0428,0.12,10,AUTHORED_EVENT_RULE_NOT_OBSERVED_FREQUENCY
visual-territory-31-E1,visual-territory-31,STORM,0.267,0.0414,0.1,10,AUTHORED_EVENT_RULE_NOT_OBSERVED_FREQUENCY
visual-territory-31-E2,visual-territory-31,DROUGHT,0.579,0.0763,0.25,90,AUTHORED_EVENT_RULE_NOT_OBSERVED_FREQUENCY
visual-territory-31-E2,visual-territory-31,FLOOD,0.313,0.045,0.12,10,AUTHORED_EVENT_RULE_NOT_OBSERVED_FREQUENCY
visual-territory-31-E2,visual-territory-31,STORM,0.287,0.043,0.1,10,AUTHORED_EVENT_RULE_NOT_OBSERVED_FREQUENCY
visual-territory-32-E1,visual-territory-32,DROUGHT,0.767,0.0914,0.25,90,AUTHORED_EVENT_RULE_NOT_OBSERVED_FREQUENCY
visual-territory-32-E1,visual-territory-32,FLOOD,0.173,0.0338,0.12,10,AUTHORED_EVENT_RULE_NOT_OBSERVED_FREQUENCY
visual-territory-32-E1,visual-territory-32,STORM,0.121,0.0297,0.1,10,AUTHORED_EVENT_RULE_NOT_OBSERVED_FREQUENCY
visual-territory-32-E2,visual-territory-32,DROUGHT,0.727,0.0882,0.25,90,AUTHORED_EVENT_RULE_NOT_OBSERVED_FREQUENCY
visual-territory-32-E2,visual-territory-32,FLOOD,0.239,0.0391,0.12,10,AUTHORED_EVENT_RULE_NOT_OBSERVED_FREQUENCY
visual-territory-32-E2,visual-territory-32,STORM,0.184,0.0347,0.1,10,AUTHORED_EVENT_RULE_NOT_OBSERVED_FREQUENCY
visual-territory-33-E1,visual-territory-33,DROUGHT,0.576,0.0761,0.25,90,AUTHORED_EVENT_RULE_NOT_OBSERVED_FREQUENCY
visual-territory-33-E1,visual-territory-33,FLOOD,0.293,0.0434,0.12,10,AUTHORED_EVENT_RULE_NOT_OBSERVED_FREQUENCY
visual-territory-33-E1,visual-territory-33,STORM,0.278,0.0422,0.1,10,AUTHORED_EVENT_RULE_NOT_OBSERVED_FREQUENCY
visual-territory-33-E2,visual-territory-33,DROUGHT,0.712,0.087,0.25,90,AUTHORED_EVENT_RULE_NOT_OBSERVED_FREQUENCY
visual-territory-33-E2,visual-territory-33,FLOOD,0.146,0.0317,0.12,10,AUTHORED_EVENT_RULE_NOT_OBSERVED_FREQUENCY
visual-territory-33-E2,visual-territory-33,STORM,0.093,0.0274,0.1,10,AUTHORED_EVENT_RULE_NOT_OBSERVED_FREQUENCY
visual-territory-34-E1,visual-territory-34,DROUGHT,0.642,0.0814,0.25,90,AUTHORED_EVENT_RULE_NOT_OBSERVED_FREQUENCY
visual-territory-34-E1,visual-territory-34,FLOOD,0.153,0.0322,0.12,10,AUTHORED_EVENT_RULE_NOT_OBSERVED_FREQUENCY
visual-territory-34-E1,visual-territory-34,STORM,0.139,0.0311,0.1,10,AUTHORED_EVENT_RULE_NOT_OBSERVED_FREQUENCY
visual-territory-34-E2,visual-territory-34,DROUGHT,0.662,0.083,0.25,90,AUTHORED_EVENT_RULE_NOT_OBSERVED_FREQUENCY
visual-territory-34-E2,visual-territory-34,FLOOD,0.137,0.031,0.12,10,AUTHORED_EVENT_RULE_NOT_OBSERVED_FREQUENCY
visual-territory-34-E2,visual-territory-34,STORM,0.133,0.0306,0.1,10,AUTHORED_EVENT_RULE_NOT_OBSERVED_FREQUENCY
visual-territory-35-E1,visual-territory-35,DROUGHT,0.621,0.0797,0.25,90,AUTHORED_EVENT_RULE_NOT_OBSERVED_FREQUENCY
visual-territory-35-E1,visual-territory-35,FLOOD,0.19,0.0352,0.12,10,AUTHORED_EVENT_RULE_NOT_OBSERVED_FREQUENCY
visual-territory-35-E1,visual-territory-35,STORM,0.179,0.0343,0.1,10,AUTHORED_EVENT_RULE_NOT_OBSERVED_FREQUENCY
visual-territory-35-E2,visual-territory-35,DROUGHT,0.641,0.0813,0.25,90,AUTHORED_EVENT_RULE_NOT_OBSERVED_FREQUENCY
visual-territory-35-E2,visual-territory-35,FLOOD,0.236,0.0389,0.12,10,AUTHORED_EVENT_RULE_NOT_OBSERVED_FREQUENCY
visual-territory-35-E2,visual-territory-35,STORM,0.174,0.0339,0.1,10,AUTHORED_EVENT_RULE_NOT_OBSERVED_FREQUENCY
visual-territory-36-E1,visual-territory-36,DROUGHT,0.623,0.0798,0.25,90,AUTHORED_EVENT_RULE_NOT_OBSERVED_FREQUENCY
visual-territory-36-E1,visual-territory-36,FLOOD,0.263,0.041,0.12,10,AUTHORED_EVENT_RULE_NOT_OBSERVED_FREQUENCY
visual-territory-36-E1,visual-territory-36,STORM,0.161,0.0329,0.1,10,AUTHORED_EVENT_RULE_NOT_OBSERVED_FREQUENCY
visual-territory-37-E1,visual-territory-37,DROUGHT,0.511,0.0709,0.25,90,AUTHORED_EVENT_RULE_NOT_OBSERVED_FREQUENCY
visual-territory-37-E1,visual-territory-37,FLOOD,0.349,0.0479,0.12,10,AUTHORED_EVENT_RULE_NOT_OBSERVED_FREQUENCY
visual-territory-37-E1,visual-territory-37,STORM,0.328,0.0462,0.1,10,AUTHORED_EVENT_RULE_NOT_OBSERVED_FREQUENCY
visual-territory-38-E1,visual-territory-38,DROUGHT,0.505,0.0704,0.25,90,AUTHORED_EVENT_RULE_NOT_OBSERVED_FREQUENCY
visual-territory-38-E1,visual-territory-38,FLOOD,0.365,0.0492,0.12,10,AUTHORED_EVENT_RULE_NOT_OBSERVED_FREQUENCY
visual-territory-38-E1,visual-territory-38,STORM,0.359,0.0487,0.1,10,AUTHORED_EVENT_RULE_NOT_OBSERVED_FREQUENCY
visual-territory-38-E2,visual-territory-38,DROUGHT,0.653,0.0822,0.25,90,AUTHORED_EVENT_RULE_NOT_OBSERVED_FREQUENCY
visual-territory-38-E2,visual-territory-38,FLOOD,0.15,0.032,0.12,10,AUTHORED_EVENT_RULE_NOT_OBSERVED_FREQUENCY
visual-territory-38-E2,visual-territory-38,STORM,0.234,0.0387,0.1,10,AUTHORED_EVENT_RULE_NOT_OBSERVED_FREQUENCY
visual-territory-39-E1,visual-territory-39,DROUGHT,0.716,0.0873,0.25,90,AUTHORED_EVENT_RULE_NOT_OBSERVED_FREQUENCY
visual-territory-39-E1,visual-territory-39,FLOOD,0.158,0.0326,0.12,10,AUTHORED_EVENT_RULE_NOT_OBSERVED_FREQUENCY
visual-territory-39-E1,visual-territory-39,STORM,0.25,0.04,0.1,10,AUTHORED_EVENT_RULE_NOT_OBSERVED_FREQUENCY
visual-territory-39-E2,visual-territory-39,DROUGHT,0.659,0.0827,0.25,90,AUTHORED_EVENT_RULE_NOT_OBSERVED_FREQUENCY
visual-territory-39-E2,visual-territory-39,FLOOD,0.171,0.0337,0.12,10,AUTHORED_EVENT_RULE_NOT_OBSERVED_FREQUENCY
visual-territory-39-E2,visual-territory-39,STORM,0.205,0.0364,0.1,10,AUTHORED_EVENT_RULE_NOT_OBSERVED_FREQUENCY
visual-territory-40-E1,visual-territory-40,DROUGHT,0.679,0.0843,0.25,90,AUTHORED_EVENT_RULE_NOT_OBSERVED_FREQUENCY
visual-territory-40-E1,visual-territory-40,FLOOD,0.125,0.03,0.12,10,AUTHORED_EVENT_RULE_NOT_OBSERVED_FREQUENCY
visual-territory-40-E1,visual-territory-40,STORM,0.294,0.0435,0.1,10,AUTHORED_EVENT_RULE_NOT_OBSERVED_FREQUENCY
visual-territory-40-E2,visual-territory-40,DROUGHT,0.775,0.092,0.25,90,AUTHORED_EVENT_RULE_NOT_OBSERVED_FREQUENCY
visual-territory-40-E2,visual-territory-40,FLOOD,0.083,0.0266,0.12,10,AUTHORED_EVENT_RULE_NOT_OBSERVED_FREQUENCY
visual-territory-40-E2,visual-territory-40,STORM,0.287,0.043,0.1,10,AUTHORED_EVENT_RULE_NOT_OBSERVED_FREQUENCY
visual-territory-41-E1,visual-territory-41,DROUGHT,0.588,0.077,0.25,90,AUTHORED_EVENT_RULE_NOT_OBSERVED_FREQUENCY
visual-territory-41-E1,visual-territory-41,FLOOD,0.201,0.0361,0.12,10,AUTHORED_EVENT_RULE_NOT_OBSERVED_FREQUENCY
visual-territory-41-E1,visual-territory-41,STORM,0.262,0.041,0.1,10,AUTHORED_EVENT_RULE_NOT_OBSERVED_FREQUENCY
visual-territory-41-E2,visual-territory-41,DROUGHT,0.537,0.073,0.25,90,AUTHORED_EVENT_RULE_NOT_OBSERVED_FREQUENCY
visual-territory-41-E2,visual-territory-41,FLOOD,0.265,0.0412,0.12,10,AUTHORED_EVENT_RULE_NOT_OBSERVED_FREQUENCY
visual-territory-41-E2,visual-territory-41,STORM,0.288,0.043,0.1,10,AUTHORED_EVENT_RULE_NOT_OBSERVED_FREQUENCY
visual-territory-42-E1,visual-territory-42,DROUGHT,0.516,0.0713,0.25,90,AUTHORED_EVENT_RULE_NOT_OBSERVED_FREQUENCY
visual-territory-42-E1,visual-territory-42,FLOOD,0.316,0.0453,0.12,10,AUTHORED_EVENT_RULE_NOT_OBSERVED_FREQUENCY
visual-territory-42-E1,visual-territory-42,STORM,0.321,0.0457,0.1,10,AUTHORED_EVENT_RULE_NOT_OBSERVED_FREQUENCY
visual-territory-43-E1,visual-territory-43,DROUGHT,0.514,0.0711,0.25,90,AUTHORED_EVENT_RULE_NOT_OBSERVED_FREQUENCY
visual-territory-43-E1,visual-territory-43,FLOOD,0.318,0.0454,0.12,10,AUTHORED_EVENT_RULE_NOT_OBSERVED_FREQUENCY
visual-territory-43-E1,visual-territory-43,STORM,0.32,0.0456,0.1,10,AUTHORED_EVENT_RULE_NOT_OBSERVED_FREQUENCY
visual-territory-44-E1,visual-territory-44,DROUGHT,0.121,0.0397,0.25,90,AUTHORED_EVENT_RULE_NOT_OBSERVED_FREQUENCY
visual-territory-44-E1,visual-territory-44,FLOOD,0.583,0.0666,0.12,10,AUTHORED_EVENT_RULE_NOT_OBSERVED_FREQUENCY
visual-territory-44-E1,visual-territory-44,STORM,0.617,0.0694,0.1,10,AUTHORED_EVENT_RULE_NOT_OBSERVED_FREQUENCY
visual-territory-44-E2,visual-territory-44,DROUGHT,0.273,0.0518,0.25,90,AUTHORED_EVENT_RULE_NOT_OBSERVED_FREQUENCY
visual-territory-44-E2,visual-territory-44,FLOOD,0.401,0.0521,0.12,10,AUTHORED_EVENT_RULE_NOT_OBSERVED_FREQUENCY
visual-territory-44-E2,visual-territory-44,STORM,0.531,0.0625,0.1,10,AUTHORED_EVENT_RULE_NOT_OBSERVED_FREQUENCY
visual-territory-45-E1,visual-territory-45,DROUGHT,0.687,0.085,0.25,90,AUTHORED_EVENT_RULE_NOT_OBSERVED_FREQUENCY
visual-territory-45-E1,visual-territory-45,FLOOD,0.126,0.0301,0.12,10,AUTHORED_EVENT_RULE_NOT_OBSERVED_FREQUENCY
visual-territory-45-E1,visual-territory-45,STORM,0.3,0.044,0.1,10,AUTHORED_EVENT_RULE_NOT_OBSERVED_FREQUENCY
visual-territory-45-E2,visual-territory-45,DROUGHT,0.669,0.0835,0.25,90,AUTHORED_EVENT_RULE_NOT_OBSERVED_FREQUENCY
visual-territory-45-E2,visual-territory-45,FLOOD,0.165,0.0332,0.12,10,AUTHORED_EVENT_RULE_NOT_OBSERVED_FREQUENCY
visual-territory-45-E2,visual-territory-45,STORM,0.448,0.0558,0.1,10,AUTHORED_EVENT_RULE_NOT_OBSERVED_FREQUENCY
visual-territory-46-E1,visual-territory-46,DROUGHT,0.485,0.0688,0.25,90,AUTHORED_EVENT_RULE_NOT_OBSERVED_FREQUENCY
visual-territory-46-E1,visual-territory-46,FLOOD,0.312,0.045,0.12,10,AUTHORED_EVENT_RULE_NOT_OBSERVED_FREQUENCY
visual-territory-46-E1,visual-territory-46,STORM,0.6,0.068,0.1,10,AUTHORED_EVENT_RULE_NOT_OBSERVED_FREQUENCY
visual-territory-46-E2,visual-territory-46,DROUGHT,0.355,0.0584,0.25,90,AUTHORED_EVENT_RULE_NOT_OBSERVED_FREQUENCY
visual-territory-46-E2,visual-territory-46,FLOOD,0.389,0.0511,0.12,10,AUTHORED_EVENT_RULE_NOT_OBSERVED_FREQUENCY
visual-territory-46-E2,visual-territory-46,STORM,0.581,0.0665,0.1,10,AUTHORED_EVENT_RULE_NOT_OBSERVED_FREQUENCY
visual-territory-47-E1,visual-territory-47,DROUGHT,0.41,0.0628,0.25,90,AUTHORED_EVENT_RULE_NOT_OBSERVED_FREQUENCY
visual-territory-47-E1,visual-territory-47,FLOOD,0.309,0.0447,0.12,10,AUTHORED_EVENT_RULE_NOT_OBSERVED_FREQUENCY
visual-territory-47-E1,visual-territory-47,STORM,0.448,0.0558,0.1,10,AUTHORED_EVENT_RULE_NOT_OBSERVED_FREQUENCY
visual-territory-47-E2,visual-territory-47,DROUGHT,0.206,0.0465,0.25,90,AUTHORED_EVENT_RULE_NOT_OBSERVED_FREQUENCY
visual-territory-47-E2,visual-territory-47,FLOOD,0.487,0.059,0.12,10,AUTHORED_EVENT_RULE_NOT_OBSERVED_FREQUENCY
visual-territory-47-E2,visual-territory-47,STORM,0.579,0.0663,0.1,10,AUTHORED_EVENT_RULE_NOT_OBSERVED_FREQUENCY
visual-territory-48-E1,visual-territory-48,DROUGHT,0.142,0.0414,0.25,90,AUTHORED_EVENT_RULE_NOT_OBSERVED_FREQUENCY
visual-territory-48-E1,visual-territory-48,FLOOD,0.66,0.0728,0.12,10,AUTHORED_EVENT_RULE_NOT_OBSERVED_FREQUENCY
visual-territory-48-E1,visual-territory-48,STORM,0.735,0.0788,0.1,10,AUTHORED_EVENT_RULE_NOT_OBSERVED_FREQUENCY
visual-territory-49-E1,visual-territory-49,DROUGHT,0.491,0.0693,0.25,90,AUTHORED_EVENT_RULE_NOT_OBSERVED_FREQUENCY
visual-territory-49-E1,visual-territory-49,FLOOD,0.331,0.0465,0.12,10,AUTHORED_EVENT_RULE_NOT_OBSERVED_FREQUENCY
visual-territory-49-E1,visual-territory-49,STORM,0.565,0.0652,0.1,10,AUTHORED_EVENT_RULE_NOT_OBSERVED_FREQUENCY
visual-territory-49-E2,visual-territory-49,DROUGHT,0.607,0.0786,0.25,90,AUTHORED_EVENT_RULE_NOT_OBSERVED_FREQUENCY
visual-territory-49-E2,visual-territory-49,FLOOD,0.215,0.0372,0.12,10,AUTHORED_EVENT_RULE_NOT_OBSERVED_FREQUENCY
visual-territory-49-E2,visual-territory-49,STORM,0.537,0.063,0.1,10,AUTHORED_EVENT_RULE_NOT_OBSERVED_FREQUENCY
visual-territory-50-E1,visual-territory-50,DROUGHT,0.147,0.0418,0.25,90,AUTHORED_EVENT_RULE_NOT_OBSERVED_FREQUENCY
visual-territory-50-E1,visual-territory-50,FLOOD,0.642,0.0714,0.12,10,AUTHORED_EVENT_RULE_NOT_OBSERVED_FREQUENCY
visual-territory-50-E1,visual-territory-50,STORM,0.694,0.0755,0.1,10,AUTHORED_EVENT_RULE_NOT_OBSERVED_FREQUENCY
visual-territory-50-E2,visual-territory-50,DROUGHT,0.115,0.0392,0.25,90,AUTHORED_EVENT_RULE_NOT_OBSERVED_FREQUENCY
visual-territory-50-E2,visual-territory-50,FLOOD,0.565,0.0652,0.12,10,AUTHORED_EVENT_RULE_NOT_OBSERVED_FREQUENCY
visual-territory-50-E2,visual-territory-50,STORM,0.588,0.067,0.1,10,AUTHORED_EVENT_RULE_NOT_OBSERVED_FREQUENCY
visual-territory-51-E1,visual-territory-51,DROUGHT,0.115,0.0392,0.25,90,AUTHORED_EVENT_RULE_NOT_OBSERVED_FREQUENCY
visual-territory-51-E1,visual-territory-51,FLOOD,0.519,0.0615,0.12,10,AUTHORED_EVENT_RULE_NOT_OBSERVED_FREQUENCY
visual-territory-51-E1,visual-territory-51,STORM,0.539,0.0631,0.1,10,AUTHORED_EVENT_RULE_NOT_OBSERVED_FREQUENCY
visual-territory-51-E2,visual-territory-51,DROUGHT,0.115,0.0392,0.25,90,AUTHORED_EVENT_RULE_NOT_OBSERVED_FREQUENCY
visual-territory-51-E2,visual-territory-51,FLOOD,0.687,0.075,0.12,10,AUTHORED_EVENT_RULE_NOT_OBSERVED_FREQUENCY
visual-territory-51-E2,visual-territory-51,STORM,0.715,0.0772,0.1,10,AUTHORED_EVENT_RULE_NOT_OBSERVED_FREQUENCY
visual-territory-52-E1,visual-territory-52,DROUGHT,0.115,0.0392,0.25,90,AUTHORED_EVENT_RULE_NOT_OBSERVED_FREQUENCY
visual-territory-52-E1,visual-territory-52,FLOOD,0.685,0.0748,0.12,10,AUTHORED_EVENT_RULE_NOT_OBSERVED_FREQUENCY
visual-territory-52-E1,visual-territory-52,STORM,0.713,0.077,0.1,10,AUTHORED_EVENT_RULE_NOT_OBSERVED_FREQUENCY
visual-territory-53-E1,visual-territory-53,DROUGHT,0.313,0.055,0.25,90,AUTHORED_EVENT_RULE_NOT_OBSERVED_FREQUENCY
visual-territory-53-E1,visual-territory-53,FLOOD,0.426,0.0541,0.12,10,AUTHORED_EVENT_RULE_NOT_OBSERVED_FREQUENCY
visual-territory-53-E1,visual-territory-53,STORM,0.61,0.0688,0.1,10,AUTHORED_EVENT_RULE_NOT_OBSERVED_FREQUENCY
visual-territory-53-E2,visual-territory-53,DROUGHT,0.308,0.0546,0.25,90,AUTHORED_EVENT_RULE_NOT_OBSERVED_FREQUENCY
visual-territory-53-E2,visual-territory-53,FLOOD,0.456,0.0565,0.12,10,AUTHORED_EVENT_RULE_NOT_OBSERVED_FREQUENCY
visual-territory-53-E2,visual-territory-53,STORM,0.632,0.0706,0.1,10,AUTHORED_EVENT_RULE_NOT_OBSERVED_FREQUENCY
visual-territory-54-E1,visual-territory-54,DROUGHT,0.335,0.0568,0.25,90,AUTHORED_EVENT_RULE_NOT_OBSERVED_FREQUENCY
visual-territory-54-E1,visual-territory-54,FLOOD,0.425,0.054,0.12,10,AUTHORED_EVENT_RULE_NOT_OBSERVED_FREQUENCY
visual-territory-54-E1,visual-territory-54,STORM,0.623,0.0698,0.1,10,AUTHORED_EVENT_RULE_NOT_OBSERVED_FREQUENCY
visual-territory-54-E2,visual-territory-54,DROUGHT,0.309,0.0547,0.25,90,AUTHORED_EVENT_RULE_NOT_OBSERVED_FREQUENCY
visual-territory-54-E2,visual-territory-54,FLOOD,0.452,0.0562,0.12,10,AUTHORED_EVENT_RULE_NOT_OBSERVED_FREQUENCY
visual-territory-54-E2,visual-territory-54,STORM,0.629,0.0703,0.1,10,AUTHORED_EVENT_RULE_NOT_OBSERVED_FREQUENCY
visual-territory-55-E1,visual-territory-55,DROUGHT,0.284,0.0527,0.25,90,AUTHORED_EVENT_RULE_NOT_OBSERVED_FREQUENCY
visual-territory-55-E1,visual-territory-55,FLOOD,0.576,0.0661,0.12,10,AUTHORED_EVENT_RULE_NOT_OBSERVED_FREQUENCY
visual-territory-55-E1,visual-territory-55,STORM,0.767,0.0814,0.1,10,AUTHORED_EVENT_RULE_NOT_OBSERVED_FREQUENCY
visual-territory-56-E1,visual-territory-56,DROUGHT,0.127,0.0402,0.25,90,AUTHORED_EVENT_RULE_NOT_OBSERVED_FREQUENCY
visual-territory-56-E1,visual-territory-56,FLOOD,0.608,0.0686,0.12,10,AUTHORED_EVENT_RULE_NOT_OBSERVED_FREQUENCY
visual-territory-56-E1,visual-territory-56,STORM,0.652,0.0722,0.1,10,AUTHORED_EVENT_RULE_NOT_OBSERVED_FREQUENCY
visual-territory-56-E2,visual-territory-56,DROUGHT,0.204,0.0463,0.25,90,AUTHORED_EVENT_RULE_NOT_OBSERVED_FREQUENCY
visual-territory-56-E2,visual-territory-56,FLOOD,0.443,0.0554,0.12,10,AUTHORED_EVENT_RULE_NOT_OBSERVED_FREQUENCY
visual-territory-56-E2,visual-territory-56,STORM,0.554,0.0643,0.1,10,AUTHORED_EVENT_RULE_NOT_OBSERVED_FREQUENCY
visual-territory-57-E1,visual-territory-57,DROUGHT,0.406,0.0625,0.25,90,AUTHORED_EVENT_RULE_NOT_OBSERVED_FREQUENCY
visual-territory-57-E1,visual-territory-57,FLOOD,0.345,0.0476,0.12,10,AUTHORED_EVENT_RULE_NOT_OBSERVED_FREQUENCY
visual-territory-57-E1,visual-territory-57,STORM,0.379,0.0503,0.1,10,AUTHORED_EVENT_RULE_NOT_OBSERVED_FREQUENCY
visual-territory-57-E2,visual-territory-57,DROUGHT,0.376,0.0601,0.25,90,AUTHORED_EVENT_RULE_NOT_OBSERVED_FREQUENCY
visual-territory-57-E2,visual-territory-57,FLOOD,0.471,0.0577,0.12,10,AUTHORED_EVENT_RULE_NOT_OBSERVED_FREQUENCY
visual-territory-57-E2,visual-territory-57,STORM,0.549,0.0639,0.1,10,AUTHORED_EVENT_RULE_NOT_OBSERVED_FREQUENCY
visual-territory-58-E1,visual-territory-58,DROUGHT,0.344,0.0575,0.25,90,AUTHORED_EVENT_RULE_NOT_OBSERVED_FREQUENCY
visual-territory-58-E1,visual-territory-58,FLOOD,0.351,0.0481,0.12,10,AUTHORED_EVENT_RULE_NOT_OBSERVED_FREQUENCY
visual-territory-58-E1,visual-territory-58,STORM,0.492,0.0594,0.1,10,AUTHORED_EVENT_RULE_NOT_OBSERVED_FREQUENCY
visual-territory-58-E2,visual-territory-58,DROUGHT,0.351,0.0581,0.25,90,AUTHORED_EVENT_RULE_NOT_OBSERVED_FREQUENCY
visual-territory-58-E2,visual-territory-58,FLOOD,0.475,0.058,0.12,10,AUTHORED_EVENT_RULE_NOT_OBSERVED_FREQUENCY
visual-territory-58-E2,visual-territory-58,STORM,0.661,0.0729,0.1,10,AUTHORED_EVENT_RULE_NOT_OBSERVED_FREQUENCY
visual-territory-59-E1,visual-territory-59,DROUGHT,0.5,0.07,0.25,90,AUTHORED_EVENT_RULE_NOT_OBSERVED_FREQUENCY
visual-territory-59-E1,visual-territory-59,FLOOD,0.428,0.0542,0.12,10,AUTHORED_EVENT_RULE_NOT_OBSERVED_FREQUENCY
visual-territory-59-E1,visual-territory-59,STORM,0.41,0.0528,0.1,10,AUTHORED_EVENT_RULE_NOT_OBSERVED_FREQUENCY
visual-territory-60-E1,visual-territory-60,DROUGHT,0.268,0.0514,0.25,90,AUTHORED_EVENT_RULE_NOT_OBSERVED_FREQUENCY
visual-territory-60-E1,visual-territory-60,FLOOD,0.572,0.0658,0.12,10,AUTHORED_EVENT_RULE_NOT_OBSERVED_FREQUENCY
visual-territory-60-E1,visual-territory-60,STORM,0.672,0.0738,0.1,10,AUTHORED_EVENT_RULE_NOT_OBSERVED_FREQUENCY
visual-territory-60-E2,visual-territory-60,DROUGHT,0.343,0.0574,0.25,90,AUTHORED_EVENT_RULE_NOT_OBSERVED_FREQUENCY
visual-territory-60-E2,visual-territory-60,FLOOD,0.381,0.0505,0.12,10,AUTHORED_EVENT_RULE_NOT_OBSERVED_FREQUENCY
visual-territory-60-E2,visual-territory-60,STORM,0.451,0.0561,0.1,10,AUTHORED_EVENT_RULE_NOT_OBSERVED_FREQUENCY
visual-territory-61-E1,visual-territory-61,DROUGHT,0.492,0.0694,0.25,90,AUTHORED_EVENT_RULE_NOT_OBSERVED_FREQUENCY
visual-territory-61-E1,visual-territory-61,FLOOD,0.259,0.0407,0.12,10,AUTHORED_EVENT_RULE_NOT_OBSERVED_FREQUENCY
visual-territory-61-E1,visual-territory-61,STORM,0.306,0.0445,0.1,10,AUTHORED_EVENT_RULE_NOT_OBSERVED_FREQUENCY
visual-territory-61-E2,visual-territory-61,DROUGHT,0.353,0.0582,0.25,90,AUTHORED_EVENT_RULE_NOT_OBSERVED_FREQUENCY
visual-territory-61-E2,visual-territory-61,FLOOD,0.33,0.0464,0.12,10,AUTHORED_EVENT_RULE_NOT_OBSERVED_FREQUENCY
visual-territory-61-E2,visual-territory-61,STORM,0.39,0.0512,0.1,10,AUTHORED_EVENT_RULE_NOT_OBSERVED_FREQUENCY
visual-territory-62-E1,visual-territory-62,DROUGHT,0.548,0.0738,0.25,90,AUTHORED_EVENT_RULE_NOT_OBSERVED_FREQUENCY
visual-territory-62-E1,visual-territory-62,FLOOD,0.321,0.0457,0.12,10,AUTHORED_EVENT_RULE_NOT_OBSERVED_FREQUENCY
visual-territory-62-E1,visual-territory-62,STORM,0.294,0.0435,0.1,10,AUTHORED_EVENT_RULE_NOT_OBSERVED_FREQUENCY
visual-territory-62-E2,visual-territory-62,DROUGHT,0.591,0.0773,0.25,90,AUTHORED_EVENT_RULE_NOT_OBSERVED_FREQUENCY
visual-territory-62-E2,visual-territory-62,FLOOD,0.329,0.0463,0.12,10,AUTHORED_EVENT_RULE_NOT_OBSERVED_FREQUENCY
visual-territory-62-E2,visual-territory-62,STORM,0.288,0.043,0.1,10,AUTHORED_EVENT_RULE_NOT_OBSERVED_FREQUENCY
visual-territory-63-E1,visual-territory-63,DROUGHT,0.474,0.0679,0.25,90,AUTHORED_EVENT_RULE_NOT_OBSERVED_FREQUENCY
visual-territory-63-E1,visual-territory-63,FLOOD,0.352,0.0482,0.12,10,AUTHORED_EVENT_RULE_NOT_OBSERVED_FREQUENCY
visual-territory-63-E1,visual-territory-63,STORM,0.362,0.049,0.1,10,AUTHORED_EVENT_RULE_NOT_OBSERVED_FREQUENCY
visual-territory-63-E2,visual-territory-63,DROUGHT,0.494,0.0695,0.25,90,AUTHORED_EVENT_RULE_NOT_OBSERVED_FREQUENCY
visual-territory-63-E2,visual-territory-63,FLOOD,0.398,0.0518,0.12,10,AUTHORED_EVENT_RULE_NOT_OBSERVED_FREQUENCY
visual-territory-63-E2,visual-territory-63,STORM,0.385,0.0508,0.1,10,AUTHORED_EVENT_RULE_NOT_OBSERVED_FREQUENCY
visual-territory-64-E1,visual-territory-64,DROUGHT,0.42,0.0636,0.25,90,AUTHORED_EVENT_RULE_NOT_OBSERVED_FREQUENCY
visual-territory-64-E1,visual-territory-64,FLOOD,0.333,0.0466,0.12,10,AUTHORED_EVENT_RULE_NOT_OBSERVED_FREQUENCY
visual-territory-64-E1,visual-territory-64,STORM,0.368,0.0494,0.1,10,AUTHORED_EVENT_RULE_NOT_OBSERVED_FREQUENCY
visual-territory-64-E2,visual-territory-64,DROUGHT,0.417,0.0634,0.25,90,AUTHORED_EVENT_RULE_NOT_OBSERVED_FREQUENCY
visual-territory-64-E2,visual-territory-64,FLOOD,0.462,0.057,0.12,10,AUTHORED_EVENT_RULE_NOT_OBSERVED_FREQUENCY
visual-territory-64-E2,visual-territory-64,STORM,0.542,0.0634,0.1,10,AUTHORED_EVENT_RULE_NOT_OBSERVED_FREQUENCY
visual-territory-65-E1,visual-territory-65,DROUGHT,0.258,0.0506,0.25,90,AUTHORED_EVENT_RULE_NOT_OBSERVED_FREQUENCY
visual-territory-65-E1,visual-territory-65,FLOOD,0.549,0.0639,0.12,10,AUTHORED_EVENT_RULE_NOT_OBSERVED_FREQUENCY
visual-territory-65-E1,visual-territory-65,STORM,0.655,0.0724,0.1,10,AUTHORED_EVENT_RULE_NOT_OBSERVED_FREQUENCY
visual-territory-65-E2,visual-territory-65,DROUGHT,0.283,0.0526,0.25,90,AUTHORED_EVENT_RULE_NOT_OBSERVED_FREQUENCY
visual-territory-65-E2,visual-territory-65,FLOOD,0.42,0.0536,0.12,10,AUTHORED_EVENT_RULE_NOT_OBSERVED_FREQUENCY
visual-territory-65-E2,visual-territory-65,STORM,0.493,0.0594,0.1,10,AUTHORED_EVENT_RULE_NOT_OBSERVED_FREQUENCY
visual-territory-66-E1,visual-territory-66,DROUGHT,0.357,0.0586,0.25,90,AUTHORED_EVENT_RULE_NOT_OBSERVED_FREQUENCY
visual-territory-66-E1,visual-territory-66,FLOOD,0.504,0.0603,0.12,10,AUTHORED_EVENT_RULE_NOT_OBSERVED_FREQUENCY
visual-territory-66-E1,visual-territory-66,STORM,0.702,0.0762,0.1,10,AUTHORED_EVENT_RULE_NOT_OBSERVED_FREQUENCY
visual-territory-66-E2,visual-territory-66,DROUGHT,0.308,0.0546,0.25,90,AUTHORED_EVENT_RULE_NOT_OBSERVED_FREQUENCY
visual-territory-66-E2,visual-territory-66,FLOOD,0.543,0.0634,0.12,10,AUTHORED_EVENT_RULE_NOT_OBSERVED_FREQUENCY
visual-territory-66-E2,visual-territory-66,STORM,0.781,0.0825,0.1,10,AUTHORED_EVENT_RULE_NOT_OBSERVED_FREQUENCY
visual-territory-67-E1,visual-territory-67,DROUGHT,0.52,0.0716,0.25,90,AUTHORED_EVENT_RULE_NOT_OBSERVED_FREQUENCY
visual-territory-67-E1,visual-territory-67,FLOOD,0.358,0.0486,0.12,10,AUTHORED_EVENT_RULE_NOT_OBSERVED_FREQUENCY
visual-territory-67-E1,visual-territory-67,STORM,0.342,0.0474,0.1,10,AUTHORED_EVENT_RULE_NOT_OBSERVED_FREQUENCY
visual-territory-67-E2,visual-territory-67,DROUGHT,0.507,0.0706,0.25,90,AUTHORED_EVENT_RULE_NOT_OBSERVED_FREQUENCY
visual-territory-67-E2,visual-territory-67,FLOOD,0.376,0.0501,0.12,10,AUTHORED_EVENT_RULE_NOT_OBSERVED_FREQUENCY
visual-territory-67-E2,visual-territory-67,STORM,0.36,0.0488,0.1,10,AUTHORED_EVENT_RULE_NOT_OBSERVED_FREQUENCY
visual-territory-68-E1,visual-territory-68,DROUGHT,0.284,0.0527,0.25,90,AUTHORED_EVENT_RULE_NOT_OBSERVED_FREQUENCY
visual-territory-68-E1,visual-territory-68,FLOOD,0.559,0.0647,0.12,10,AUTHORED_EVENT_RULE_NOT_OBSERVED_FREQUENCY
visual-territory-68-E1,visual-territory-68,STORM,0.638,0.071,0.1,10,AUTHORED_EVENT_RULE_NOT_OBSERVED_FREQUENCY
visual-territory-68-E2,visual-territory-68,DROUGHT,0.471,0.0677,0.25,90,AUTHORED_EVENT_RULE_NOT_OBSERVED_FREQUENCY
visual-territory-68-E2,visual-territory-68,FLOOD,0.401,0.0521,0.12,10,AUTHORED_EVENT_RULE_NOT_OBSERVED_FREQUENCY
visual-territory-68-E2,visual-territory-68,STORM,0.398,0.0518,0.1,10,AUTHORED_EVENT_RULE_NOT_OBSERVED_FREQUENCY
visual-territory-69-E1,visual-territory-69,DROUGHT,0.501,0.0701,0.25,90,AUTHORED_EVENT_RULE_NOT_OBSERVED_FREQUENCY
visual-territory-69-E1,visual-territory-69,FLOOD,0.383,0.0506,0.12,10,AUTHORED_EVENT_RULE_NOT_OBSERVED_FREQUENCY
visual-territory-69-E1,visual-territory-69,STORM,0.367,0.0494,0.1,10,AUTHORED_EVENT_RULE_NOT_OBSERVED_FREQUENCY
visual-territory-70-E1,visual-territory-70,DROUGHT,0.481,0.0685,0.25,90,AUTHORED_EVENT_RULE_NOT_OBSERVED_FREQUENCY
visual-territory-70-E1,visual-territory-70,FLOOD,0.437,0.055,0.12,10,AUTHORED_EVENT_RULE_NOT_OBSERVED_FREQUENCY
visual-territory-70-E1,visual-territory-70,STORM,0.429,0.0543,0.1,10,AUTHORED_EVENT_RULE_NOT_OBSERVED_FREQUENCY
