countryId,regionId,from,to,areaKm2,reason
visual-territory-01,visual-territory-01-E1,croplandPotential,urbanIndustrialPotential,13189.256710153333,Explicit settlement and renewable facility footprint allocation
visual-territory-02,visual-territory-02-E1,convertible,urbanIndustrialPotential,16853.806682356666,Explicit settlement and renewable facility footprint allocation
visual-territory-03,visual-territory-03-E2,croplandPotential,urbanIndustrialPotential,32280.340207229998,Explicit settlement and renewable facility footprint allocation
visual-territory-04,visual-territory-04-E2,croplandPotential,urbanIndustrialPotential,34612.01847649334,Explicit settlement and renewable facility footprint allocation
visual-territory-05,visual-territory-05-E2,croplandPotential,urbanIndustrialPotential,25949.36880258667,Explicit settlement and renewable facility footprint allocation
visual-territory-06,visual-territory-06-E2,croplandPotential,urbanIndustrialPotential,39094.55010876334,Explicit settlement and renewable facility footprint allocation
visual-territory-07,visual-territory-07-E2,croplandPotential,urbanIndustrialPotential,29212.263184953335,Explicit settlement and renewable facility footprint allocation
visual-territory-08,visual-territory-08-E2,croplandPotential,urbanIndustrialPotential,31516.26796438,Explicit settlement and renewable facility footprint allocation
visual-territory-09,visual-territory-09-E2,convertible,urbanIndustrialPotential,26550.52299117667,Explicit settlement and renewable facility footprint allocation
visual-territory-10,visual-territory-10-E2,convertible,urbanIndustrialPotential,29311.57917146,Explicit settlement and renewable facility footprint allocation
visual-territory-11,visual-territory-11-E1,convertible,urbanIndustrialPotential,17743.682024700003,Explicit settlement and renewable facility footprint allocation
visual-territory-12,visual-territory-12-E2,convertible,urbanIndustrialPotential,36645.43448836,Explicit settlement and renewable facility footprint allocation
visual-territory-13,visual-territory-13-E2,convertible,urbanIndustrialPotential,26265.84079109667,Explicit settlement and renewable facility footprint allocation
visual-territory-14,visual-territory-14-E2,convertible,urbanIndustrialPotential,9059.838,Explicit settlement and renewable facility footprint allocation
visual-territory-14,visual-territory-14-E2,croplandPotential,urbanIndustrialPotential,18019.278003330004,Explicit settlement and renewable facility footprint allocation
visual-territory-15,visual-territory-15-E2,croplandPotential,urbanIndustrialPotential,36232.86748104334,Explicit settlement and renewable facility footprint allocation
visual-territory-16,visual-territory-16-E2,croplandPotential,urbanIndustrialPotential,35373.63017265667,Explicit settlement and renewable facility footprint allocation
visual-territory-17,visual-territory-17-E1,convertible,urbanIndustrialPotential,5765.352,Explicit settlement and renewable facility footprint allocation
visual-territory-17,visual-territory-17-E1,croplandPotential,urbanIndustrialPotential,12019.83257459,Explicit settlement and renewable facility footprint allocation
visual-territory-18,visual-territory-18-E1,convertible,urbanIndustrialPotential,14324.610002730002,Explicit settlement and renewable facility footprint allocation
visual-territory-19,visual-territory-19-E1,convertible,urbanIndustrialPotential,14494.264274873334,Explicit settlement and renewable facility footprint allocation
visual-territory-20,visual-territory-20-E2,convertible,urbanIndustrialPotential,22879.54367197667,Explicit settlement and renewable facility footprint allocation
visual-territory-21,visual-territory-21-E2,convertible,urbanIndustrialPotential,31837.79614896,Explicit settlement and renewable facility footprint allocation
visual-territory-22,visual-territory-22-E1,convertible,urbanIndustrialPotential,13251.315830013335,Explicit settlement and renewable facility footprint allocation
visual-territory-23,visual-territory-23-E2,croplandPotential,urbanIndustrialPotential,46049.19946324667,Explicit settlement and renewable facility footprint allocation
visual-territory-24,visual-territory-24-E2,croplandPotential,urbanIndustrialPotential,27643.59060205,Explicit settlement and renewable facility footprint allocation
visual-territory-25,visual-territory-25-E1,convertible,urbanIndustrialPotential,15050.038921090001,Explicit settlement and renewable facility footprint allocation
visual-territory-26,visual-territory-26-E2,convertible,urbanIndustrialPotential,18800.760539176666,Explicit settlement and renewable facility footprint allocation
visual-territory-27,visual-territory-27-E2,convertible,urbanIndustrialPotential,27118.09514454667,Explicit settlement and renewable facility footprint allocation
visual-territory-28,visual-territory-28-E2,convertible,urbanIndustrialPotential,27137.683654756667,Explicit settlement and renewable facility footprint allocation
visual-territory-29,visual-territory-29-E2,convertible,urbanIndustrialPotential,25025.41166921,Explicit settlement and renewable facility footprint allocation
visual-territory-30,visual-territory-30-E2,convertible,urbanIndustrialPotential,22671.908903423337,Explicit settlement and renewable facility footprint allocation
visual-territory-31,visual-territory-31-E2,convertible,urbanIndustrialPotential,24628.428076353335,Explicit settlement and renewable facility footprint allocation
visual-territory-32,visual-territory-32-E2,convertible,urbanIndustrialPotential,16055.021228106669,Explicit settlement and renewable facility footprint allocation
visual-territory-33,visual-territory-33-E2,convertible,urbanIndustrialPotential,20510.05422026,Explicit settlement and renewable facility footprint allocation
visual-territory-34,visual-territory-34-E2,convertible,urbanIndustrialPotential,24862.19929416667,Explicit settlement and renewable facility footprint allocation
visual-territory-35,visual-territory-35-E2,convertible,urbanIndustrialPotential,22460.162611509997,Explicit settlement and renewable facility footprint allocation
visual-territory-36,visual-territory-36-E1,convertible,urbanIndustrialPotential,10705.575272956667,Explicit settlement and renewable facility footprint allocation
visual-territory-37,visual-territory-37-E1,convertible,urbanIndustrialPotential,9883.46,Explicit settlement and renewable facility footprint allocation
visual-territory-37,visual-territory-37-E1,croplandPotential,urbanIndustrialPotential,2057.275367793334,Explicit settlement and renewable facility footprint allocation
visual-territory-38,visual-territory-38-E2,convertible,urbanIndustrialPotential,35473.86493172,Explicit settlement and renewable facility footprint allocation
visual-territory-39,visual-territory-39-E2,convertible,urbanIndustrialPotential,26950.826472786666,Explicit settlement and renewable facility footprint allocation
visual-territory-40,visual-territory-40-E2,convertible,urbanIndustrialPotential,24584.874391823334,Explicit settlement and renewable facility footprint allocation
visual-territory-41,visual-territory-41-E2,croplandPotential,urbanIndustrialPotential,27169.714950396665,Explicit settlement and renewable facility footprint allocation
visual-territory-42,visual-territory-42-E1,croplandPotential,urbanIndustrialPotential,16764.587131106666,Explicit settlement and renewable facility footprint allocation
visual-territory-43,visual-territory-43-E1,croplandPotential,urbanIndustrialPotential,17178.45079328,Explicit settlement and renewable facility footprint allocation
visual-territory-44,visual-territory-44-E2,croplandPotential,urbanIndustrialPotential,36244.35535425,Explicit settlement and renewable facility footprint allocation
visual-territory-45,visual-territory-45-E2,convertible,urbanIndustrialPotential,28801.870286796668,Explicit settlement and renewable facility footprint allocation
visual-territory-46,visual-territory-46-E1,convertible,urbanIndustrialPotential,34016.23464932667,Explicit settlement and renewable facility footprint allocation
visual-territory-47,visual-territory-47-E2,croplandPotential,urbanIndustrialPotential,42408.92652219667,Explicit settlement and renewable facility footprint allocation
visual-territory-48,visual-territory-48-E1,croplandPotential,urbanIndustrialPotential,16918.30064091,Explicit settlement and renewable facility footprint allocation
visual-territory-49,visual-territory-49-E1,convertible,urbanIndustrialPotential,23639.72524311333,Explicit settlement and renewable facility footprint allocation
visual-territory-50,visual-territory-50-E2,croplandPotential,urbanIndustrialPotential,27446.61177873,Explicit settlement and renewable facility footprint allocation
visual-territory-51,visual-territory-51-E2,croplandPotential,urbanIndustrialPotential,30327.848499823336,Explicit settlement and renewable facility footprint allocation
visual-territory-52,visual-territory-52-E1,croplandPotential,urbanIndustrialPotential,21982.50568813,Explicit settlement and renewable facility footprint allocation
visual-territory-53,visual-territory-53-E2,croplandPotential,urbanIndustrialPotential,36177.42625243667,Explicit settlement and renewable facility footprint allocation
visual-territory-54,visual-territory-54-E2,convertible,urbanIndustrialPotential,13589.758,Explicit settlement and renewable facility footprint allocation
visual-territory-54,visual-territory-54-E2,croplandPotential,urbanIndustrialPotential,31073.69181523667,Explicit settlement and renewable facility footprint allocation
visual-territory-55,visual-territory-55-E1,croplandPotential,urbanIndustrialPotential,20587.430642240004,Explicit settlement and renewable facility footprint allocation
visual-territory-56,visual-territory-56-E2,croplandPotential,urbanIndustrialPotential,44079.06530571,Explicit settlement and renewable facility footprint allocation
visual-territory-57,visual-territory-57-E2,croplandPotential,urbanIndustrialPotential,29254.28859038333,Explicit settlement and renewable facility footprint allocation
visual-territory-58,visual-territory-58-E2,croplandPotential,urbanIndustrialPotential,37336.66115486667,Explicit settlement and renewable facility footprint allocation
visual-territory-59,visual-territory-59-E1,croplandPotential,urbanIndustrialPotential,9236.858116146666,Explicit settlement and renewable facility footprint allocation
visual-territory-60,visual-territory-60-E2,croplandPotential,urbanIndustrialPotential,34782.50307116667,Explicit settlement and renewable facility footprint allocation
visual-territory-61,visual-territory-61-E2,convertible,urbanIndustrialPotential,42977.705855123335,Explicit settlement and renewable facility footprint allocation
visual-territory-62,visual-territory-62-E2,convertible,urbanIndustrialPotential,24147.77818991,Explicit settlement and renewable facility footprint allocation
visual-territory-63,visual-territory-63-E2,croplandPotential,urbanIndustrialPotential,33733.049863119995,Explicit settlement and renewable facility footprint allocation
visual-territory-64,visual-territory-64-E2,convertible,urbanIndustrialPotential,23061.407,Explicit settlement and renewable facility footprint allocation
visual-territory-64,visual-territory-64-E2,croplandPotential,urbanIndustrialPotential,17214.241266263336,Explicit settlement and renewable facility footprint allocation
visual-territory-65,visual-territory-65-E2,convertible,urbanIndustrialPotential,3294.487,Explicit settlement and renewable facility footprint allocation
visual-territory-65,visual-territory-65-E2,croplandPotential,urbanIndustrialPotential,33109.95339790667,Explicit settlement and renewable facility footprint allocation
visual-territory-66,visual-territory-66-E2,croplandPotential,urbanIndustrialPotential,37477.34322976999,Explicit settlement and renewable facility footprint allocation
visual-territory-67,visual-territory-67-E2,croplandPotential,urbanIndustrialPotential,28989.58692257,Explicit settlement and renewable facility footprint allocation
visual-territory-68,visual-territory-68-E2,croplandPotential,urbanIndustrialPotential,25982.998268490002,Explicit settlement and renewable facility footprint allocation
visual-territory-69,visual-territory-69-E1,croplandPotential,urbanIndustrialPotential,17134.754047886665,Explicit settlement and renewable facility footprint allocation
visual-territory-70,visual-territory-70-E1,croplandPotential,urbanIndustrialPotential,11112.34196999,Explicit settlement and renewable facility footprint allocation
