id,countryId,grantorId,holderId,activity,validFromSimDay,validUntilSimDay,status,feeGcuProposal,conditions
LIC-01-GRAIN,visual-territory-01,GOV-01,OP-01,GRAIN,0,600,PROPOSED_NOT_GRANTED,0,"[""season adoption"", ""resource and environmental limits"", ""operator registration""]"
LIC-01-COPPER,visual-territory-01,GOV-01,OP-01,COPPER,0,600,PROPOSED_NOT_GRANTED,0,"[""season adoption"", ""resource and environmental limits"", ""operator registration""]"
LIC-02-GRAIN,visual-territory-02,GOV-02,OP-02,GRAIN,0,600,PROPOSED_NOT_GRANTED,0,"[""season adoption"", ""resource and environmental limits"", ""operator registration""]"
LIC-02-REFINED_FUEL,visual-territory-02,GOV-02,OP-02,REFINED_FUEL,0,600,PROPOSED_NOT_GRANTED,0,"[""season adoption"", ""resource and environmental limits"", ""operator registration""]"
LIC-03-GRAIN,visual-territory-03,GOV-03,OP-03,GRAIN,0,600,PROPOSED_NOT_GRANTED,0,"[""season adoption"", ""resource and environmental limits"", ""operator registration""]"
LIC-03-MACHINERY,visual-territory-03,GOV-03,OP-03,MACHINERY,0,600,PROPOSED_NOT_GRANTED,0,"[""season adoption"", ""resource and environmental limits"", ""operator registration""]"
LIC-03-URANIUM,visual-territory-03,GOV-03,OP-03,URANIUM,0,600,PROPOSED_NOT_GRANTED,0,"[""season adoption"", ""resource and environmental limits"", ""operator registration""]"
LIC-04-GRAIN,visual-territory-04,GOV-04,OP-04,GRAIN,0,600,PROPOSED_NOT_GRANTED,0,"[""season adoption"", ""resource and environmental limits"", ""operator registration""]"
LIC-04-STEEL,visual-territory-04,GOV-04,OP-04,STEEL,0,600,PROPOSED_NOT_GRANTED,0,"[""season adoption"", ""resource and environmental limits"", ""operator registration""]"
LIC-05-GRAIN,visual-territory-05,GOV-05,OP-05,GRAIN,0,600,PROPOSED_NOT_GRANTED,0,"[""season adoption"", ""resource and environmental limits"", ""operator registration""]"
LIC-05-CRUDE_OIL,visual-territory-05,GOV-05,OP-05,CRUDE_OIL,0,600,PROPOSED_NOT_GRANTED,0,"[""season adoption"", ""resource and environmental limits"", ""operator registration""]"
LIC-06-GRAIN,visual-territory-06,GOV-06,OP-06,GRAIN,0,600,PROPOSED_NOT_GRANTED,0,"[""season adoption"", ""resource and environmental limits"", ""operator registration""]"
LIC-06-CRUDE_OIL,visual-territory-06,GOV-06,OP-06,CRUDE_OIL,0,600,PROPOSED_NOT_GRANTED,0,"[""season adoption"", ""resource and environmental limits"", ""operator registration""]"
LIC-07-GRAIN,visual-territory-07,GOV-07,OP-07,GRAIN,0,600,PROPOSED_NOT_GRANTED,0,"[""season adoption"", ""resource and environmental limits"", ""operator registration""]"
LIC-07-CRUDE_OIL,visual-territory-07,GOV-07,OP-07,CRUDE_OIL,0,600,PROPOSED_NOT_GRANTED,0,"[""season adoption"", ""resource and environmental limits"", ""operator registration""]"
LIC-07-SEMICONDUCTORS,visual-territory-07,GOV-07,OP-07,SEMICONDUCTORS,0,600,PROPOSED_NOT_GRANTED,0,"[""season adoption"", ""resource and environmental limits"", ""operator registration""]"
LIC-08-GRAIN,visual-territory-08,GOV-08,OP-08,GRAIN,0,600,PROPOSED_NOT_GRANTED,0,"[""season adoption"", ""resource and environmental limits"", ""operator registration""]"
LIC-08-SEMICONDUCTORS,visual-territory-08,GOV-08,OP-08,SEMICONDUCTORS,0,600,PROPOSED_NOT_GRANTED,0,"[""season adoption"", ""resource and environmental limits"", ""operator registration""]"
LIC-09-GRAIN,visual-territory-09,GOV-09,OP-09,GRAIN,0,600,PROPOSED_NOT_GRANTED,0,"[""season adoption"", ""resource and environmental limits"", ""operator registration""]"
LIC-09-STEEL,visual-territory-09,GOV-09,OP-09,STEEL,0,600,PROPOSED_NOT_GRANTED,0,"[""season adoption"", ""resource and environmental limits"", ""operator registration""]"
LIC-09-IRON_ORE,visual-territory-09,GOV-09,OP-09,IRON_ORE,0,600,PROPOSED_NOT_GRANTED,0,"[""season adoption"", ""resource and environmental limits"", ""operator registration""]"
LIC-09-URANIUM,visual-territory-09,GOV-09,OP-09,URANIUM,0,600,PROPOSED_NOT_GRANTED,0,"[""season adoption"", ""resource and environmental limits"", ""operator registration""]"
LIC-10-CRUDE_OIL,visual-territory-10,GOV-10,OP-10,CRUDE_OIL,0,600,PROPOSED_NOT_GRANTED,0,"[""season adoption"", ""resource and environmental limits"", ""operator registration""]"
LIC-10-GRAIN,visual-territory-10,GOV-10,OP-10,GRAIN,0,600,PROPOSED_NOT_GRANTED,0,"[""season adoption"", ""resource and environmental limits"", ""operator registration""]"
LIC-10-REFINED_FUEL,visual-territory-10,GOV-10,OP-10,REFINED_FUEL,0,600,PROPOSED_NOT_GRANTED,0,"[""season adoption"", ""resource and environmental limits"", ""operator registration""]"
LIC-10-BATTERIES,visual-territory-10,GOV-10,OP-10,BATTERIES,0,600,PROPOSED_NOT_GRANTED,0,"[""season adoption"", ""resource and environmental limits"", ""operator registration""]"
LIC-10-COPPER,visual-territory-10,GOV-10,OP-10,COPPER,0,600,PROPOSED_NOT_GRANTED,0,"[""season adoption"", ""resource and environmental limits"", ""operator registration""]"
LIC-10-NATURAL_GAS,visual-territory-10,GOV-10,OP-10,NATURAL_GAS,0,600,PROPOSED_NOT_GRANTED,0,"[""season adoption"", ""resource and environmental limits"", ""operator registration""]"
LIC-11-GRAIN,visual-territory-11,GOV-11,OP-11,GRAIN,0,600,PROPOSED_NOT_GRANTED,0,"[""season adoption"", ""resource and environmental limits"", ""operator registration""]"
LIC-11-BATTERIES,visual-territory-11,GOV-11,OP-11,BATTERIES,0,600,PROPOSED_NOT_GRANTED,0,"[""season adoption"", ""resource and environmental limits"", ""operator registration""]"
LIC-11-CRUDE_OIL,visual-territory-11,GOV-11,OP-11,CRUDE_OIL,0,600,PROPOSED_NOT_GRANTED,0,"[""season adoption"", ""resource and environmental limits"", ""operator registration""]"
LIC-11-COPPER,visual-territory-11,GOV-11,OP-11,COPPER,0,600,PROPOSED_NOT_GRANTED,0,"[""season adoption"", ""resource and environmental limits"", ""operator registration""]"
LIC-11-LITHIUM,visual-territory-11,GOV-11,OP-11,LITHIUM,0,600,PROPOSED_NOT_GRANTED,0,"[""season adoption"", ""resource and environmental limits"", ""operator registration""]"
LIC-12-SEMICONDUCTORS,visual-territory-12,GOV-12,OP-12,SEMICONDUCTORS,0,600,PROPOSED_NOT_GRANTED,0,"[""season adoption"", ""resource and environmental limits"", ""operator registration""]"
LIC-12-CRUDE_OIL,visual-territory-12,GOV-12,OP-12,CRUDE_OIL,0,600,PROPOSED_NOT_GRANTED,0,"[""season adoption"", ""resource and environmental limits"", ""operator registration""]"
LIC-12-BATTERIES,visual-territory-12,GOV-12,OP-12,BATTERIES,0,600,PROPOSED_NOT_GRANTED,0,"[""season adoption"", ""resource and environmental limits"", ""operator registration""]"
LIC-13-SEMICONDUCTORS,visual-territory-13,GOV-13,OP-13,SEMICONDUCTORS,0,600,PROPOSED_NOT_GRANTED,0,"[""season adoption"", ""resource and environmental limits"", ""operator registration""]"
LIC-13-BATTERIES,visual-territory-13,GOV-13,OP-13,BATTERIES,0,600,PROPOSED_NOT_GRANTED,0,"[""season adoption"", ""resource and environmental limits"", ""operator registration""]"
LIC-13-GRAIN,visual-territory-13,GOV-13,OP-13,GRAIN,0,600,PROPOSED_NOT_GRANTED,0,"[""season adoption"", ""resource and environmental limits"", ""operator registration""]"
LIC-13-STEEL,visual-territory-13,GOV-13,OP-13,STEEL,0,600,PROPOSED_NOT_GRANTED,0,"[""season adoption"", ""resource and environmental limits"", ""operator registration""]"
LIC-13-COPPER,visual-territory-13,GOV-13,OP-13,COPPER,0,600,PROPOSED_NOT_GRANTED,0,"[""season adoption"", ""resource and environmental limits"", ""operator registration""]"
LIC-13-CRUDE_OIL,visual-territory-13,GOV-13,OP-13,CRUDE_OIL,0,600,PROPOSED_NOT_GRANTED,0,"[""season adoption"", ""resource and environmental limits"", ""operator registration""]"
LIC-13-LITHIUM,visual-territory-13,GOV-13,OP-13,LITHIUM,0,600,PROPOSED_NOT_GRANTED,0,"[""season adoption"", ""resource and environmental limits"", ""operator registration""]"
LIC-14-GRAIN,visual-territory-14,GOV-14,OP-14,GRAIN,0,600,PROPOSED_NOT_GRANTED,0,"[""season adoption"", ""resource and environmental limits"", ""operator registration""]"
LIC-14-STEEL,visual-territory-14,GOV-14,OP-14,STEEL,0,600,PROPOSED_NOT_GRANTED,0,"[""season adoption"", ""resource and environmental limits"", ""operator registration""]"
LIC-14-URANIUM,visual-territory-14,GOV-14,OP-14,URANIUM,0,600,PROPOSED_NOT_GRANTED,0,"[""season adoption"", ""resource and environmental limits"", ""operator registration""]"
LIC-15-GRAIN,visual-territory-15,GOV-15,OP-15,GRAIN,0,600,PROPOSED_NOT_GRANTED,0,"[""season adoption"", ""resource and environmental limits"", ""operator registration""]"
LIC-15-CRUDE_OIL,visual-territory-15,GOV-15,OP-15,CRUDE_OIL,0,600,PROPOSED_NOT_GRANTED,0,"[""season adoption"", ""resource and environmental limits"", ""operator registration""]"
LIC-15-BATTERIES,visual-territory-15,GOV-15,OP-15,BATTERIES,0,600,PROPOSED_NOT_GRANTED,0,"[""season adoption"", ""resource and environmental limits"", ""operator registration""]"
LIC-16-GRAIN,visual-territory-16,GOV-16,OP-16,GRAIN,0,600,PROPOSED_NOT_GRANTED,0,"[""season adoption"", ""resource and environmental limits"", ""operator registration""]"
LIC-16-BATTERIES,visual-territory-16,GOV-16,OP-16,BATTERIES,0,600,PROPOSED_NOT_GRANTED,0,"[""season adoption"", ""resource and environmental limits"", ""operator registration""]"
LIC-17-STEEL,visual-territory-17,GOV-17,OP-17,STEEL,0,600,PROPOSED_NOT_GRANTED,0,"[""season adoption"", ""resource and environmental limits"", ""operator registration""]"
LIC-17-IRON_ORE,visual-territory-17,GOV-17,OP-17,IRON_ORE,0,600,PROPOSED_NOT_GRANTED,0,"[""season adoption"", ""resource and environmental limits"", ""operator registration""]"
LIC-17-MACHINERY,visual-territory-17,GOV-17,OP-17,MACHINERY,0,600,PROPOSED_NOT_GRANTED,0,"[""season adoption"", ""resource and environmental limits"", ""operator registration""]"
LIC-18-CRUDE_OIL,visual-territory-18,GOV-18,OP-18,CRUDE_OIL,0,600,PROPOSED_NOT_GRANTED,0,"[""season adoption"", ""resource and environmental limits"", ""operator registration""]"
LIC-18-STEEL,visual-territory-18,GOV-18,OP-18,STEEL,0,600,PROPOSED_NOT_GRANTED,0,"[""season adoption"", ""resource and environmental limits"", ""operator registration""]"
LIC-18-REFINED_FUEL,visual-territory-18,GOV-18,OP-18,REFINED_FUEL,0,600,PROPOSED_NOT_GRANTED,0,"[""season adoption"", ""resource and environmental limits"", ""operator registration""]"
LIC-18-IRON_ORE,visual-territory-18,GOV-18,OP-18,IRON_ORE,0,600,PROPOSED_NOT_GRANTED,0,"[""season adoption"", ""resource and environmental limits"", ""operator registration""]"
LIC-18-LITHIUM,visual-territory-18,GOV-18,OP-18,LITHIUM,0,600,PROPOSED_NOT_GRANTED,0,"[""season adoption"", ""resource and environmental limits"", ""operator registration""]"
LIC-19-GRAIN,visual-territory-19,GOV-19,OP-19,GRAIN,0,600,PROPOSED_NOT_GRANTED,0,"[""season adoption"", ""resource and environmental limits"", ""operator registration""]"
LIC-19-SEMICONDUCTORS,visual-territory-19,GOV-19,OP-19,SEMICONDUCTORS,0,600,PROPOSED_NOT_GRANTED,0,"[""season adoption"", ""resource and environmental limits"", ""operator registration""]"
LIC-19-NATURAL_GAS,visual-territory-19,GOV-19,OP-19,NATURAL_GAS,0,600,PROPOSED_NOT_GRANTED,0,"[""season adoption"", ""resource and environmental limits"", ""operator registration""]"
LIC-19-URANIUM,visual-territory-19,GOV-19,OP-19,URANIUM,0,600,PROPOSED_NOT_GRANTED,0,"[""season adoption"", ""resource and environmental limits"", ""operator registration""]"
LIC-20-STEEL,visual-territory-20,GOV-20,OP-20,STEEL,0,600,PROPOSED_NOT_GRANTED,0,"[""season adoption"", ""resource and environmental limits"", ""operator registration""]"
LIC-20-REFINED_FUEL,visual-territory-20,GOV-20,OP-20,REFINED_FUEL,0,600,PROPOSED_NOT_GRANTED,0,"[""season adoption"", ""resource and environmental limits"", ""operator registration""]"
LIC-20-IRON_ORE,visual-territory-20,GOV-20,OP-20,IRON_ORE,0,600,PROPOSED_NOT_GRANTED,0,"[""season adoption"", ""resource and environmental limits"", ""operator registration""]"
LIC-20-LITHIUM,visual-territory-20,GOV-20,OP-20,LITHIUM,0,600,PROPOSED_NOT_GRANTED,0,"[""season adoption"", ""resource and environmental limits"", ""operator registration""]"
LIC-21-GRAIN,visual-territory-21,GOV-21,OP-21,GRAIN,0,600,PROPOSED_NOT_GRANTED,0,"[""season adoption"", ""resource and environmental limits"", ""operator registration""]"
LIC-21-STEEL,visual-territory-21,GOV-21,OP-21,STEEL,0,600,PROPOSED_NOT_GRANTED,0,"[""season adoption"", ""resource and environmental limits"", ""operator registration""]"
LIC-21-IRON_ORE,visual-territory-21,GOV-21,OP-21,IRON_ORE,0,600,PROPOSED_NOT_GRANTED,0,"[""season adoption"", ""resource and environmental limits"", ""operator registration""]"
LIC-21-CRUDE_OIL,visual-territory-21,GOV-21,OP-21,CRUDE_OIL,0,600,PROPOSED_NOT_GRANTED,0,"[""season adoption"", ""resource and environmental limits"", ""operator registration""]"
LIC-22-GRAIN,visual-territory-22,GOV-22,OP-22,GRAIN,0,600,PROPOSED_NOT_GRANTED,0,"[""season adoption"", ""resource and environmental limits"", ""operator registration""]"
LIC-22-STEEL,visual-territory-22,GOV-22,OP-22,STEEL,0,600,PROPOSED_NOT_GRANTED,0,"[""season adoption"", ""resource and environmental limits"", ""operator registration""]"
LIC-22-URANIUM,visual-territory-22,GOV-22,OP-22,URANIUM,0,600,PROPOSED_NOT_GRANTED,0,"[""season adoption"", ""resource and environmental limits"", ""operator registration""]"
LIC-23-STEEL,visual-territory-23,GOV-23,OP-23,STEEL,0,600,PROPOSED_NOT_GRANTED,0,"[""season adoption"", ""resource and environmental limits"", ""operator registration""]"
LIC-23-IRON_ORE,visual-territory-23,GOV-23,OP-23,IRON_ORE,0,600,PROPOSED_NOT_GRANTED,0,"[""season adoption"", ""resource and environmental limits"", ""operator registration""]"
LIC-23-BATTERIES,visual-territory-23,GOV-23,OP-23,BATTERIES,0,600,PROPOSED_NOT_GRANTED,0,"[""season adoption"", ""resource and environmental limits"", ""operator registration""]"
LIC-24-MACHINERY,visual-territory-24,GOV-24,OP-24,MACHINERY,0,600,PROPOSED_NOT_GRANTED,0,"[""season adoption"", ""resource and environmental limits"", ""operator registration""]"
LIC-24-CRUDE_OIL,visual-territory-24,GOV-24,OP-24,CRUDE_OIL,0,600,PROPOSED_NOT_GRANTED,0,"[""season adoption"", ""resource and environmental limits"", ""operator registration""]"
LIC-24-SEMICONDUCTORS,visual-territory-24,GOV-24,OP-24,SEMICONDUCTORS,0,600,PROPOSED_NOT_GRANTED,0,"[""season adoption"", ""resource and environmental limits"", ""operator registration""]"
LIC-24-NATURAL_GAS,visual-territory-24,GOV-24,OP-24,NATURAL_GAS,0,600,PROPOSED_NOT_GRANTED,0,"[""season adoption"", ""resource and environmental limits"", ""operator registration""]"
LIC-25-REFINED_FUEL,visual-territory-25,GOV-25,OP-25,REFINED_FUEL,0,600,PROPOSED_NOT_GRANTED,0,"[""season adoption"", ""resource and environmental limits"", ""operator registration""]"
LIC-25-CRUDE_OIL,visual-territory-25,GOV-25,OP-25,CRUDE_OIL,0,600,PROPOSED_NOT_GRANTED,0,"[""season adoption"", ""resource and environmental limits"", ""operator registration""]"
LIC-25-STEEL,visual-territory-25,GOV-25,OP-25,STEEL,0,600,PROPOSED_NOT_GRANTED,0,"[""season adoption"", ""resource and environmental limits"", ""operator registration""]"
LIC-26-REFINED_FUEL,visual-territory-26,GOV-26,OP-26,REFINED_FUEL,0,600,PROPOSED_NOT_GRANTED,0,"[""season adoption"", ""resource and environmental limits"", ""operator registration""]"
LIC-26-CRUDE_OIL,visual-territory-26,GOV-26,OP-26,CRUDE_OIL,0,600,PROPOSED_NOT_GRANTED,0,"[""season adoption"", ""resource and environmental limits"", ""operator registration""]"
LIC-26-STEEL,visual-territory-26,GOV-26,OP-26,STEEL,0,600,PROPOSED_NOT_GRANTED,0,"[""season adoption"", ""resource and environmental limits"", ""operator registration""]"
LIC-27-STEEL,visual-territory-27,GOV-27,OP-27,STEEL,0,600,PROPOSED_NOT_GRANTED,0,"[""season adoption"", ""resource and environmental limits"", ""operator registration""]"
LIC-27-IRON_ORE,visual-territory-27,GOV-27,OP-27,IRON_ORE,0,600,PROPOSED_NOT_GRANTED,0,"[""season adoption"", ""resource and environmental limits"", ""operator registration""]"
LIC-28-REFINED_FUEL,visual-territory-28,GOV-28,OP-28,REFINED_FUEL,0,600,PROPOSED_NOT_GRANTED,0,"[""season adoption"", ""resource and environmental limits"", ""operator registration""]"
LIC-28-CRUDE_OIL,visual-territory-28,GOV-28,OP-28,CRUDE_OIL,0,600,PROPOSED_NOT_GRANTED,0,"[""season adoption"", ""resource and environmental limits"", ""operator registration""]"
LIC-28-MACHINERY,visual-territory-28,GOV-28,OP-28,MACHINERY,0,600,PROPOSED_NOT_GRANTED,0,"[""season adoption"", ""resource and environmental limits"", ""operator registration""]"
LIC-28-NATURAL_GAS,visual-territory-28,GOV-28,OP-28,NATURAL_GAS,0,600,PROPOSED_NOT_GRANTED,0,"[""season adoption"", ""resource and environmental limits"", ""operator registration""]"
LIC-29-CRUDE_OIL,visual-territory-29,GOV-29,OP-29,CRUDE_OIL,0,600,PROPOSED_NOT_GRANTED,0,"[""season adoption"", ""resource and environmental limits"", ""operator registration""]"
LIC-29-STEEL,visual-territory-29,GOV-29,OP-29,STEEL,0,600,PROPOSED_NOT_GRANTED,0,"[""season adoption"", ""resource and environmental limits"", ""operator registration""]"
LIC-29-IRON_ORE,visual-territory-29,GOV-29,OP-29,IRON_ORE,0,600,PROPOSED_NOT_GRANTED,0,"[""season adoption"", ""resource and environmental limits"", ""operator registration""]"
LIC-29-NATURAL_GAS,visual-territory-29,GOV-29,OP-29,NATURAL_GAS,0,600,PROPOSED_NOT_GRANTED,0,"[""season adoption"", ""resource and environmental limits"", ""operator registration""]"
LIC-30-STEEL,visual-territory-30,GOV-30,OP-30,STEEL,0,600,PROPOSED_NOT_GRANTED,0,"[""season adoption"", ""resource and environmental limits"", ""operator registration""]"
LIC-30-IRON_ORE,visual-territory-30,GOV-30,OP-30,IRON_ORE,0,600,PROPOSED_NOT_GRANTED,0,"[""season adoption"", ""resource and environmental limits"", ""operator registration""]"
LIC-30-CRUDE_OIL,visual-territory-30,GOV-30,OP-30,CRUDE_OIL,0,600,PROPOSED_NOT_GRANTED,0,"[""season adoption"", ""resource and environmental limits"", ""operator registration""]"
LIC-31-REFINED_FUEL,visual-territory-31,GOV-31,OP-31,REFINED_FUEL,0,600,PROPOSED_NOT_GRANTED,0,"[""season adoption"", ""resource and environmental limits"", ""operator registration""]"
LIC-31-CRUDE_OIL,visual-territory-31,GOV-31,OP-31,CRUDE_OIL,0,600,PROPOSED_NOT_GRANTED,0,"[""season adoption"", ""resource and environmental limits"", ""operator registration""]"
LIC-31-MACHINERY,visual-territory-31,GOV-31,OP-31,MACHINERY,0,600,PROPOSED_NOT_GRANTED,0,"[""season adoption"", ""resource and environmental limits"", ""operator registration""]"
LIC-31-SEMICONDUCTORS,visual-territory-31,GOV-31,OP-31,SEMICONDUCTORS,0,600,PROPOSED_NOT_GRANTED,0,"[""season adoption"", ""resource and environmental limits"", ""operator registration""]"
LIC-31-LITHIUM,visual-territory-31,GOV-31,OP-31,LITHIUM,0,600,PROPOSED_NOT_GRANTED,0,"[""season adoption"", ""resource and environmental limits"", ""operator registration""]"
LIC-32-STEEL,visual-territory-32,GOV-32,OP-32,STEEL,0,600,PROPOSED_NOT_GRANTED,0,"[""season adoption"", ""resource and environmental limits"", ""operator registration""]"
LIC-32-IRON_ORE,visual-territory-32,GOV-32,OP-32,IRON_ORE,0,600,PROPOSED_NOT_GRANTED,0,"[""season adoption"", ""resource and environmental limits"", ""operator registration""]"
LIC-32-NATURAL_GAS,visual-territory-32,GOV-32,OP-32,NATURAL_GAS,0,600,PROPOSED_NOT_GRANTED,0,"[""season adoption"", ""resource and environmental limits"", ""operator registration""]"
LIC-33-GRAIN,visual-territory-33,GOV-33,OP-33,GRAIN,0,600,PROPOSED_NOT_GRANTED,0,"[""season adoption"", ""resource and environmental limits"", ""operator registration""]"
LIC-33-IRON_ORE,visual-territory-33,GOV-33,OP-33,IRON_ORE,0,600,PROPOSED_NOT_GRANTED,0,"[""season adoption"", ""resource and environmental limits"", ""operator registration""]"
LIC-33-URANIUM,visual-territory-33,GOV-33,OP-33,URANIUM,0,600,PROPOSED_NOT_GRANTED,0,"[""season adoption"", ""resource and environmental limits"", ""operator registration""]"
LIC-34-GRAIN,visual-territory-34,GOV-34,OP-34,GRAIN,0,600,PROPOSED_NOT_GRANTED,0,"[""season adoption"", ""resource and environmental limits"", ""operator registration""]"
LIC-34-IRON_ORE,visual-territory-34,GOV-34,OP-34,IRON_ORE,0,600,PROPOSED_NOT_GRANTED,0,"[""season adoption"", ""resource and environmental limits"", ""operator registration""]"
LIC-34-URANIUM,visual-territory-34,GOV-34,OP-34,URANIUM,0,600,PROPOSED_NOT_GRANTED,0,"[""season adoption"", ""resource and environmental limits"", ""operator registration""]"
LIC-35-STEEL,visual-territory-35,GOV-35,OP-35,STEEL,0,600,PROPOSED_NOT_GRANTED,0,"[""season adoption"", ""resource and environmental limits"", ""operator registration""]"
LIC-35-IRON_ORE,visual-territory-35,GOV-35,OP-35,IRON_ORE,0,600,PROPOSED_NOT_GRANTED,0,"[""season adoption"", ""resource and environmental limits"", ""operator registration""]"
LIC-35-URANIUM,visual-territory-35,GOV-35,OP-35,URANIUM,0,600,PROPOSED_NOT_GRANTED,0,"[""season adoption"", ""resource and environmental limits"", ""operator registration""]"
LIC-36-GRAIN,visual-territory-36,GOV-36,OP-36,GRAIN,0,600,PROPOSED_NOT_GRANTED,0,"[""season adoption"", ""resource and environmental limits"", ""operator registration""]"
LIC-36-NATURAL_GAS,visual-territory-36,GOV-36,OP-36,NATURAL_GAS,0,600,PROPOSED_NOT_GRANTED,0,"[""season adoption"", ""resource and environmental limits"", ""operator registration""]"
LIC-36-BATTERIES,visual-territory-36,GOV-36,OP-36,BATTERIES,0,600,PROPOSED_NOT_GRANTED,0,"[""season adoption"", ""resource and environmental limits"", ""operator registration""]"
LIC-37-REFINED_FUEL,visual-territory-37,GOV-37,OP-37,REFINED_FUEL,0,600,PROPOSED_NOT_GRANTED,0,"[""season adoption"", ""resource and environmental limits"", ""operator registration""]"
LIC-37-CRUDE_OIL,visual-territory-37,GOV-37,OP-37,CRUDE_OIL,0,600,PROPOSED_NOT_GRANTED,0,"[""season adoption"", ""resource and environmental limits"", ""operator registration""]"
LIC-37-IRON_ORE,visual-territory-37,GOV-37,OP-37,IRON_ORE,0,600,PROPOSED_NOT_GRANTED,0,"[""season adoption"", ""resource and environmental limits"", ""operator registration""]"
LIC-37-STEEL,visual-territory-37,GOV-37,OP-37,STEEL,0,600,PROPOSED_NOT_GRANTED,0,"[""season adoption"", ""resource and environmental limits"", ""operator registration""]"
LIC-38-REFINED_FUEL,visual-territory-38,GOV-38,OP-38,REFINED_FUEL,0,600,PROPOSED_NOT_GRANTED,0,"[""season adoption"", ""resource and environmental limits"", ""operator registration""]"
LIC-38-CRUDE_OIL,visual-territory-38,GOV-38,OP-38,CRUDE_OIL,0,600,PROPOSED_NOT_GRANTED,0,"[""season adoption"", ""resource and environmental limits"", ""operator registration""]"
LIC-38-IRON_ORE,visual-territory-38,GOV-38,OP-38,IRON_ORE,0,600,PROPOSED_NOT_GRANTED,0,"[""season adoption"", ""resource and environmental limits"", ""operator registration""]"
LIC-38-GRAIN,visual-territory-38,GOV-38,OP-38,GRAIN,0,600,PROPOSED_NOT_GRANTED,0,"[""season adoption"", ""resource and environmental limits"", ""operator registration""]"
LIC-39-STEEL,visual-territory-39,GOV-39,OP-39,STEEL,0,600,PROPOSED_NOT_GRANTED,0,"[""season adoption"", ""resource and environmental limits"", ""operator registration""]"
LIC-39-IRON_ORE,visual-territory-39,GOV-39,OP-39,IRON_ORE,0,600,PROPOSED_NOT_GRANTED,0,"[""season adoption"", ""resource and environmental limits"", ""operator registration""]"
LIC-39-URANIUM,visual-territory-39,GOV-39,OP-39,URANIUM,0,600,PROPOSED_NOT_GRANTED,0,"[""season adoption"", ""resource and environmental limits"", ""operator registration""]"
LIC-40-SEMICONDUCTORS,visual-territory-40,GOV-40,OP-40,SEMICONDUCTORS,0,600,PROPOSED_NOT_GRANTED,0,"[""season adoption"", ""resource and environmental limits"", ""operator registration""]"
LIC-40-CRUDE_OIL,visual-territory-40,GOV-40,OP-40,CRUDE_OIL,0,600,PROPOSED_NOT_GRANTED,0,"[""season adoption"", ""resource and environmental limits"", ""operator registration""]"
LIC-40-MACHINERY,visual-territory-40,GOV-40,OP-40,MACHINERY,0,600,PROPOSED_NOT_GRANTED,0,"[""season adoption"", ""resource and environmental limits"", ""operator registration""]"
LIC-41-CRUDE_OIL,visual-territory-41,GOV-41,OP-41,CRUDE_OIL,0,600,PROPOSED_NOT_GRANTED,0,"[""season adoption"", ""resource and environmental limits"", ""operator registration""]"
LIC-41-STEEL,visual-territory-41,GOV-41,OP-41,STEEL,0,600,PROPOSED_NOT_GRANTED,0,"[""season adoption"", ""resource and environmental limits"", ""operator registration""]"
LIC-41-IRON_ORE,visual-territory-41,GOV-41,OP-41,IRON_ORE,0,600,PROPOSED_NOT_GRANTED,0,"[""season adoption"", ""resource and environmental limits"", ""operator registration""]"
LIC-42-STEEL,visual-territory-42,GOV-42,OP-42,STEEL,0,600,PROPOSED_NOT_GRANTED,0,"[""season adoption"", ""resource and environmental limits"", ""operator registration""]"
LIC-42-IRON_ORE,visual-territory-42,GOV-42,OP-42,IRON_ORE,0,600,PROPOSED_NOT_GRANTED,0,"[""season adoption"", ""resource and environmental limits"", ""operator registration""]"
LIC-42-MACHINERY,visual-territory-42,GOV-42,OP-42,MACHINERY,0,600,PROPOSED_NOT_GRANTED,0,"[""season adoption"", ""resource and environmental limits"", ""operator registration""]"
LIC-43-STEEL,visual-territory-43,GOV-43,OP-43,STEEL,0,600,PROPOSED_NOT_GRANTED,0,"[""season adoption"", ""resource and environmental limits"", ""operator registration""]"
LIC-43-IRON_ORE,visual-territory-43,GOV-43,OP-43,IRON_ORE,0,600,PROPOSED_NOT_GRANTED,0,"[""season adoption"", ""resource and environmental limits"", ""operator registration""]"
LIC-43-COPPER,visual-territory-43,GOV-43,OP-43,COPPER,0,600,PROPOSED_NOT_GRANTED,0,"[""season adoption"", ""resource and environmental limits"", ""operator registration""]"
LIC-44-CRUDE_OIL,visual-territory-44,GOV-44,OP-44,CRUDE_OIL,0,600,PROPOSED_NOT_GRANTED,0,"[""season adoption"", ""resource and environmental limits"", ""operator registration""]"
LIC-44-STEEL,visual-territory-44,GOV-44,OP-44,STEEL,0,600,PROPOSED_NOT_GRANTED,0,"[""season adoption"", ""resource and environmental limits"", ""operator registration""]"
LIC-44-IRON_ORE,visual-territory-44,GOV-44,OP-44,IRON_ORE,0,600,PROPOSED_NOT_GRANTED,0,"[""season adoption"", ""resource and environmental limits"", ""operator registration""]"
LIC-44-MACHINERY,visual-territory-44,GOV-44,OP-44,MACHINERY,0,600,PROPOSED_NOT_GRANTED,0,"[""season adoption"", ""resource and environmental limits"", ""operator registration""]"
LIC-44-SEMICONDUCTORS,visual-territory-44,GOV-44,OP-44,SEMICONDUCTORS,0,600,PROPOSED_NOT_GRANTED,0,"[""season adoption"", ""resource and environmental limits"", ""operator registration""]"
LIC-45-STEEL,visual-territory-45,GOV-45,OP-45,STEEL,0,600,PROPOSED_NOT_GRANTED,0,"[""season adoption"", ""resource and environmental limits"", ""operator registration""]"
LIC-45-IRON_ORE,visual-territory-45,GOV-45,OP-45,IRON_ORE,0,600,PROPOSED_NOT_GRANTED,0,"[""season adoption"", ""resource and environmental limits"", ""operator registration""]"
LIC-46-GRAIN,visual-territory-46,GOV-46,OP-46,GRAIN,0,600,PROPOSED_NOT_GRANTED,0,"[""season adoption"", ""resource and environmental limits"", ""operator registration""]"
LIC-46-CRUDE_OIL,visual-territory-46,GOV-46,OP-46,CRUDE_OIL,0,600,PROPOSED_NOT_GRANTED,0,"[""season adoption"", ""resource and environmental limits"", ""operator registration""]"
LIC-46-SEMICONDUCTORS,visual-territory-46,GOV-46,OP-46,SEMICONDUCTORS,0,600,PROPOSED_NOT_GRANTED,0,"[""season adoption"", ""resource and environmental limits"", ""operator registration""]"
LIC-47-GRAIN,visual-territory-47,GOV-47,OP-47,GRAIN,0,600,PROPOSED_NOT_GRANTED,0,"[""season adoption"", ""resource and environmental limits"", ""operator registration""]"
LIC-47-CRUDE_OIL,visual-territory-47,GOV-47,OP-47,CRUDE_OIL,0,600,PROPOSED_NOT_GRANTED,0,"[""season adoption"", ""resource and environmental limits"", ""operator registration""]"
LIC-48-CRUDE_OIL,visual-territory-48,GOV-48,OP-48,CRUDE_OIL,0,600,PROPOSED_NOT_GRANTED,0,"[""season adoption"", ""resource and environmental limits"", ""operator registration""]"
LIC-48-STEEL,visual-territory-48,GOV-48,OP-48,STEEL,0,600,PROPOSED_NOT_GRANTED,0,"[""season adoption"", ""resource and environmental limits"", ""operator registration""]"
LIC-48-IRON_ORE,visual-territory-48,GOV-48,OP-48,IRON_ORE,0,600,PROPOSED_NOT_GRANTED,0,"[""season adoption"", ""resource and environmental limits"", ""operator registration""]"
LIC-48-REFINED_FUEL,visual-territory-48,GOV-48,OP-48,REFINED_FUEL,0,600,PROPOSED_NOT_GRANTED,0,"[""season adoption"", ""resource and environmental limits"", ""operator registration""]"
LIC-49-STEEL,visual-territory-49,GOV-49,OP-49,STEEL,0,600,PROPOSED_NOT_GRANTED,0,"[""season adoption"", ""resource and environmental limits"", ""operator registration""]"
LIC-49-CRUDE_OIL,visual-territory-49,GOV-49,OP-49,CRUDE_OIL,0,600,PROPOSED_NOT_GRANTED,0,"[""season adoption"", ""resource and environmental limits"", ""operator registration""]"
LIC-49-IRON_ORE,visual-territory-49,GOV-49,OP-49,IRON_ORE,0,600,PROPOSED_NOT_GRANTED,0,"[""season adoption"", ""resource and environmental limits"", ""operator registration""]"
LIC-49-SEMICONDUCTORS,visual-territory-49,GOV-49,OP-49,SEMICONDUCTORS,0,600,PROPOSED_NOT_GRANTED,0,"[""season adoption"", ""resource and environmental limits"", ""operator registration""]"
LIC-49-URANIUM,visual-territory-49,GOV-49,OP-49,URANIUM,0,600,PROPOSED_NOT_GRANTED,0,"[""season adoption"", ""resource and environmental limits"", ""operator registration""]"
LIC-50-MACHINERY,visual-territory-50,GOV-50,OP-50,MACHINERY,0,600,PROPOSED_NOT_GRANTED,0,"[""season adoption"", ""resource and environmental limits"", ""operator registration""]"
LIC-50-CRUDE_OIL,visual-territory-50,GOV-50,OP-50,CRUDE_OIL,0,600,PROPOSED_NOT_GRANTED,0,"[""season adoption"", ""resource and environmental limits"", ""operator registration""]"
LIC-50-REFINED_FUEL,visual-territory-50,GOV-50,OP-50,REFINED_FUEL,0,600,PROPOSED_NOT_GRANTED,0,"[""season adoption"", ""resource and environmental limits"", ""operator registration""]"
LIC-50-NATURAL_GAS,visual-territory-50,GOV-50,OP-50,NATURAL_GAS,0,600,PROPOSED_NOT_GRANTED,0,"[""season adoption"", ""resource and environmental limits"", ""operator registration""]"
LIC-50-COPPER,visual-territory-50,GOV-50,OP-50,COPPER,0,600,PROPOSED_NOT_GRANTED,0,"[""season adoption"", ""resource and environmental limits"", ""operator registration""]"
LIC-51-STEEL,visual-territory-51,GOV-51,OP-51,STEEL,0,600,PROPOSED_NOT_GRANTED,0,"[""season adoption"", ""resource and environmental limits"", ""operator registration""]"
LIC-51-CRUDE_OIL,visual-territory-51,GOV-51,OP-51,CRUDE_OIL,0,600,PROPOSED_NOT_GRANTED,0,"[""season adoption"", ""resource and environmental limits"", ""operator registration""]"
LIC-51-IRON_ORE,visual-territory-51,GOV-51,OP-51,IRON_ORE,0,600,PROPOSED_NOT_GRANTED,0,"[""season adoption"", ""resource and environmental limits"", ""operator registration""]"
LIC-51-MACHINERY,visual-territory-51,GOV-51,OP-51,MACHINERY,0,600,PROPOSED_NOT_GRANTED,0,"[""season adoption"", ""resource and environmental limits"", ""operator registration""]"
LIC-52-CRUDE_OIL,visual-territory-52,GOV-52,OP-52,CRUDE_OIL,0,600,PROPOSED_NOT_GRANTED,0,"[""season adoption"", ""resource and environmental limits"", ""operator registration""]"
LIC-52-MACHINERY,visual-territory-52,GOV-52,OP-52,MACHINERY,0,600,PROPOSED_NOT_GRANTED,0,"[""season adoption"", ""resource and environmental limits"", ""operator registration""]"
LIC-52-SEMICONDUCTORS,visual-territory-52,GOV-52,OP-52,SEMICONDUCTORS,0,600,PROPOSED_NOT_GRANTED,0,"[""season adoption"", ""resource and environmental limits"", ""operator registration""]"
LIC-52-IRON_ORE,visual-territory-52,GOV-52,OP-52,IRON_ORE,0,600,PROPOSED_NOT_GRANTED,0,"[""season adoption"", ""resource and environmental limits"", ""operator registration""]"
LIC-52-REFINED_FUEL,visual-territory-52,GOV-52,OP-52,REFINED_FUEL,0,600,PROPOSED_NOT_GRANTED,0,"[""season adoption"", ""resource and environmental limits"", ""operator registration""]"
LIC-53-GRAIN,visual-territory-53,GOV-53,OP-53,GRAIN,0,600,PROPOSED_NOT_GRANTED,0,"[""season adoption"", ""resource and environmental limits"", ""operator registration""]"
LIC-53-CRUDE_OIL,visual-territory-53,GOV-53,OP-53,CRUDE_OIL,0,600,PROPOSED_NOT_GRANTED,0,"[""season adoption"", ""resource and environmental limits"", ""operator registration""]"
LIC-53-REFINED_FUEL,visual-territory-53,GOV-53,OP-53,REFINED_FUEL,0,600,PROPOSED_NOT_GRANTED,0,"[""season adoption"", ""resource and environmental limits"", ""operator registration""]"
LIC-54-GRAIN,visual-territory-54,GOV-54,OP-54,GRAIN,0,600,PROPOSED_NOT_GRANTED,0,"[""season adoption"", ""resource and environmental limits"", ""operator registration""]"
LIC-54-SEMICONDUCTORS,visual-territory-54,GOV-54,OP-54,SEMICONDUCTORS,0,600,PROPOSED_NOT_GRANTED,0,"[""season adoption"", ""resource and environmental limits"", ""operator registration""]"
LIC-54-URANIUM,visual-territory-54,GOV-54,OP-54,URANIUM,0,600,PROPOSED_NOT_GRANTED,0,"[""season adoption"", ""resource and environmental limits"", ""operator registration""]"
LIC-55-GRAIN,visual-territory-55,GOV-55,OP-55,GRAIN,0,600,PROPOSED_NOT_GRANTED,0,"[""season adoption"", ""resource and environmental limits"", ""operator registration""]"
LIC-55-CRUDE_OIL,visual-territory-55,GOV-55,OP-55,CRUDE_OIL,0,600,PROPOSED_NOT_GRANTED,0,"[""season adoption"", ""resource and environmental limits"", ""operator registration""]"
LIC-55-REFINED_FUEL,visual-territory-55,GOV-55,OP-55,REFINED_FUEL,0,600,PROPOSED_NOT_GRANTED,0,"[""season adoption"", ""resource and environmental limits"", ""operator registration""]"
LIC-55-SEMICONDUCTORS,visual-territory-55,GOV-55,OP-55,SEMICONDUCTORS,0,600,PROPOSED_NOT_GRANTED,0,"[""season adoption"", ""resource and environmental limits"", ""operator registration""]"
LIC-56-SEMICONDUCTORS,visual-territory-56,GOV-56,OP-56,SEMICONDUCTORS,0,600,PROPOSED_NOT_GRANTED,0,"[""season adoption"", ""resource and environmental limits"", ""operator registration""]"
LIC-56-MACHINERY,visual-territory-56,GOV-56,OP-56,MACHINERY,0,600,PROPOSED_NOT_GRANTED,0,"[""season adoption"", ""resource and environmental limits"", ""operator registration""]"
LIC-56-CRUDE_OIL,visual-territory-56,GOV-56,OP-56,CRUDE_OIL,0,600,PROPOSED_NOT_GRANTED,0,"[""season adoption"", ""resource and environmental limits"", ""operator registration""]"
LIC-56-BATTERIES,visual-territory-56,GOV-56,OP-56,BATTERIES,0,600,PROPOSED_NOT_GRANTED,0,"[""season adoption"", ""resource and environmental limits"", ""operator registration""]"
LIC-57-STEEL,visual-territory-57,GOV-57,OP-57,STEEL,0,600,PROPOSED_NOT_GRANTED,0,"[""season adoption"", ""resource and environmental limits"", ""operator registration""]"
LIC-57-IRON_ORE,visual-territory-57,GOV-57,OP-57,IRON_ORE,0,600,PROPOSED_NOT_GRANTED,0,"[""season adoption"", ""resource and environmental limits"", ""operator registration""]"
LIC-57-MACHINERY,visual-territory-57,GOV-57,OP-57,MACHINERY,0,600,PROPOSED_NOT_GRANTED,0,"[""season adoption"", ""resource and environmental limits"", ""operator registration""]"
LIC-58-GRAIN,visual-territory-58,GOV-58,OP-58,GRAIN,0,600,PROPOSED_NOT_GRANTED,0,"[""season adoption"", ""resource and environmental limits"", ""operator registration""]"
LIC-58-IRON_ORE,visual-territory-58,GOV-58,OP-58,IRON_ORE,0,600,PROPOSED_NOT_GRANTED,0,"[""season adoption"", ""resource and environmental limits"", ""operator registration""]"
LIC-58-URANIUM,visual-territory-58,GOV-58,OP-58,URANIUM,0,600,PROPOSED_NOT_GRANTED,0,"[""season adoption"", ""resource and environmental limits"", ""operator registration""]"
LIC-59-STEEL,visual-territory-59,GOV-59,OP-59,STEEL,0,600,PROPOSED_NOT_GRANTED,0,"[""season adoption"", ""resource and environmental limits"", ""operator registration""]"
LIC-59-IRON_ORE,visual-territory-59,GOV-59,OP-59,IRON_ORE,0,600,PROPOSED_NOT_GRANTED,0,"[""season adoption"", ""resource and environmental limits"", ""operator registration""]"
LIC-59-MACHINERY,visual-territory-59,GOV-59,OP-59,MACHINERY,0,600,PROPOSED_NOT_GRANTED,0,"[""season adoption"", ""resource and environmental limits"", ""operator registration""]"
LIC-60-GRAIN,visual-territory-60,GOV-60,OP-60,GRAIN,0,600,PROPOSED_NOT_GRANTED,0,"[""season adoption"", ""resource and environmental limits"", ""operator registration""]"
LIC-60-REFINED_FUEL,visual-territory-60,GOV-60,OP-60,REFINED_FUEL,0,600,PROPOSED_NOT_GRANTED,0,"[""season adoption"", ""resource and environmental limits"", ""operator registration""]"
LIC-60-URANIUM,visual-territory-60,GOV-60,OP-60,URANIUM,0,600,PROPOSED_NOT_GRANTED,0,"[""season adoption"", ""resource and environmental limits"", ""operator registration""]"
LIC-61-GRAIN,visual-territory-61,GOV-61,OP-61,GRAIN,0,600,PROPOSED_NOT_GRANTED,0,"[""season adoption"", ""resource and environmental limits"", ""operator registration""]"
LIC-61-MACHINERY,visual-territory-61,GOV-61,OP-61,MACHINERY,0,600,PROPOSED_NOT_GRANTED,0,"[""season adoption"", ""resource and environmental limits"", ""operator registration""]"
LIC-61-SEMICONDUCTORS,visual-territory-61,GOV-61,OP-61,SEMICONDUCTORS,0,600,PROPOSED_NOT_GRANTED,0,"[""season adoption"", ""resource and environmental limits"", ""operator registration""]"
LIC-61-URANIUM,visual-territory-61,GOV-61,OP-61,URANIUM,0,600,PROPOSED_NOT_GRANTED,0,"[""season adoption"", ""resource and environmental limits"", ""operator registration""]"
LIC-62-REFINED_FUEL,visual-territory-62,GOV-62,OP-62,REFINED_FUEL,0,600,PROPOSED_NOT_GRANTED,0,"[""season adoption"", ""resource and environmental limits"", ""operator registration""]"
LIC-62-CRUDE_OIL,visual-territory-62,GOV-62,OP-62,CRUDE_OIL,0,600,PROPOSED_NOT_GRANTED,0,"[""season adoption"", ""resource and environmental limits"", ""operator registration""]"
LIC-62-IRON_ORE,visual-territory-62,GOV-62,OP-62,IRON_ORE,0,600,PROPOSED_NOT_GRANTED,0,"[""season adoption"", ""resource and environmental limits"", ""operator registration""]"
LIC-63-REFINED_FUEL,visual-territory-63,GOV-63,OP-63,REFINED_FUEL,0,600,PROPOSED_NOT_GRANTED,0,"[""season adoption"", ""resource and environmental limits"", ""operator registration""]"
LIC-63-CRUDE_OIL,visual-territory-63,GOV-63,OP-63,CRUDE_OIL,0,600,PROPOSED_NOT_GRANTED,0,"[""season adoption"", ""resource and environmental limits"", ""operator registration""]"
LIC-63-STEEL,visual-territory-63,GOV-63,OP-63,STEEL,0,600,PROPOSED_NOT_GRANTED,0,"[""season adoption"", ""resource and environmental limits"", ""operator registration""]"
LIC-63-IRON_ORE,visual-territory-63,GOV-63,OP-63,IRON_ORE,0,600,PROPOSED_NOT_GRANTED,0,"[""season adoption"", ""resource and environmental limits"", ""operator registration""]"
LIC-64-GRAIN,visual-territory-64,GOV-64,OP-64,GRAIN,0,600,PROPOSED_NOT_GRANTED,0,"[""season adoption"", ""resource and environmental limits"", ""operator registration""]"
LIC-64-MACHINERY,visual-territory-64,GOV-64,OP-64,MACHINERY,0,600,PROPOSED_NOT_GRANTED,0,"[""season adoption"", ""resource and environmental limits"", ""operator registration""]"
LIC-64-URANIUM,visual-territory-64,GOV-64,OP-64,URANIUM,0,600,PROPOSED_NOT_GRANTED,0,"[""season adoption"", ""resource and environmental limits"", ""operator registration""]"
LIC-65-GRAIN,visual-territory-65,GOV-65,OP-65,GRAIN,0,600,PROPOSED_NOT_GRANTED,0,"[""season adoption"", ""resource and environmental limits"", ""operator registration""]"
LIC-65-BATTERIES,visual-territory-65,GOV-65,OP-65,BATTERIES,0,600,PROPOSED_NOT_GRANTED,0,"[""season adoption"", ""resource and environmental limits"", ""operator registration""]"
LIC-66-REFINED_FUEL,visual-territory-66,GOV-66,OP-66,REFINED_FUEL,0,600,PROPOSED_NOT_GRANTED,0,"[""season adoption"", ""resource and environmental limits"", ""operator registration""]"
LIC-66-CRUDE_OIL,visual-territory-66,GOV-66,OP-66,CRUDE_OIL,0,600,PROPOSED_NOT_GRANTED,0,"[""season adoption"", ""resource and environmental limits"", ""operator registration""]"
LIC-66-GRAIN,visual-territory-66,GOV-66,OP-66,GRAIN,0,600,PROPOSED_NOT_GRANTED,0,"[""season adoption"", ""resource and environmental limits"", ""operator registration""]"
LIC-66-MACHINERY,visual-territory-66,GOV-66,OP-66,MACHINERY,0,600,PROPOSED_NOT_GRANTED,0,"[""season adoption"", ""resource and environmental limits"", ""operator registration""]"
LIC-67-REFINED_FUEL,visual-territory-67,GOV-67,OP-67,REFINED_FUEL,0,600,PROPOSED_NOT_GRANTED,0,"[""season adoption"", ""resource and environmental limits"", ""operator registration""]"
LIC-67-CRUDE_OIL,visual-territory-67,GOV-67,OP-67,CRUDE_OIL,0,600,PROPOSED_NOT_GRANTED,0,"[""season adoption"", ""resource and environmental limits"", ""operator registration""]"
LIC-67-MACHINERY,visual-territory-67,GOV-67,OP-67,MACHINERY,0,600,PROPOSED_NOT_GRANTED,0,"[""season adoption"", ""resource and environmental limits"", ""operator registration""]"
LIC-67-SEMICONDUCTORS,visual-territory-67,GOV-67,OP-67,SEMICONDUCTORS,0,600,PROPOSED_NOT_GRANTED,0,"[""season adoption"", ""resource and environmental limits"", ""operator registration""]"
LIC-68-STEEL,visual-territory-68,GOV-68,OP-68,STEEL,0,600,PROPOSED_NOT_GRANTED,0,"[""season adoption"", ""resource and environmental limits"", ""operator registration""]"
LIC-68-IRON_ORE,visual-territory-68,GOV-68,OP-68,IRON_ORE,0,600,PROPOSED_NOT_GRANTED,0,"[""season adoption"", ""resource and environmental limits"", ""operator registration""]"
LIC-69-STEEL,visual-territory-69,GOV-69,OP-69,STEEL,0,600,PROPOSED_NOT_GRANTED,0,"[""season adoption"", ""resource and environmental limits"", ""operator registration""]"
LIC-69-IRON_ORE,visual-territory-69,GOV-69,OP-69,IRON_ORE,0,600,PROPOSED_NOT_GRANTED,0,"[""season adoption"", ""resource and environmental limits"", ""operator registration""]"
LIC-70-GRAIN,visual-territory-70,GOV-70,OP-70,GRAIN,0,600,PROPOSED_NOT_GRANTED,0,"[""season adoption"", ""resource and environmental limits"", ""operator registration""]"
LIC-70-REFINED_FUEL,visual-territory-70,GOV-70,OP-70,REFINED_FUEL,0,600,PROPOSED_NOT_GRANTED,0,"[""season adoption"", ""resource and environmental limits"", ""operator registration""]"
