id,countryId,regionId,population,households,housingUnits,schoolSeats,teachers,medicalWorkers,hospitalBeds,dailyMedicalVisits,waterDomesticM3Day,sourceStatus
SERVICE-visual-territory-01-E1,visual-territory-01,visual-territory-01-E1,105506849,31419551,33141343,21048617,771012,369274,316521,1266083,19049847.736111,OPENING_SOCIAL_ASSET_PROPOSAL
SERVICE-visual-territory-02-E1,visual-territory-02,visual-territory-02-E1,137301649,40583368,42852790,27391679,1003359,480556,411905,1647620,24790575.513889,OPENING_SOCIAL_ASSET_PROPOSAL
SERVICE-visual-territory-03-E1,visual-territory-03,visual-territory-03-E1,119877899,36203763,38112426,23915641,876031,419573,359634,1438535,21644620.652778,OPENING_SOCIAL_ASSET_PROPOSAL
SERVICE-visual-territory-03-E2,visual-territory-03,visual-territory-03-E2,140159542,43078296,45239104,27961829,1024243,490559,420479,1681915,25306583.972222,OPENING_SOCIAL_ASSET_PROPOSAL
SERVICE-visual-territory-04-E1,visual-territory-04,visual-territory-04-E1,142792861,43646186,45870396,28487176,1043487,499776,428379,1713515,25782044.347222,OPENING_SOCIAL_ASSET_PROPOSAL
SERVICE-visual-territory-04-E2,visual-territory-04,visual-territory-04-E2,132956170,39839443,41985993,26524756,971603,465347,398869,1595475,24005975.138889,OPENING_SOCIAL_ASSET_PROPOSAL
SERVICE-visual-territory-05-E1,visual-territory-05,visual-territory-05-E1,99853195,29863978,31481412,19920713,729697,349487,299560,1198239,18029049.097222,OPENING_SOCIAL_ASSET_PROPOSAL
SERVICE-visual-territory-05-E2,visual-territory-05,visual-territory-05-E2,98964717,29622173,31222956,19743462,723204,346377,296895,1187577,17868629.458333,OPENING_SOCIAL_ASSET_PROPOSAL
SERVICE-visual-territory-06-E1,visual-territory-06,visual-territory-06-E1,146412542,43391780,45800892,29209303,1069938,512444,439238,1756951,26435597.861111,OPENING_SOCIAL_ASSET_PROPOSAL
SERVICE-visual-territory-06-E2,visual-territory-06,visual-territory-06-E2,154647876,46090626,48610862,30852252,1130120,541268,463944,1855775,27922533.166667,OPENING_SOCIAL_ASSET_PROPOSAL
SERVICE-visual-territory-07-E1,visual-territory-07,visual-territory-07-E1,107873104,33063540,34735233,21520685,788304,377556,323620,1294478,19477088.222222,OPENING_SOCIAL_ASSET_PROPOSAL
SERVICE-visual-territory-07-E2,visual-territory-07,visual-territory-07-E2,109057087,33270414,34975191,21756889,796956,381700,327172,1308686,19690862.930556,OPENING_SOCIAL_ASSET_PROPOSAL
SERVICE-visual-territory-08-E1,visual-territory-08,visual-territory-08-E1,118701172,35838644,37729491,23680884,867432,415455,356104,1424415,21432156.055556,OPENING_SOCIAL_ASSET_PROPOSAL
SERVICE-visual-territory-08-E2,visual-territory-08,visual-territory-08-E2,115889144,34725420,36596426,23119885,846883,405613,347668,1390670,20924428.777778,OPENING_SOCIAL_ASSET_PROPOSAL
SERVICE-visual-territory-09-E1,visual-territory-09,visual-territory-09-E1,108027260,32135668,33901845,21551439,789430,378096,324082,1296328,19504921.944444,OPENING_SOCIAL_ASSET_PROPOSAL
SERVICE-visual-territory-09-E2,visual-territory-09,visual-territory-09-E2,95886758,28125058,29730437,19129409,700711,335604,287661,1150642,17312886.861111,OPENING_SOCIAL_ASSET_PROPOSAL
SERVICE-visual-territory-10-E1,visual-territory-10,visual-territory-10-E1,109158663,32273502,34076946,21777154,797698,382056,327476,1309904,19709203.041667,OPENING_SOCIAL_ASSET_PROPOSAL
SERVICE-visual-territory-10-E2,visual-territory-10,visual-territory-10-E2,108700695,32370666,34144579,21685789,794352,380453,326103,1304409,19626514.375,OPENING_SOCIAL_ASSET_PROPOSAL
SERVICE-visual-territory-11-E1,visual-territory-11,visual-territory-11-E1,139077036,41752338,43990264,27745869,1016333,486770,417232,1668925,25111131.5,OPENING_SOCIAL_ASSET_PROPOSAL
SERVICE-visual-territory-12-E1,visual-territory-12,visual-territory-12-E1,152695868,47258169,49581381,30462826,1115855,534436,458088,1832351,27570087.277778,OPENING_SOCIAL_ASSET_PROPOSAL
SERVICE-visual-territory-12-E2,visual-territory-12,visual-territory-12-E2,130198033,38949961,41057933,25974508,951448,455694,390595,1562377,23507978.180556,OPENING_SOCIAL_ASSET_PROPOSAL
SERVICE-visual-territory-13-E1,visual-territory-13,visual-territory-13-E1,117472143,35622447,37479089,23435693,858451,411153,352417,1409666,21210248.041667,OPENING_SOCIAL_ASSET_PROPOSAL
SERVICE-visual-territory-13-E2,visual-territory-13,visual-territory-13-E2,94797370,28042411,29607178,18912076,692751,331791,284393,1137569,17116191.805556,OPENING_SOCIAL_ASSET_PROPOSAL
SERVICE-visual-territory-14-E1,visual-territory-14,visual-territory-14-E1,90428102,26608240,28114267,18040407,660821,316499,271285,1085138,16327296.194444,OPENING_SOCIAL_ASSET_PROPOSAL
SERVICE-visual-territory-14-E2,visual-territory-14,visual-territory-14-E2,113547205,33959567,35798818,22652668,829769,397416,340642,1362567,20501578.680556,OPENING_SOCIAL_ASSET_PROPOSAL
SERVICE-visual-territory-15-E1,visual-territory-15,visual-territory-15-E1,130942291,38590756,40765732,26122988,956886,458299,392827,1571308,23642358.097222,OPENING_SOCIAL_ASSET_PROPOSAL
SERVICE-visual-territory-15-E2,visual-territory-15,visual-territory-15-E2,139393846,41566676,43836217,27809073,1018648,487879,418182,1672727,25168333.305556,OPENING_SOCIAL_ASSET_PROPOSAL
SERVICE-visual-territory-16-E1,visual-territory-16,visual-territory-16-E1,135764571,40527948,42734290,27085032,992126,475176,407294,1629175,24513047.541667,OPENING_SOCIAL_ASSET_PROPOSAL
SERVICE-visual-territory-16-E2,visual-territory-16,visual-territory-16-E2,134820304,40584078,42743151,26896651,985226,471872,404461,1617844,24342554.888889,OPENING_SOCIAL_ASSET_PROPOSAL
SERVICE-visual-territory-17-E1,visual-territory-17,visual-territory-17-E1,142121388,43584823,45784985,28353217,1038580,497425,426365,1705457,25660806.166667,OPENING_SOCIAL_ASSET_PROPOSAL
SERVICE-visual-territory-18-E1,visual-territory-18,visual-territory-18-E1,114529212,34550867,36377917,22848578,836945,400853,343588,1374351,20678885.5,OPENING_SOCIAL_ASSET_PROPOSAL
SERVICE-visual-territory-19-E1,visual-territory-19,visual-territory-19-E1,122802272,36966368,38932979,24499054,897402,429808,368407,1473628,22172632.444444,OPENING_SOCIAL_ASSET_PROPOSAL
SERVICE-visual-territory-20-E1,visual-territory-20,visual-territory-20-E1,95680443,28220990,29808139,19088249,699204,334882,287042,1148166,17275635.541667,OPENING_SOCIAL_ASSET_PROPOSAL
SERVICE-visual-territory-20-E2,visual-territory-20,visual-territory-20-E2,92214652,27055115,28598339,18396824,673877,322752,276644,1106576,16649867.722222,OPENING_SOCIAL_ASSET_PROPOSAL
SERVICE-visual-territory-21-E1,visual-territory-21,visual-territory-21-E1,130812591,38820249,40967786,26097112,955939,457845,392438,1569752,23618940.041667,OPENING_SOCIAL_ASSET_PROPOSAL
SERVICE-visual-territory-21-E2,visual-territory-21,visual-territory-21-E2,131760762,39039070,41208081,26286273,962868,461163,395283,1581130,23790137.583333,OPENING_SOCIAL_ASSET_PROPOSAL
SERVICE-visual-territory-22-E1,visual-territory-22,visual-territory-22-E1,112204643,33271452,35116022,22384827,819958,392717,336614,1346456,20259171.652778,OPENING_SOCIAL_ASSET_PROPOSAL
SERVICE-visual-territory-23-E1,visual-territory-23,visual-territory-23-E1,155556202,46262068,48806482,31033463,1136757,544447,466669,1866675,28086536.472222,OPENING_SOCIAL_ASSET_PROPOSAL
SERVICE-visual-territory-23-E2,visual-territory-23,visual-territory-23-E2,194678265,61171490,64046551,38838314,1422649,681374,584035,2336140,35150242.291667,OPENING_SOCIAL_ASSET_PROPOSAL
SERVICE-visual-territory-24-E1,visual-territory-24,visual-territory-24-E1,111421856,34417081,36118662,22228661,814237,389977,334266,1337063,20117835.111111,OPENING_SOCIAL_ASSET_PROPOSAL
SERVICE-visual-territory-24-E2,visual-territory-24,visual-territory-24-E2,106132630,32166277,33845357,21173460,775585,371465,318398,1273592,19162835.972222,OPENING_SOCIAL_ASSET_PROPOSAL
SERVICE-visual-territory-25-E1,visual-territory-25,visual-territory-25-E1,121894971,36733056,38681378,24318047,890771,426633,365685,1462740,22008814.208333,OPENING_SOCIAL_ASSET_PROPOSAL
SERVICE-visual-territory-26-E1,visual-territory-26,visual-territory-26-E1,74792715,22284940,23504372,14921147,546563,261775,224379,897513,13504240.208333,OPENING_SOCIAL_ASSET_PROPOSAL
SERVICE-visual-territory-26-E2,visual-territory-26,visual-territory-26-E2,75685474,22424662,23670577,15099253,553087,264900,227057,908226,13665432.805556,OPENING_SOCIAL_ASSET_PROPOSAL
SERVICE-visual-territory-27-E1,visual-territory-27,visual-territory-27-E1,91535782,27222538,28719778,18261389,668916,320376,274608,1098430,16527293.972222,OPENING_SOCIAL_ASSET_PROPOSAL
SERVICE-visual-territory-27-E2,visual-territory-27,visual-territory-27-E2,116977227,35453017,37303665,23336957,854834,409421,350932,1403727,21120888.208333,OPENING_SOCIAL_ASSET_PROPOSAL
SERVICE-visual-territory-28-E1,visual-territory-28,visual-territory-28-E1,107865826,33655484,35270948,21519233,788251,377531,323598,1294390,19475774.138889,OPENING_SOCIAL_ASSET_PROPOSAL
SERVICE-visual-territory-28-E2,visual-territory-28,visual-territory-28-E2,110257236,33906525,35604564,21996319,805726,385901,330772,1323087,19907556.5,OPENING_SOCIAL_ASSET_PROPOSAL
SERVICE-visual-territory-29-E1,visual-territory-29,visual-territory-29-E1,97490619,29243969,30814956,19449379,712432,341218,292472,1169888,17602472.875,OPENING_SOCIAL_ASSET_PROPOSAL
SERVICE-visual-territory-29-E2,visual-territory-29,visual-territory-29-E2,105104946,32108801,33747635,20968437,768075,367868,315315,1261260,18977281.916667,OPENING_SOCIAL_ASSET_PROPOSAL
SERVICE-visual-territory-30-E1,visual-territory-30,visual-territory-30-E1,95594132,28582489,30131660,19071030,698573,334580,286783,1147130,17260051.611111,OPENING_SOCIAL_ASSET_PROPOSAL
SERVICE-visual-territory-30-E2,visual-territory-30,visual-territory-30-E2,85883856,25811101,27190447,17133830,627613,300594,257652,1030607,15506807.333333,OPENING_SOCIAL_ASSET_PROPOSAL
SERVICE-visual-territory-31-E1,visual-territory-31,visual-territory-31-E1,96881120,29686264,31188389,19327784,707978,339084,290644,1162574,17492424.444444,OPENING_SOCIAL_ASSET_PROPOSAL
SERVICE-visual-territory-31-E2,visual-territory-31,visual-territory-31-E2,101333472,30965156,32544379,20216028,740514,354668,304001,1216002,18296321.333333,OPENING_SOCIAL_ASSET_PROPOSAL
SERVICE-visual-territory-32-E1,visual-territory-32,visual-territory-32-E1,64372312,19314784,20351602,12842277,470414,225304,193117,772468,11622778.555556,OPENING_SOCIAL_ASSET_PROPOSAL
SERVICE-visual-territory-32-E2,visual-territory-32,visual-territory-32-E2,67181409,20108776,21195455,13402692,490942,235135,201545,806177,12129976.625,OPENING_SOCIAL_ASSET_PROPOSAL
SERVICE-visual-territory-33-E1,visual-territory-33,visual-territory-33-E1,97931229,29015801,30627919,19537281,715652,342760,293794,1175175,17682027.458333,OPENING_SOCIAL_ASSET_PROPOSAL
SERVICE-visual-territory-33-E2,visual-territory-33,visual-territory-33-E2,74647482,21935787,23181740,14892173,545501,261267,223943,895770,13478017.583333,OPENING_SOCIAL_ASSET_PROPOSAL
SERVICE-visual-territory-34-E1,visual-territory-34,visual-territory-34-E1,104427042,31014863,32726884,20833195,763121,365495,313282,1253125,18854882.583333,OPENING_SOCIAL_ASSET_PROPOSAL
SERVICE-visual-territory-34-E2,visual-territory-34,visual-territory-34-E2,100913593,29971368,31625788,20132262,737446,353198,302741,1210964,18220509.847222,OPENING_SOCIAL_ASSET_PROPOSAL
SERVICE-visual-territory-35-E1,visual-territory-35,visual-territory-35-E1,99566637,29390630,31040033,19863545,727603,348484,298700,1194800,17977309.458333,OPENING_SOCIAL_ASSET_PROPOSAL
SERVICE-visual-territory-35-E2,visual-territory-35,visual-territory-35-E2,86418108,25529722,26959387,17240413,631517,302464,259255,1037018,15603269.5,OPENING_SOCIAL_ASSET_PROPOSAL
SERVICE-visual-territory-36-E1,visual-territory-36,visual-territory-36-E1,93559138,27551428,29107533,18665049,683702,327457,280678,1122710,16892622.138889,OPENING_SOCIAL_ASSET_PROPOSAL
SERVICE-visual-territory-37-E1,visual-territory-37,visual-territory-37-E1,95690285,28306548,29886054,19090212,699276,334916,287071,1148284,17277412.569444,OPENING_SOCIAL_ASSET_PROPOSAL
SERVICE-visual-territory-38-E1,visual-territory-38,visual-territory-38-E1,155857037,47275248,49737343,31093479,1138956,545500,467572,1870285,28140853.902778,OPENING_SOCIAL_ASSET_PROPOSAL
SERVICE-visual-territory-38-E2,visual-territory-38,visual-territory-38-E2,131609338,39025424,41188994,26256063,961761,460633,394829,1579313,23762797.138889,OPENING_SOCIAL_ASSET_PROPOSAL
SERVICE-visual-territory-39-E1,visual-territory-39,visual-territory-39-E1,110681021,32671436,34504957,22080864,808823,387384,332044,1328173,19984073.236111,OPENING_SOCIAL_ASSET_PROPOSAL
SERVICE-visual-territory-39-E2,visual-territory-39,visual-territory-39-E2,109795598,32626768,34425156,21904222,802353,384285,329387,1317548,19824205.194444,OPENING_SOCIAL_ASSET_PROPOSAL
SERVICE-visual-territory-40-E1,visual-territory-40,visual-territory-40-E1,90707498,27446367,28885655,18096146,662863,317477,272123,1088490,16377742.694444,OPENING_SOCIAL_ASSET_PROPOSAL
SERVICE-visual-territory-40-E2,visual-territory-40,visual-territory-40-E2,103362390,32533566,34054836,20620797,755341,361769,310088,1240349,18662653.75,OPENING_SOCIAL_ASSET_PROPOSAL
SERVICE-visual-territory-41-E1,visual-territory-41,visual-territory-41-E1,107613514,32947620,34618724,21468897,786407,376648,322841,1291363,19430217.805556,OPENING_SOCIAL_ASSET_PROPOSAL
SERVICE-visual-territory-41-E2,visual-territory-41,visual-territory-41-E2,101704185,30474991,32116984,20289985,743223,355965,305113,1220451,18363255.625,OPENING_SOCIAL_ASSET_PROPOSAL
SERVICE-visual-territory-42-E1,visual-territory-42,visual-territory-42-E1,129656173,38487347,40614928,25866407,947488,453797,388969,1555875,23410142.347222,OPENING_SOCIAL_ASSET_PROPOSAL
SERVICE-visual-territory-43-E1,visual-territory-43,visual-territory-43-E1,133083165,39420369,41612142,26550092,972531,465792,399250,1596998,24028904.791667,OPENING_SOCIAL_ASSET_PROPOSAL
SERVICE-visual-territory-44-E1,visual-territory-44,visual-territory-44-E1,145518542,45906351,48038242,29030950,1063405,509315,436556,1746223,26274181.194444,OPENING_SOCIAL_ASSET_PROPOSAL
SERVICE-visual-territory-44-E2,visual-territory-44,visual-territory-44-E2,125621281,37814956,39826712,25061446,918002,439675,376864,1507456,22681620.180556,OPENING_SOCIAL_ASSET_PROPOSAL
SERVICE-visual-territory-45-E1,visual-territory-45,visual-territory-45-E1,109400861,32345109,34152554,21825472,799468,382904,328203,1312811,19752933.236111,OPENING_SOCIAL_ASSET_PROPOSAL
SERVICE-visual-territory-45-E2,visual-territory-45,visual-territory-45-E2,120957713,36136985,38099947,24131064,883922,423352,362874,1451493,21839587.069444,OPENING_SOCIAL_ASSET_PROPOSAL
SERVICE-visual-territory-46-E1,visual-territory-46,visual-territory-46-E1,129833316,39082877,41162087,25901747,948782,454417,389500,1558000,23442126.5,OPENING_SOCIAL_ASSET_PROPOSAL
SERVICE-visual-territory-46-E2,visual-territory-46,visual-territory-46-E2,129998425,38963681,41061486,25934686,949989,454995,389996,1559982,23471937.847222,OPENING_SOCIAL_ASSET_PROPOSAL
SERVICE-visual-territory-47-E1,visual-territory-47,visual-territory-47-E1,158351878,47296042,49867055,31591200,1157187,554232,475056,1900223,28591311.305556,OPENING_SOCIAL_ASSET_PROPOSAL
SERVICE-visual-territory-47-E2,visual-territory-47,visual-territory-47-E2,156006342,46961572,49459928,31123266,1140047,546023,468020,1872077,28167811.75,OPENING_SOCIAL_ASSET_PROPOSAL
SERVICE-visual-territory-48-E1,visual-territory-48,visual-territory-48-E1,127598958,38472821,40510342,25455993,932454,446597,382797,1531188,23038700.75,OPENING_SOCIAL_ASSET_PROPOSAL
SERVICE-visual-territory-49-E1,visual-territory-49,visual-territory-49-E1,93842876,28126986,29641343,18721654,685775,328451,281529,1126115,16943852.611111,OPENING_SOCIAL_ASSET_PROPOSAL
SERVICE-visual-territory-49-E2,visual-territory-49,visual-territory-49-E2,96538017,29467360,30974911,19259335,705471,337884,289615,1158457,17430475.291667,OPENING_SOCIAL_ASSET_PROPOSAL
SERVICE-visual-territory-50-E1,visual-territory-50,visual-territory-50-E1,101448946,31120264,32689971,20239065,741358,355072,304347,1217388,18317170.805556,OPENING_SOCIAL_ASSET_PROPOSAL
SERVICE-visual-territory-50-E2,visual-territory-50,visual-territory-50-E2,98491805,29883130,31438249,19649116,719748,344722,295476,1181902,17783242.569444,OPENING_SOCIAL_ASSET_PROPOSAL
SERVICE-visual-territory-51-E1,visual-territory-51,visual-territory-51-E1,117381204,37252049,38950743,23417551,857786,410835,352144,1408575,21193828.5,OPENING_SOCIAL_ASSET_PROPOSAL
SERVICE-visual-territory-51-E2,visual-territory-51,visual-territory-51-E2,100003970,30643166,32193711,19950793,730799,350014,300012,1200048,18056272.361111,OPENING_SOCIAL_ASSET_PROPOSAL
SERVICE-visual-territory-52-E1,visual-territory-52,visual-territory-52-E1,161966472,51801092,54107277,32312312,1183602,566883,485900,1943598,29243946.333333,OPENING_SOCIAL_ASSET_PROPOSAL
SERVICE-visual-territory-53-E1,visual-territory-53,visual-territory-53-E1,135517908,40971674,43125146,27035823,990324,474313,406554,1626215,24468511.166667,OPENING_SOCIAL_ASSET_PROPOSAL
SERVICE-visual-territory-53-E2,visual-territory-53,visual-territory-53-E2,142004686,43309957,45530892,28329935,1037727,497017,426015,1704057,25639734.972222,OPENING_SOCIAL_ASSET_PROPOSAL
SERVICE-visual-territory-54-E1,visual-territory-54,visual-territory-54-E1,178770566,54598103,57386975,35664728,1306401,625697,536312,2145247,32278018.861111,OPENING_SOCIAL_ASSET_PROPOSAL
SERVICE-visual-territory-54-E2,visual-territory-54,visual-territory-54-E2,158823056,47706073,50259303,31685200,1160631,555881,476470,1905877,28676385.111111,OPENING_SOCIAL_ASSET_PROPOSAL
SERVICE-visual-territory-55-E1,visual-territory-55,visual-territory-55-E1,158398842,50514668,52783787,31600569,1157530,554396,475197,1900787,28599790.916667,OPENING_SOCIAL_ASSET_PROPOSAL
SERVICE-visual-territory-56-E1,visual-territory-56,visual-territory-56-E1,170434331,53387524,55920229,34001650,1245482,596521,511303,2045212,30772865.319444,OPENING_SOCIAL_ASSET_PROPOSAL
SERVICE-visual-territory-56-E2,visual-territory-56,visual-territory-56-E2,156465541,46934500,49455822,31214876,1143403,547630,469397,1877587,28250722.680556,OPENING_SOCIAL_ASSET_PROPOSAL
SERVICE-visual-territory-57-E1,visual-territory-57,visual-territory-57-E1,114234694,34659636,36463324,22789822,834792,399822,342705,1370817,20625708.638889,OPENING_SOCIAL_ASSET_PROPOSAL
SERVICE-visual-territory-57-E2,visual-territory-57,visual-territory-57-E2,106863823,32098950,33816886,21319333,780928,374024,320592,1282366,19294856.930556,OPENING_SOCIAL_ASSET_PROPOSAL
SERVICE-visual-territory-58-E1,visual-territory-58,visual-territory-58-E1,154098388,46576512,49026437,30742629,1126104,539345,462296,1849181,27823320.055556,OPENING_SOCIAL_ASSET_PROPOSAL
SERVICE-visual-territory-58-E2,visual-territory-58,visual-territory-58-E2,149762037,45352201,47725029,29877527,1094415,524168,449287,1797145,27040367.791667,OPENING_SOCIAL_ASSET_PROPOSAL
SERVICE-visual-territory-59-E1,visual-territory-59,visual-territory-59-E1,73362124,22077741,23253160,14635744,536108,256768,220087,880346,13245939.055556,OPENING_SOCIAL_ASSET_PROPOSAL
SERVICE-visual-territory-60-E1,visual-territory-60,visual-territory-60-E1,130458172,39112029,41216257,26026406,953349,456604,391375,1565499,23554947.722222,OPENING_SOCIAL_ASSET_PROPOSAL
SERVICE-visual-territory-60-E2,visual-territory-60,visual-territory-60-E2,151532757,45900936,48300637,30230786,1107355,530365,454599,1818394,27360081.125,OPENING_SOCIAL_ASSET_PROPOSAL
SERVICE-visual-territory-61-E1,visual-territory-61,visual-territory-61-E1,155861131,48117169,50499932,31094296,1138986,545514,467584,1870334,28141593.097222,OPENING_SOCIAL_ASSET_PROPOSAL
SERVICE-visual-territory-61-E2,visual-territory-61,visual-territory-61-E2,184588249,58782323,61434582,36825356,1348915,646059,553765,2215059,33328433.847222,OPENING_SOCIAL_ASSET_PROPOSAL
SERVICE-visual-territory-62-E1,visual-territory-62,visual-territory-62-E1,106772796,32281049,33977741,21301173,780263,373705,320319,1281274,19278421.5,OPENING_SOCIAL_ASSET_PROPOSAL
SERVICE-visual-territory-62-E2,visual-territory-62,visual-territory-62-E2,97862502,29530916,31091330,19523570,715150,342519,293588,1174351,17669618.416667,OPENING_SOCIAL_ASSET_PROPOSAL
SERVICE-visual-territory-63-E1,visual-territory-63,visual-territory-63-E1,134886945,41116548,43228294,26909946,985713,472105,404661,1618644,24354587.291667,OPENING_SOCIAL_ASSET_PROPOSAL
SERVICE-visual-territory-63-E2,visual-territory-63,visual-territory-63-E2,133944321,41259340,43315706,26721893,978824,468806,401833,1607332,24184391.291667,OPENING_SOCIAL_ASSET_PROPOSAL
SERVICE-visual-territory-64-E1,visual-territory-64,visual-territory-64-E1,175314812,53498570,56237697,34975305,1281147,613602,525945,2103778,31654063.277778,OPENING_SOCIAL_ASSET_PROPOSAL
SERVICE-visual-territory-64-E2,visual-territory-64,visual-territory-64-E2,154774455,47465179,49861222,30877504,1131045,541711,464324,1857294,27945387.708333,OPENING_SOCIAL_ASSET_PROPOSAL
SERVICE-visual-territory-65-E1,visual-territory-65,visual-territory-65-E1,135319760,40989841,43132790,26996293,988876,473620,405960,1623838,24432734.444444,OPENING_SOCIAL_ASSET_PROPOSAL
SERVICE-visual-territory-65-E2,visual-territory-65,visual-territory-65-E2,158023022,48010884,50499769,31525593,1154784,553081,474070,1896277,28531934.527778,OPENING_SOCIAL_ASSET_PROPOSAL
SERVICE-visual-territory-66-E1,visual-territory-66,visual-territory-66-E1,120628465,35731181,37717835,24065379,881516,422200,361886,1447542,21780139.513889,OPENING_SOCIAL_ASSET_PROPOSAL
SERVICE-visual-territory-66-E2,visual-territory-66,visual-territory-66-E2,168501290,53111420,55584288,33616008,1231356,589755,505504,2022016,30423844.027778,OPENING_SOCIAL_ASSET_PROPOSAL
SERVICE-visual-territory-67-E1,visual-territory-67,visual-territory-67-E1,100079238,30208041,31803026,19965808,731349,350278,300238,1200951,18069862.416667,OPENING_SOCIAL_ASSET_PROPOSAL
SERVICE-visual-territory-67-E2,visual-territory-67,visual-territory-67-E2,130207050,41691605,43541045,25976307,951514,455725,390622,1562485,23509606.25,OPENING_SOCIAL_ASSET_PROPOSAL
SERVICE-visual-territory-68-E1,visual-territory-68,visual-territory-68-E1,100957743,30178079,31814939,20141070,737769,353353,302874,1211493,18228481.375,OPENING_SOCIAL_ASSET_PROPOSAL
SERVICE-visual-territory-68-E2,visual-territory-68,visual-territory-68-E2,96981723,29107033,30668335,19347854,708713,339437,290946,1163781,17510588.875,OPENING_SOCIAL_ASSET_PROPOSAL
SERVICE-visual-territory-69-E1,visual-territory-69,visual-territory-69-E1,133510774,39737715,41918521,26635400,975656,467288,400533,1602130,24106111.972222,OPENING_SOCIAL_ASSET_PROPOSAL
SERVICE-visual-territory-70-E1,visual-territory-70,visual-territory-70-E1,89351229,26368185,27849023,17825571,652952,312730,268054,1072215,16132860.791667,OPENING_SOCIAL_ASSET_PROPOSAL
