id,countryId,solarMW,windMW,solarCapacityFactor,windCapacityFactor,averageDemandMW,averageDeliveredMW,lossFraction,storageMWh,storageDischargeMW,storageEfficiency,openingStateOfChargeFraction,crossBorderConnections,hourlyDispatchValidated,status
GRID-01,visual-territory-01,205182.225894,205182.225894,0.164583,0.119459,47637.915538,54783.602869,0.06,2540688.828687,47637.915538,0.9,1,[],False,CANDIDATE_NOT_ENERGIZED
GRID-02,visual-territory-02,256678.780523,256678.780523,0.164167,0.131355,62002.461844,71302.831121,0.06,3306797.965009,62002.461844,0.9,1,[],False,CANDIDATE_NOT_ENERGIZED
GRID-03,visual-territory-03,498150.360241,498150.360241,0.163183,0.125156,117406.984665,135018.032365,0.06,6261705.848811,117406.984665,0.9,1,[],False,CANDIDATE_NOT_ENERGIZED
GRID-04,visual-territory-04,540958.324772,540958.324772,0.164605,0.117638,124801.026115,143521.180033,0.06,6656054.726157,124801.026115,0.9,1,[],False,CANDIDATE_NOT_ENERGIZED
GRID-05,visual-territory-05,423161.377864,423161.377864,0.159756,0.09982,89784.087084,103251.700147,0.06,4788484.644476,89784.087084,0.9,1,[],False,CANDIDATE_NOT_ENERGIZED
GRID-06,visual-territory-06,634128.519181,634128.519181,0.151618,0.110947,136095.667552,156510.017685,0.06,7258435.602793,136095.667552,0.9,1,[],False,CANDIDATE_NOT_ENERGIZED
GRID-07,visual-territory-07,491675.015054,491675.015054,0.158333,0.085625,98044.607657,112751.298805,0.06,5229045.741682,98044.607657,0.9,1,[],False,CANDIDATE_NOT_ENERGIZED
GRID-08,visual-territory-08,529230.452146,529230.452146,0.160557,0.084234,105893.739644,121777.80059,0.06,5647666.114322,105893.739644,0.9,1,[],False,CANDIDATE_NOT_ENERGIZED
GRID-09,visual-territory-09,431875.170817,431875.170817,0.181443,0.080736,92552.035971,106434.841367,0.06,4936108.585134,92552.035971,0.9,1,[],False,CANDIDATE_NOT_ENERGIZED
GRID-10,visual-territory-10,492920.732382,492920.732382,0.153865,0.090526,98467.221049,113237.304206,0.06,5251585.122598,98467.221049,0.9,1,[],False,CANDIDATE_NOT_ENERGIZED
GRID-11,visual-territory-11,282395.98749,282395.98749,0.190417,0.08137,62736.064859,72146.474588,0.06,3345923.459168,62736.064859,0.9,1,[],False,CANDIDATE_NOT_ENERGIZED
GRID-12,visual-territory-12,592861.369612,592861.369612,0.181674,0.081664,127613.723464,146755.781983,0.06,6806065.251402,127613.723464,0.9,1,[],False,CANDIDATE_NOT_ENERGIZED
GRID-13,visual-territory-13,403817.997481,403817.997481,0.215647,0.074842,95883.79256,110266.361444,0.06,5113802.269867,95883.79256,0.9,1,[],False,CANDIDATE_NOT_ENERGIZED
GRID-14,visual-territory-14,449358.740111,449358.740111,0.178768,0.072431,92265.922867,106105.811297,0.06,4920849.219586,92265.922867,0.9,1,[],False,CANDIDATE_NOT_ENERGIZED
GRID-15,visual-territory-15,607015.278257,607015.278257,0.167979,0.078292,122192.131803,140520.951574,0.06,6516913.696185,122192.131803,0.9,1,[],False,CANDIDATE_NOT_ENERGIZED
GRID-16,visual-territory-16,577821.283533,577821.283533,0.158757,0.09986,122146.368449,140468.323717,0.06,6514472.983973,122146.368449,0.9,1,[],False,CANDIDATE_NOT_ENERGIZED
GRID-17,visual-territory-17,277014.179153,277014.179153,0.19375,0.100545,66636.832117,76632.356935,0.06,3553964.379598,66636.832117,0.9,1,[],False,CANDIDATE_NOT_ENERGIZED
GRID-18,visual-territory-18,222977.640091,222977.640091,0.207083,0.079507,52233.949589,60069.042028,0.06,2785810.64476,52233.949589,0.9,1,[],False,CANDIDATE_NOT_ENERGIZED
GRID-19,visual-territory-19,210248.204718,210248.204718,0.20125,0.121287,55429.678092,63744.129805,0.06,2956249.498224,55429.678092,0.9,1,[],False,CANDIDATE_NOT_ENERGIZED
GRID-20,visual-territory-20,345106.800177,345106.800177,0.215442,0.0968,88079.422713,101291.33612,0.06,4697569.21136,88079.422713,0.9,1,[],False,CANDIDATE_NOT_ENERGIZED
GRID-21,visual-territory-21,477763.531632,477763.531632,0.20289,0.101626,118919.755157,136757.718431,0.06,6342386.941721,118919.755157,0.9,1,[],False,CANDIDATE_NOT_ENERGIZED
GRID-22,visual-territory-22,192366.876556,192366.876556,0.188333,0.134611,50779.499544,58396.424476,0.06,2708239.975686,50779.499544,0.9,1,[],False,CANDIDATE_NOT_ENERGIZED
GRID-23,visual-territory-23,756674.499886,756674.499886,0.189376,0.076301,164320.92094,188969.059081,0.06,8763782.45015,164320.92094,0.9,1,[],False,CANDIDATE_NOT_ENERGIZED
GRID-24,visual-territory-24,437998.606735,437998.606735,0.176651,0.097757,98242.571992,112978.95779,0.06,5239603.839549,98242.571992,0.9,1,[],False,CANDIDATE_NOT_ENERGIZED
GRID-25,visual-territory-25,230790.250703,230790.250703,0.18875,0.106048,55612.39112,63954.249788,0.06,2965994.193054,55612.39112,0.9,1,[],False,CANDIDATE_NOT_ENERGIZED
GRID-26,visual-territory-26,292296.042417,292296.042417,0.202104,0.086322,68910.888598,79247.521887,0.06,3675247.39188,68910.888598,0.9,1,[],False,CANDIDATE_NOT_ENERGIZED
GRID-27,visual-territory-27,440574.262596,440574.262596,0.201395,0.072328,98573.458497,113359.477272,0.06,5257251.119847,98573.458497,0.9,1,[],False,CANDIDATE_NOT_ENERGIZED
GRID-28,visual-territory-28,419871.539603,419871.539603,0.204576,0.083849,98987.143779,113835.215345,0.06,5279314.334856,98987.143779,0.9,1,[],False,CANDIDATE_NOT_ENERGIZED
GRID-29,visual-territory-29,383968.022307,383968.022307,0.2025,0.092997,92742.227457,106653.561575,0.06,4946252.131023,92742.227457,0.9,1,[],False,CANDIDATE_NOT_ENERGIZED
GRID-30,visual-territory-30,352445.879003,352445.879003,0.196881,0.097336,84759.97656,97473.973044,0.06,4520532.083186,84759.97656,0.9,1,[],False,CANDIDATE_NOT_ENERGIZED
GRID-31,visual-territory-31,380470.731434,380470.731434,0.189759,0.099741,90032.6005,103537.490574,0.06,4801738.69331,90032.6005,0.9,1,[],False,CANDIDATE_NOT_ENERGIZED
GRID-32,visual-territory-32,242825.772048,242825.772048,0.20581,0.106685,62025.08059,71328.842679,0.06,3308004.298145,62025.08059,0.9,1,[],False,CANDIDATE_NOT_ENERGIZED
GRID-33,visual-territory-33,300160.227342,300160.227342,0.194893,0.122932,77977.849874,89674.527355,0.06,4158818.65996,77977.849874,0.9,1,[],False,CANDIDATE_NOT_ENERGIZED
GRID-34,visual-territory-34,372427.45425,372427.45425,0.195632,0.109152,92782.195039,106699.524295,0.06,4948383.735408,92782.195039,0.9,1,[],False,CANDIDATE_NOT_ENERGIZED
GRID-35,visual-territory-35,335372.653717,335372.653717,0.193547,0.125009,87325.912875,100424.799806,0.06,4657382.019989,87325.912875,0.9,1,[],False,CANDIDATE_NOT_ENERGIZED
GRID-36,visual-territory-36,148943.313543,148943.313543,0.1925,0.154566,42253.535017,48591.565269,0.06,2253521.867551,42253.535017,0.9,1,[],False,CANDIDATE_NOT_ENERGIZED
GRID-37,visual-territory-37,185379.434482,185379.434482,0.180417,0.107737,43663.204643,50212.685339,0.06,2328704.247609,43663.204643,0.9,1,[],False,CANDIDATE_NOT_ENERGIZED
GRID-38,visual-territory-38,543647.997724,543647.997724,0.187711,0.10633,130663.711521,150263.268249,0.06,6968731.281133,130663.711521,0.9,1,[],False,CANDIDATE_NOT_ENERGIZED
GRID-39,visual-territory-39,408412.840204,408412.840204,0.199345,0.112878,104230.38773,119864.94589,0.06,5558954.012282,104230.38773,0.9,1,[],False,CANDIDATE_NOT_ENERGIZED
GRID-40,visual-territory-40,388229.395283,388229.395283,0.204148,0.071665,87525.283555,100654.076088,0.06,4668015.122936,87525.283555,0.9,1,[],False,CANDIDATE_NOT_ENERGIZED
GRID-41,visual-territory-41,440506.722791,440506.722791,0.185986,0.081908,96459.809612,110928.781054,0.06,5144523.179322,96459.809612,0.9,1,[],False,CANDIDATE_NOT_ENERGIZED
GRID-42,visual-territory-42,270694.742148,270694.742148,0.180833,0.092141,60399.320486,69459.218559,0.06,3221297.09261,60399.320486,0.9,1,[],False,CANDIDATE_NOT_ENERGIZED
GRID-43,visual-territory-43,276874.659776,276874.659776,0.180833,0.093165,62009.924557,71311.413241,0.06,3307195.976386,62009.924557,0.9,1,[],False,CANDIDATE_NOT_ENERGIZED
GRID-44,visual-territory-44,605612.238475,605612.238475,0.146502,0.104439,124221.485588,142854.708426,0.06,6625145.898002,124221.485588,0.9,1,[],False,CANDIDATE_NOT_ENERGIZED
GRID-45,visual-territory-45,448154.400671,448154.400671,0.198523,0.09547,107694.847994,123849.075193,0.06,5743725.226364,107694.847994,0.9,1,[],False,CANDIDATE_NOT_ENERGIZED
GRID-46,visual-territory-46,556470.619422,556470.619422,0.170417,0.087381,117260.188136,134849.216356,0.06,6253876.700569,117260.188136,0.9,1,[],False,CANDIDATE_NOT_ENERGIZED
GRID-47,visual-territory-47,715057.061851,715057.061851,0.158537,0.084462,142028.104917,163332.320655,0.06,7574832.262256,142028.104917,0.9,1,[],False,CANDIDATE_NOT_ENERGIZED
GRID-48,visual-territory-48,280390.114697,280390.114697,0.140417,0.115264,58599.121443,67388.989659,0.06,3125286.476948,58599.121443,0.9,1,[],False,CANDIDATE_NOT_ENERGIZED
GRID-49,visual-territory-49,364922.190326,364922.190326,0.184583,0.108304,87363.660228,100468.209262,0.06,4659395.212159,87363.660228,0.9,1,[],False,CANDIDATE_NOT_ENERGIZED
GRID-50,visual-territory-50,470574.279291,470574.279291,0.139164,0.095748,90357.405117,103911.015885,0.06,4819061.606241,90357.405117,0.9,1,[],False,CANDIDATE_NOT_ENERGIZED
GRID-51,visual-territory-51,527850.118883,527850.118883,0.1375,0.094531,100112.32686,115129.175889,0.06,5339324.099203,100112.32686,0.9,1,[],False,CANDIDATE_NOT_ENERGIZED
GRID-52,visual-territory-52,372824.696271,372824.696271,0.1375,0.103272,73373.658945,84379.707787,0.06,3913261.810388,73373.658945,0.9,1,[],False,CANDIDATE_NOT_ENERGIZED
GRID-53,visual-territory-53,589197.332859,589197.332859,0.158539,0.102073,125512.286112,144339.129028,0.06,6693988.592623,125512.286112,0.9,1,[],False,CANDIDATE_NOT_ENERGIZED
GRID-54,visual-territory-54,738573.611619,738573.611619,0.159781,0.092645,152390.781578,175249.398815,0.06,8127508.350824,152390.781578,0.9,1,[],False,CANDIDATE_NOT_ENERGIZED
GRID-55,visual-territory-55,334250.261408,334250.261408,0.155833,0.106048,71549.371115,82281.776782,0.06,3815966.459464,71549.371115,0.9,1,[],False,CANDIDATE_NOT_ENERGIZED
GRID-56,visual-territory-56,742858.016857,742858.016857,0.142951,0.099765,147378.339524,169485.090453,0.06,7860178.107943,147378.339524,0.9,1,[],False,CANDIDATE_NOT_ENERGIZED
GRID-57,visual-territory-57,483812.915235,483812.915235,0.167495,0.09319,103091.60933,118555.350729,0.06,5498219.164261,103091.60933,0.9,1,[],False,CANDIDATE_NOT_ENERGIZED
GRID-58,visual-territory-58,569309.98294,569309.98294,0.16271,0.132493,137372.52106,157978.399219,0.06,7326534.456549,137372.52106,0.9,1,[],False,CANDIDATE_NOT_ENERGIZED
GRID-59,visual-territory-59,144868.328316,144868.328316,0.179167,0.111169,34379.840173,39536.816198,0.06,1833591.475872,34379.840173,0.9,1,[],False,CANDIDATE_NOT_ENERGIZED
GRID-60,visual-territory-60,532770.26015,532770.26015,0.158167,0.134252,127343.145088,146444.616851,0.06,6791634.404672,127343.145088,0.9,1,[],False,CANDIDATE_NOT_ENERGIZED
GRID-61,visual-territory-61,676036.017393,676036.017393,0.17074,0.107235,153605.04705,176645.804108,0.06,8192269.176025,153605.04705,0.9,1,[],False,CANDIDATE_NOT_ENERGIZED
GRID-62,visual-territory-62,350180.832997,350180.832997,0.186731,0.139037,93246.345452,107233.29727,0.06,4973138.424111,93246.345452,0.9,1,[],False,CANDIDATE_NOT_ENERGIZED
GRID-63,visual-territory-63,527032.182104,527032.182104,0.177313,0.110487,123981.81961,142579.092552,0.06,6612363.71254,123981.81961,0.9,1,[],False,CANDIDATE_NOT_ENERGIZED
GRID-64,visual-territory-64,608989.904431,608989.904431,0.170205,0.129194,149036.030245,171391.434782,0.06,7948588.279742,149036.030245,0.9,1,[],False,CANDIDATE_NOT_ENERGIZED
GRID-65,visual-territory-65,561608.497708,561608.497708,0.15441,0.133995,132393.282814,152252.275236,0.06,7060975.083396,132393.282814,0.9,1,[],False,CANDIDATE_NOT_ENERGIZED
GRID-66,visual-territory-66,606734.207659,606734.207659,0.160972,0.103823,131322.373321,151020.729319,0.06,7003859.910439,131322.373321,0.9,1,[],False,CANDIDATE_NOT_ENERGIZED
GRID-67,visual-territory-67,454572.257419,454572.257419,0.180621,0.100821,104573.33625,120259.336688,0.06,5577244.600024,104573.33625,0.9,1,[],False,CANDIDATE_NOT_ENERGIZED
GRID-68,visual-territory-68,426234.462283,426234.462283,0.165869,0.102719,93575.828407,107612.202668,0.06,4990710.848365,93575.828407,0.9,1,[],False,CANDIDATE_NOT_ENERGIZED
GRID-69,visual-territory-69,274467.859374,274467.859374,0.179167,0.102175,63118.34991,72586.102396,0.06,3366311.995186,63118.34991,0.9,1,[],False,CANDIDATE_NOT_ENERGIZED
GRID-70,visual-territory-70,171853.112333,171853.112333,0.177083,0.110017,40329.339645,46378.740592,0.06,2150898.114391,40329.339645,0.9,1,[],False,CANDIDATE_NOT_ENERGIZED
