regionId,basinId,monthlyRunoffM3Proposal,ecologicalReserveShare,seasonalBasis
visual-territory-01-E1,BASIN-HL23,"[15811223599.73, 18059445082.57, 24202840994.99, 32594458390.25, 40986075785.51, 47129471697.93, 49377693180.77, 47129471697.93, 40986075785.51, 32594458390.25, 24202840994.99, 18059445082.57]",0.65,Monthly rain proportion; no independent multiplier or exact drainage claim
visual-territory-02-E1,BASIN-HL23,"[28147721343.25, 32653141082.81, 44960520351.6, 61768858548.32, 78581657556.67, 90889036825.46, 95394456565.02, 90889036825.46, 78581657556.67, 61768858548.32, 44960520351.6, 32653141082.81]",0.65,Monthly rain proportion; no independent multiplier or exact drainage claim
visual-territory-03-E1,BASIN-HR34,"[14612048612.82, 17488514778.57, 25346361153.24, 36080673693.65, 46817483166.5, 54675329541.17, 57551795706.92, 54675329541.17, 46817483166.5, 36080673693.65, 25346361153.24, 17488514778.57]",0.65,Monthly rain proportion; no independent multiplier or exact drainage claim
visual-territory-03-E2,BASIN-HR34,"[23169512289.69, 26509578552.99, 35640264959.11, 48114533487.76, 60585286157.19, 69715972563.3, 73056038826.61, 69715972563.3, 60585286157.19, 48114533487.76, 35640264959.11, 26509578552.99]",0.65,Monthly rain proportion; no independent multiplier or exact drainage claim
visual-territory-04-E1,BASIN-HL23,"[17172983778.53, 20274014758.79, 28743193260.92, 40316229571.92, 51886439054.31, 60355617556.45, 63456648536.7, 60355617556.45, 51886439054.31, 40316229571.92, 28743193260.92, 20274014758.79]",0.65,Monthly rain proportion; no independent multiplier or exact drainage claim
visual-territory-04-E2,BASIN-HL23,"[24192396838.44, 27001571891.58, 34680667201.08, 45172355051.62, 55660625414.27, 63339720723.77, 66148895776.91, 63339720723.77, 55660625414.27, 45172355051.62, 34680667201.08, 27001571891.58]",0.65,Monthly rain proportion; no independent multiplier or exact drainage claim
visual-territory-05-E1,BASIN-HR24,"[12754673077.62, 15303414284.19, 22263100900.74, 31773722132.83, 41282149955.95, 48244029981.47, 50792771188.03, 48244029981.47, 41282149955.95, 31773722132.83, 22263100900.74, 15303414284.19]",0.65,Monthly rain proportion; no independent multiplier or exact drainage claim
visual-territory-05-E2,BASIN-HR24,"[8786205355.86, 10931365682.37, 16789941102.67, 24793676849.48, 32797412596.3, 38657645791.2, 40801148343.11, 38657645791.2, 32797412596.3, 24793676849.48, 16789941102.67, 10931365682.37]",0.65,Monthly rain proportion; no independent multiplier or exact drainage claim
visual-territory-06-E1,BASIN-HR05,"[52474973752.82, 54095206372.57, 58516278750.78, 64554038381.95, 70595343379.91, 75012870391.33, 76633103011.09, 75012870391.33, 70595343379.91, 64554038381.95, 58516278750.78, 54095206372.57]",0.65,Monthly rain proportion; no independent multiplier or exact drainage claim
visual-territory-06-E2,BASIN-HL05,"[34558707915.07, 39278431827.09, 52184748786.11, 69810789657.14, 87441612416.64, 100347929375.65, 105067653287.67, 100347929375.65, 87441612416.64, 69810789657.14, 52184748786.11, 39278431827.09]",0.65,Monthly rain proportion; no independent multiplier or exact drainage claim
visual-territory-07-E1,BASIN-HL05,"[9113672823.19, 11353269060.31, 17473336743.73, 25834726085.11, 34194390005.66, 40314457689.08, 42555779347.03, 40314457689.08, 34194390005.66, 25834726085.11, 17473336743.73, 11353269060.31]",0.65,Monthly rain proportion; no independent multiplier or exact drainage claim
visual-territory-07-E2,BASIN-HR34,"[8841857445.69, 11041374745.52, 17052153645.26, 25262449844.83, 33472746044.4, 39483524944.15, 41683042243.97, 39483524944.15, 33472746044.4, 25262449844.83, 17052153645.26, 11041374745.52]",0.65,Monthly rain proportion; no independent multiplier or exact drainage claim
visual-territory-08-E1,BASIN-HR24,"[11565447189.28, 14184830095.91, 21343446902.25, 31123653340.5, 40903859778.75, 48062476585.09, 50681859491.72, 48062476585.09, 40903859778.75, 31123653340.5, 21343446902.25, 14184830095.91]",0.65,Monthly rain proportion; no independent multiplier or exact drainage claim
visual-territory-08-E2,BASIN-HR24,"[10404282844.43, 12992472062.5, 20065402628.55, 29726522412.67, 39387642196.78, 46460572762.84, 49048761980.9, 46460572762.84, 39387642196.78, 29726522412.67, 20065402628.55, 12992472062.5]",0.65,Monthly rain proportion; no independent multiplier or exact drainage claim
visual-territory-09-E1,BASIN-HR35,"[13994028574.31, 15240504024.62, 18650298861.95, 23304767884.47, 27961038172.11, 31369031744.33, 32617308459.74, 31369031744.33, 27961038172.11, 23304767884.47, 18650298861.95, 15240504024.62]",0.65,Monthly rain proportion; no independent multiplier or exact drainage claim
visual-territory-09-E2,BASIN-HR35,"[8400958754.25, 9428648854.28, 12232366885.13, 16065814083.66, 19897222214.55, 22702979313.05, 23728630345.43, 22702979313.05, 19897222214.55, 16065814083.66, 12232366885.13, 9428648854.28]",0.65,Monthly rain proportion; no independent multiplier or exact drainage claim
visual-territory-10-E1,BASIN-HR35,"[23302972330.75, 24206728289.93, 26676875506.41, 30048992603.1, 33422895778.75, 35893042995.23, 36796798954.41, 35893042995.23, 33422895778.75, 30048992603.1, 26676875506.41, 24206728289.93]",0.65,Monthly rain proportion; no independent multiplier or exact drainage claim
visual-territory-10-E2,BASIN-HR35,"[19889580133.98, 20866688328.34, 23533831807.0, 27176274020.4, 30818716233.81, 33484050252.85, 34461158447.21, 33484050252.85, 30818716233.81, 27176274020.4, 23533831807.0, 20866688328.34]",0.65,Monthly rain proportion; no independent multiplier or exact drainage claim
visual-territory-11-E1,BASIN-HR35,"[14063925416.65, 15272796979.71, 18575606785.92, 23084589781.16, 27596271150.43, 30896382582.62, 32105254145.68, 30896382582.62, 27596271150.43, 23084589781.16, 18575606785.92, 15272796979.71]",0.65,Monthly rain proportion; no independent multiplier or exact drainage claim
visual-territory-12-E1,BASIN-HL13,"[18042383393.82, 19242430051.94, 22517877329.05, 26991177394.71, 31464477460.38, 34739924737.49, 35937777526.04, 34739924737.49, 31464477460.38, 26991177394.71, 22517877329.05, 19242430051.94]",0.65,Monthly rain proportion; no independent multiplier or exact drainage claim
visual-territory-12-E2,BASIN-HL13,"[11760584404.74, 13001563268.69, 16389909985.72, 21019235566.7, 25648561147.67, 29036907864.71, 30275389789.29, 29036907864.71, 25648561147.67, 21019235566.7, 16389909985.72, 13001563268.69]",0.65,Monthly rain proportion; no independent multiplier or exact drainage claim
visual-territory-13-E1,BASIN-HL18,"[7416982136.54, 8181665038.58, 10274597721.32, 13130003239.92, 15987618824.71, 18080551507.45, 18845234409.49, 18080551507.45, 15987618824.71, 13130003239.92, 10274597721.32, 8181665038.58]",0.65,Monthly rain proportion; no independent multiplier or exact drainage claim
visual-territory-13-E2,BASIN-HR19,"[1349941225.86, 1618885029.08, 2352605501.94, 3355269778.02, 4357934054.1, 5094265631.84, 5360598330.17, 5094265631.84, 4357934054.1, 3355269778.02, 2352605501.94, 1618885029.08]",0.65,Monthly rain proportion; no independent multiplier or exact drainage claim
visual-territory-14-E1,BASIN-HR14,"[5519313739.11, 6640488748.1, 9698988221.15, 13876601719.72, 18056276201.76, 21114775674.82, 22235950683.8, 21114775674.82, 18056276201.76, 13876601719.72, 9698988221.15, 6640488748.1]",0.65,Monthly rain proportion; no independent multiplier or exact drainage claim
visual-territory-14-E2,BASIN-HL08,"[9829196180.89, 12260717723.25, 18902877187.09, 27976558193.29, 37050239199.49, 43692398663.33, 46122045478.21, 43692398663.33, 37050239199.49, 27976558193.29, 18902877187.09, 12260717723.25]",0.65,Monthly rain proportion; no independent multiplier or exact drainage claim
visual-territory-15-E1,BASIN-HL08,"[11880028549.05, 14394320305.46, 21262162896.62, 30641564318.37, 40020965740.12, 46886075405.46, 49400367161.87, 46886075405.46, 40020965740.12, 30641564318.37, 21262162896.62, 14394320305.46]",0.65,Monthly rain proportion; no independent multiplier or exact drainage claim
visual-territory-15-E2,BASIN-HL08,"[13062463576.98, 16146993960.15, 24576585267.36, 36088276279.75, 47602397970.14, 56031989277.35, 59116519660.52, 56031989277.35, 47602397970.14, 36088276279.75, 24576585267.36, 16146993960.15]",0.65,Monthly rain proportion; no independent multiplier or exact drainage claim
visual-territory-16-E1,BASIN-HL11,"[11759143188.74, 14684370046.74, 22678347578.29, 33597551967.83, 44516756357.38, 52510733888.93, 55435960746.93, 52510733888.93, 44516756357.38, 33597551967.83, 22678347578.29, 14684370046.74]",0.65,Monthly rain proportion; no independent multiplier or exact drainage claim
visual-territory-16-E2,BASIN-HL11,"[12129538130.17, 14968652264.84, 22726357974.55, 33320937002.72, 43917756847.09, 51673221740.59, 54512335875.26, 51673221740.59, 43917756847.09, 33320937002.72, 22726357974.55, 14968652264.84]",0.65,Monthly rain proportion; no independent multiplier or exact drainage claim
visual-territory-17-E1,BASIN-HR21,"[7938126281.28, 9730606409.32, 14630950578.88, 21323774876.48, 28019294632.92, 32919638802.49, 34712118930.52, 32919638802.49, 28019294632.92, 21323774876.48, 14630950578.88, 9730606409.32]",0.65,Monthly rain proportion; no independent multiplier or exact drainage claim
visual-territory-18-E1,BASIN-HR21,"[6088619447.02, 7032493896.23, 9614934389.26, 13141249331.51, 16667564273.75, 19247487768.25, 20193879215.99, 19247487768.25, 16667564273.75, 13141249331.51, 9614934389.26, 7032493896.23]",0.65,Monthly rain proportion; no independent multiplier or exact drainage claim
visual-territory-19-E1,BASIN-HR21,"[13816161283.93, 16124500664.82, 22420411638.69, 31019822707.53, 39624073062.28, 45919984036.15, 48223484131.13, 45919984036.15, 39624073062.28, 31019822707.53, 22420411638.69, 16124500664.82]",0.65,Monthly rain proportion; no independent multiplier or exact drainage claim
visual-territory-20-E1,BASIN-HR21,"[7971705725.18, 8983606401.94, 11748405888.83, 15525106052.48, 19301806216.14, 22062621842.1, 23074522518.86, 22062621842.1, 19301806216.14, 15525106052.48, 11748405888.83, 8983606401.94]",0.65,Monthly rain proportion; no independent multiplier or exact drainage claim
visual-territory-20-E2,BASIN-HL20,"[6514873608.5, 7460914227.62, 10042902816.91, 13575063207.06, 17103092415.47, 19685081004.76, 20631121623.88, 19685081004.76, 17103092415.47, 13575063207.06, 10042902816.91, 7460914227.62]",0.65,Monthly rain proportion; no independent multiplier or exact drainage claim
visual-territory-21-E1,BASIN-HR02,"[15184490217.83, 16935069321.37, 21720351384.96, 28256212552.09, 34797561428.0, 39582843491.59, 41333422595.13, 39582843491.59, 34797561428.0, 28256212552.09, 21720351384.96, 16935069321.37]",0.65,Monthly rain proportion; no independent multiplier or exact drainage claim
visual-territory-21-E2,BASIN-HL02,"[21184171254.8, 22826947384.57, 27315928669.4, 33447686084.0, 39579443498.6, 44068424783.43, 45711200913.2, 44068424783.43, 39579443498.6, 33447686084.0, 27315928669.4, 22826947384.57]",0.65,Monthly rain proportion; no independent multiplier or exact drainage claim
visual-territory-22-E1,BASIN-HL02,"[29125862989.1, 30777114868.9, 35296087100.17, 41466311211.25, 47636535322.33, 52155507553.6, 53806759433.4, 52155507553.6, 47636535322.33, 41466311211.25, 35296087100.17, 30777114868.9]",0.65,Monthly rain proportion; no independent multiplier or exact drainage claim
visual-territory-23-E1,BASIN-R05,"[21006848759.82, 22064416818.08, 24954664927.62, 28905765468.28, 32853581636.09, 35743829745.64, 36804682176.75, 35743829745.64, 32853581636.09, 28905765468.28, 24954664927.62, 22064416818.08]",0.65,Monthly rain proportion; no independent multiplier or exact drainage claim
visual-territory-23-E2,BASIN-HR01,"[21712524909.77, 22702920782.85, 25409119539.72, 29105714169.67, 32802308799.61, 35508507556.48, 36498903429.56, 35508507556.48, 32802308799.61, 29105714169.67, 25409119539.72, 22702920782.85]",0.65,Monthly rain proportion; no independent multiplier or exact drainage claim
visual-territory-24-E1,BASIN-R06,"[11418618368.4, 12001504103.47, 13594536476.52, 15771869355.83, 17949202235.15, 19542234608.19, 20125120343.27, 19542234608.19, 17949202235.15, 15771869355.83, 13594536476.52, 12001504103.47]",0.65,Monthly rain proportion; no independent multiplier or exact drainage claim
visual-territory-24-E2,BASIN-R06,"[11850940636.36, 12455189674.19, 14104817915.97, 16358695195.58, 18612572475.2, 20262200716.98, 20866449754.81, 20262200716.98, 18612572475.2, 16358695195.58, 14104817915.97, 12455189674.19]",0.65,Monthly rain proportion; no independent multiplier or exact drainage claim
visual-territory-25-E1,BASIN-HR21,"[16527241825.23, 17268562753.18, 19289220132.05, 22053677773.09, 24815656079.91, 26836313458.78, 27577634386.74, 26836313458.78, 24815656079.91, 22053677773.09, 19289220132.05, 17268562753.18]",0.65,Monthly rain proportion; no independent multiplier or exact drainage claim
visual-territory-26-E1,BASIN-HL27,"[7011521641.32, 7449343723.83, 8648180189.75, 10286430818.47, 11924681447.2, 13123517913.12, 13562932075.93, 13123517913.12, 11924681447.2, 10286430818.47, 8648180189.75, 7449343723.83]",0.65,Monthly rain proportion; no independent multiplier or exact drainage claim
visual-territory-26-E2,BASIN-HL27,"[6873393024.1, 7323689476.86, 8555632602.31, 10236172948.63, 11918412526.84, 13150355652.29, 13600652105.05, 13150355652.29, 11918412526.84, 10236172948.63, 8555632602.31, 7323689476.86]",0.65,Monthly rain proportion; no independent multiplier or exact drainage claim
visual-territory-27-E1,BASIN-HL27,"[8239590094.69, 8853246287.8, 10523876137.37, 12808162180.05, 15090264392.86, 16763078072.3, 17374550435.55, 16763078072.3, 15090264392.86, 12808162180.05, 10523876137.37, 8853246287.8]",0.65,Monthly rain proportion; no independent multiplier or exact drainage claim
visual-territory-27-E2,BASIN-HR28,"[10830151786.09, 11566043681.54, 13579689993.53, 16326861989.08, 19074033984.64, 21087680296.62, 21823572192.07, 21087680296.62, 19074033984.64, 16326861989.08, 13579689993.53, 11566043681.54]",0.65,Monthly rain proportion; no independent multiplier or exact drainage claim
visual-territory-28-E1,BASIN-HR22,"[8006943037.09, 8537232037.18, 9982900858.85, 11956754359.19, 13932712180.96, 15378381002.63, 15906565681.3, 15378381002.63, 13932712180.96, 11956754359.19, 9982900858.85, 8537232037.18]",0.65,Monthly rain proportion; no independent multiplier or exact drainage claim
visual-territory-28-E2,BASIN-HL21,"[8914945318.47, 9546566280.9, 11271287728.13, 13625299433.14, 15981641842.81, 17706363290.04, 18337984252.47, 17706363290.04, 15981641842.81, 13625299433.14, 11271287728.13, 9546566280.9]",0.65,Monthly rain proportion; no independent multiplier or exact drainage claim
visual-territory-29-E1,BASIN-HL19,"[10419191217.76, 11108622782.93, 12988890687.97, 15561097182.05, 18130796652.26, 20013571581.17, 20700496122.47, 20013571581.17, 18130796652.26, 15561097182.05, 12988890687.97, 11108622782.93]",0.65,Monthly rain proportion; no independent multiplier or exact drainage claim
visual-territory-29-E2,BASIN-HR20,"[11233920382.56, 11915244185.73, 13774360299.82, 16314800217.08, 18855240134.34, 20714356248.42, 21393039261.66, 20714356248.42, 18855240134.34, 16314800217.08, 13774360299.82, 11915244185.73]",0.65,Monthly rain proportion; no independent multiplier or exact drainage claim
visual-territory-30-E1,BASIN-HR33,"[11903303353.59, 12496426972.58, 14114622933.09, 16323793513.97, 18532964094.85, 20151160055.36, 20742134675.73, 20151160055.36, 18532964094.85, 16323793513.97, 14114622933.09, 12496426972.58]",0.65,Monthly rain proportion; no independent multiplier or exact drainage claim
visual-territory-30-E2,BASIN-HR33,"[8867346255.44, 9368832208.08, 10735381429.03, 12601625581.35, 14467869733.68, 15834418954.63, 16334113886.01, 15834418954.63, 14467869733.68, 12601625581.35, 10735381429.03, 9368832208.08]",0.65,Monthly rain proportion; no independent multiplier or exact drainage claim
visual-territory-31-E1,BASIN-HR01,"[10159318092.48, 10634435371.43, 11930358708.18, 13699760988.44, 15470801604.14, 16766724940.88, 17240203884.39, 16766724940.88, 15470801604.14, 13699760988.44, 11930358708.18, 10634435371.43]",0.65,Monthly rain proportion; no independent multiplier or exact drainage claim
visual-territory-31-E2,BASIN-R06,"[11674765970.79, 12181333236.1, 13560416025.28, 15446066079.77, 17331716134.26, 18712493128.33, 19217366188.75, 18712493128.33, 17331716134.26, 15446066079.77, 13560416025.28, 12181333236.1]",0.65,Monthly rain proportion; no independent multiplier or exact drainage claim
visual-territory-32-E1,BASIN-R06,"[5116211154.72, 5482986924.02, 6485403751.11, 7854596347.5, 9223788943.89, 10226205770.98, 10592981540.28, 10226205770.98, 9223788943.89, 7854596347.5, 6485403751.11, 5482986924.02]",0.65,Monthly rain proportion; no independent multiplier or exact drainage claim
visual-territory-32-E2,BASIN-R06,"[6185368054.56, 6588186844.13, 7686217984.82, 9187067915.08, 10687917845.34, 11785948986.03, 12188767775.61, 11785948986.03, 10687917845.34, 9187067915.08, 7686217984.82, 6588186844.13]",0.65,Monthly rain proportion; no independent multiplier or exact drainage claim
visual-territory-33-E1,BASIN-HL28,"[17654263841.38, 18561589232.48, 21044095361.19, 24433926881.0, 27823758400.81, 30306264529.52, 31213589920.62, 30306264529.52, 27823758400.81, 24433926881.0, 21044095361.19, 18561589232.48]",0.65,Monthly rain proportion; no independent multiplier or exact drainage claim
visual-territory-33-E2,BASIN-HL28,"[15082239445.03, 16343335550.28, 19781976483.21, 24477797073.86, 29177534112.04, 32616175044.98, 33877271150.22, 32616175044.98, 29177534112.04, 24477797073.86, 19781976483.21, 16343335550.28]",0.65,Monthly rain proportion; no independent multiplier or exact drainage claim
visual-territory-34-E1,BASIN-HR17,"[19603929171.5, 20941600077.26, 24588754085.25, 29573578999.0, 34558403912.75, 38205557920.74, 39543228826.5, 38205557920.74, 34558403912.75, 29573578999.0, 24588754085.25, 20941600077.26]",0.65,Monthly rain proportion; no independent multiplier or exact drainage claim
visual-territory-34-E2,BASIN-HL16,"[18509207110.49, 19844361272.19, 23495599183.79, 28481991257.08, 33468383330.38, 37119621241.98, 38454775403.68, 37119621241.98, 33468383330.38, 28481991257.08, 23495599183.79, 19844361272.19]",0.65,Monthly rain proportion; no independent multiplier or exact drainage claim
visual-territory-35-E1,BASIN-HR27,"[21188184178.04, 22364088229.29, 25570435300.7, 29949034547.42, 34327633794.14, 37533980865.55, 38709884916.79, 37533980865.55, 34327633794.14, 29949034547.42, 25570435300.7, 22364088229.29]",0.65,Monthly rain proportion; no independent multiplier or exact drainage claim
visual-territory-35-E2,BASIN-HL26,"[17448471738.52, 18459000989.79, 21214698217.85, 24980924697.17, 28747151176.49, 31502848404.54, 32513377655.81, 31502848404.54, 28747151176.49, 24980924697.17, 21214698217.85, 18459000989.79]",0.65,Monthly rain proportion; no independent multiplier or exact drainage claim
visual-territory-36-E1,BASIN-HL26,"[27357117070.05, 28962672231.19, 33345403887.28, 39338512191.49, 45326799008.72, 49709530664.82, 51315085825.96, 49709530664.82, 45326799008.72, 39338512191.49, 33345403887.28, 28962672231.19]",0.65,Monthly rain proportion; no independent multiplier or exact drainage claim
visual-territory-37-E1,BASIN-HR11,"[17573308450.22, 18193666148.64, 19884979198.05, 22198745748.92, 24510416496.76, 26203825349.2, 26824183047.63, 26203825349.2, 24510416496.76, 22198745748.92, 19884979198.05, 18193666148.64]",0.65,Monthly rain proportion; no independent multiplier or exact drainage claim
visual-territory-38-E1,BASIN-HL03,"[24219177514.97, 25029778558.33, 27244103359.7, 30266204810.55, 33291130655.28, 35505455456.65, 36316056500.01, 35505455456.65, 33291130655.28, 30266204810.55, 27244103359.7, 25029778558.33]",0.65,Monthly rain proportion; no independent multiplier or exact drainage claim
visual-territory-38-E2,BASIN-HL03,"[20388611427.35, 22754784771.42, 29225027513.15, 38066510351.3, 46907993189.46, 53378235931.19, 55749476027.61, 53378235931.19, 46907993189.46, 38066510351.3, 29225027513.15, 22754784771.42]",0.65,Monthly rain proportion; no independent multiplier or exact drainage claim
visual-territory-39-E1,BASIN-HR29,"[11664205482.97, 13119939395.81, 17098456512.76, 22536374378.61, 27970625408.4, 31949142525.35, 33404876438.19, 31949142525.35, 27970625408.4, 22536374378.61, 17098456512.76, 13119939395.81]",0.65,Monthly rain proportion; no independent multiplier or exact drainage claim
visual-territory-39-E2,BASIN-HL09,"[17846457782.41, 19136876796.89, 22658567882.52, 27470677982.64, 32282788082.75, 35808197955.17, 37098616969.65, 35808197955.17, 32282788082.75, 27470677982.64, 22658567882.52, 19136876796.89]",0.65,Monthly rain proportion; no independent multiplier or exact drainage claim
visual-territory-40-E1,BASIN-HR25,"[5219528854.89, 5911381663.31, 7803143338.17, 10386757821.46, 12970372304.74, 14862133979.6, 15555481070.55, 14862133979.6, 12970372304.74, 10386757821.46, 7803143338.17, 5911381663.31]",0.65,Monthly rain proportion; no independent multiplier or exact drainage claim
visual-territory-40-E2,BASIN-HR26,"[4149251730.89, 4655297726.3, 6038381636.6, 7927511542.31, 9815014290.48, 11198098200.77, 11704144196.19, 11198098200.77, 9815014290.48, 7927511542.31, 6038381636.6, 4655297726.3]",0.65,Monthly rain proportion; no independent multiplier or exact drainage claim
visual-territory-41-E1,BASIN-HR17,"[11298388894.97, 11793932267.56, 13151217166.03, 15004045437.09, 16856873708.15, 18212478798.58, 18709701979.21, 18212478798.58, 16856873708.15, 15004045437.09, 13151217166.03, 11793932267.56]",0.65,Monthly rain proportion; no independent multiplier or exact drainage claim
visual-territory-41-E2,BASIN-HR27,"[13599351974.77, 14070768848.04, 15360333120.96, 17119606235.0, 18878879349.04, 20168443621.96, 20639860495.23, 20168443621.96, 18878879349.04, 17119606235.0, 15360333120.96, 14070768848.04]",0.65,Monthly rain proportion; no independent multiplier or exact drainage claim
visual-territory-42-E1,BASIN-R01,"[18869846528.52, 19502217056.19, 21228296040.97, 23586745553.42, 25945195065.87, 27671274050.65, 28303644578.32, 27671274050.65, 25945195065.87, 23586745553.42, 21228296040.97, 19502217056.19]",0.65,Monthly rain proportion; no independent multiplier or exact drainage claim
visual-territory-43-E1,BASIN-R01,"[22969680071.9, 23738334371.21, 25839867934.21, 28712781520.99, 31582969383.3, 33684502946.3, 34455882970.08, 33684502946.3, 31582969383.3, 28712781520.99, 25839867934.21, 23738334371.21]",0.65,Monthly rain proportion; no independent multiplier or exact drainage claim
visual-territory-44-E1,BASIN-HR32,"[31152250636.85, 31894200311.77, 33919626567.22, 36685075355.58, 39450524143.95, 41475950399.4, 42215972932.31, 41475950399.4, 39450524143.95, 36685075355.58, 33919626567.22, 31894200311.77]",0.65,Monthly rain proportion; no independent multiplier or exact drainage claim
visual-territory-44-E2,BASIN-HR32,"[34522350762.44, 36435272198.04, 41654019027.19, 48785687291.93, 55917355556.67, 61136102385.82, 63045928479.28, 61136102385.82, 55917355556.67, 48785687291.93, 41654019027.19, 36435272198.04]",0.65,Monthly rain proportion; no independent multiplier or exact drainage claim
visual-territory-45-E1,BASIN-HL24,"[12858803917.61, 14570540084.13, 19248529872.55, 25638255827.5, 32027981782.45, 36705971570.87, 38417707737.39, 36705971570.87, 32027981782.45, 25638255827.5, 19248529872.55, 14570540084.13]",0.65,Monthly rain proportion; no independent multiplier or exact drainage claim
visual-territory-45-E2,BASIN-HR25,"[8232812183.08, 9350848405.47, 12409278071.69, 16585743960.3, 20762209848.91, 23818329522.93, 24936365745.32, 23818329522.93, 20762209848.91, 16585743960.3, 12409278071.69, 9350848405.47]",0.65,Monthly rain proportion; no independent multiplier or exact drainage claim
visual-territory-46-E1,BASIN-HL25,"[14653527942.05, 15869341400.55, 19191572931.36, 23729617920.67, 28267662909.97, 31589894440.79, 32805707899.28, 31589894440.79, 28267662909.97, 23729617920.67, 19191572931.36, 15869341400.55]",0.65,Monthly rain proportion; no independent multiplier or exact drainage claim
visual-territory-46-E2,BASIN-HL25,"[20263866048.59, 21531687187.04, 24996923151.05, 29732107470.2, 34465164572.66, 37932527753.35, 39200348891.81, 37932527753.35, 34465164572.66, 29732107470.2, 24996923151.05, 21531687187.04]",0.65,Monthly rain proportion; no independent multiplier or exact drainage claim
visual-territory-47-E1,BASIN-HR06,"[23209761258.97, 24568292392.09, 28281436986.27, 33353112713.57, 38422180895.51, 42135325489.68, 43493856622.81, 42135325489.68, 38422180895.51, 33353112713.57, 28281436986.27, 24568292392.09]",0.65,Monthly rain proportion; no independent multiplier or exact drainage claim
visual-territory-47-E2,BASIN-HR06,"[36517845768.82, 37477905978.91, 40093943059.3, 43670040349.78, 47246137640.26, 49864714562.48, 50822234930.74, 49864714562.48, 47246137640.26, 43670040349.78, 40093943059.3, 37477905978.91]",0.65,Monthly rain proportion; no independent multiplier or exact drainage claim
visual-territory-48-E1,BASIN-R02,"[39626173162.46, 40728617397.61, 43742308414.25, 47858443666.05, 51974578917.84, 54985694130.2, 56090714169.64, 54985694130.2, 51974578917.84, 47858443666.05, 43742308414.25, 40728617397.61]",0.65,Monthly rain proportion; no independent multiplier or exact drainage claim
visual-territory-49-E1,BASIN-R02,"[15912349515.75, 17373737360.94, 21363982708.64, 26818047495.29, 32269680688.19, 36262357629.64, 37723745474.84, 36262357629.64, 32269680688.19, 26818047495.29, 21363982708.64, 17373737360.94]",0.65,Monthly rain proportion; no independent multiplier or exact drainage claim
visual-territory-49-E2,BASIN-R02,"[6380978745.96, 7239581390.68, 9587229181.48, 12794980670.57, 16001231106.09, 18348878896.89, 19207481541.61, 18348878896.89, 16001231106.09, 12794980670.57, 9587229181.48, 7239581390.68]",0.65,Monthly rain proportion; no independent multiplier or exact drainage claim
visual-territory-50-E1,BASIN-R02,"[20890654176.48, 21513905154.42, 23216444411.25, 25543616577.23, 27870788743.22, 29573328000.04, 30197960909.2, 29573328000.04, 27870788743.22, 25543616577.23, 23216444411.25, 21513905154.42]",0.65,Monthly rain proportion; no independent multiplier or exact drainage claim
visual-territory-50-E2,BASIN-HR18,"[23001502248.54, 23545056039.71, 25030299126.22, 27060507831.93, 29089304709.61, 30574547796.12, 31119513415.31, 30574547796.12, 29089304709.61, 27060507831.93, 25030299126.22, 23545056039.71]",0.65,Monthly rain proportion; no independent multiplier or exact drainage claim
visual-territory-51-E1,BASIN-R02,"[22733110453.0, 23270321815.9, 24738234423.1, 26744753747.4, 28749877717.5, 30217790324.7, 30756397041.8, 30217790324.7, 28749877717.5, 26744753747.4, 24738234423.1, 23270321815.9]",0.65,Monthly rain proportion; no independent multiplier or exact drainage claim
visual-territory-51-E2,BASIN-HL25,"[22160242180.53, 22683915961.5, 24114837565.6, 26070793142.3, 28025388527.36, 29456310131.45, 29981344104.06, 29456310131.45, 28025388527.36, 26070793142.3, 24114837565.6, 22683915961.5]",0.65,Monthly rain proportion; no independent multiplier or exact drainage claim
visual-territory-52-E1,BASIN-HR06,"[33971999940.35, 34774800086.25, 36968425419.99, 39966936094.81, 42963361574.45, 45156986908.19, 45961872249.27, 45156986908.19, 42963361574.45, 39966936094.81, 36968425419.99, 34774800086.25]",0.65,Monthly rain proportion; no independent multiplier or exact drainage claim
visual-territory-53-E1,BASIN-HL22,"[18620533121.18, 21985795848.97, 31177132967.61, 43733732814.04, 56290332660.46, 65481669779.1, 68843995977.46, 65481669779.1, 56290332660.46, 43733732814.04, 31177132967.61, 21985795848.97]",0.65,Monthly rain proportion; no independent multiplier or exact drainage claim
visual-territory-53-E2,BASIN-HL22,"[11466342501.8, 14318731703.21, 22113660539.19, 32760978576.58, 43408296613.97, 51203225449.96, 54055614651.36, 51203225449.96, 43408296613.97, 32760978576.58, 22113660539.19, 14318731703.21]",0.65,Monthly rain proportion; no independent multiplier or exact drainage claim
visual-territory-54-E1,BASIN-R03,"[15738136706.84, 19267967590.96, 28913639568.17, 42086220384.07, 55261723245.4, 64907395222.62, 68437226106.73, 64907395222.62, 55261723245.4, 42086220384.07, 28913639568.17, 19267967590.96]",0.65,Monthly rain proportion; no independent multiplier or exact drainage claim
visual-territory-54-E2,BASIN-HL04,"[14871618482.29, 18469006426.95, 28294250340.86, 41716882199.43, 55136727545.27, 64964757971.92, 68559359403.84, 64964757971.92, 55136727545.27, 41716882199.43, 28294250340.86, 18469006426.95]",0.65,Monthly rain proportion; no independent multiplier or exact drainage claim
visual-territory-55-E1,BASIN-HR16,"[12894980200.83, 15351262700.86, 22062285157.96, 31229590115.08, 40396895072.21, 47107917529.3, 49564200029.34, 47107917529.3, 40396895072.21, 31229590115.08, 22062285157.96, 15351262700.86]",0.65,Monthly rain proportion; no independent multiplier or exact drainage claim
visual-territory-56-E1,BASIN-HL07,"[39337709242.18, 40278345667.18, 42847948817.75, 46360637967.34, 49870877542.91, 52440480693.48, 53381117118.48, 52440480693.48, 49870877542.91, 46360637967.34, 42847948817.75, 40278345667.18]",0.65,Monthly rain proportion; no independent multiplier or exact drainage claim
visual-territory-56-E2,BASIN-HR08,"[44626332599.76, 46562882363.11, 51858403397.42, 59087046673.37, 66315689949.32, 71607783461.92, 73547760746.98, 71607783461.92, 66315689949.32, 59087046673.37, 51858403397.42, 46562882363.11]",0.65,Monthly rain proportion; no independent multiplier or exact drainage claim
visual-territory-57-E1,BASIN-HL07,"[16818424222.48, 17333863803.86, 18743695431.45, 20668966640.42, 22594237849.39, 24004069476.97, 24519509058.36, 24004069476.97, 22594237849.39, 20668966640.42, 18743695431.45, 17333863803.86]",0.65,Monthly rain proportion; no independent multiplier or exact drainage claim
visual-territory-57-E2,BASIN-HL07,"[15146522208.79, 15930471549.31, 18074301330.01, 21002080451.24, 23929859572.46, 26072136978.24, 26857638693.69, 26072136978.24, 23929859572.46, 21002080451.24, 18074301330.01, 15930471549.31]",0.65,Monthly rain proportion; no independent multiplier or exact drainage claim
visual-territory-58-E1,BASIN-HR08,"[28528201857.73, 32418411201.97, 43043545473.42, 57562941390.5, 72082337307.58, 82707471579.03, 86597680923.27, 82707471579.03, 72082337307.58, 57562941390.5, 43043545473.42, 32418411201.97]",0.65,Monthly rain proportion; no independent multiplier or exact drainage claim
visual-territory-58-E2,BASIN-HL06,"[27424255633.84, 32016183181.95, 44562769159.46, 61701282685.08, 78839796210.69, 91386382188.2, 95982699724.4, 91386382188.2, 78839796210.69, 61701282685.08, 44562769159.46, 32016183181.95]",0.65,Monthly rain proportion; no independent multiplier or exact drainage claim
visual-territory-59-E1,BASIN-HL07,"[9257024471.1, 9566766838.31, 10413752001.07, 11570479531.03, 12728275138.12, 13575260300.88, 13885002668.09, 13575260300.88, 12728275138.12, 11570479531.03, 10413752001.07, 9566766838.31]",0.65,Monthly rain proportion; no independent multiplier or exact drainage claim
visual-territory-60-E1,BASIN-HL17,"[40198775977.57, 41695780209.52, 45791480099.55, 51380943952.62, 56973648074.6, 61069347964.63, 62566352196.58, 61069347964.63, 56973648074.6, 51380943952.62, 45791480099.55, 41695780209.52]",0.65,Monthly rain proportion; no independent multiplier or exact drainage claim
visual-territory-60-E2,BASIN-HR18,"[41054334971.99, 43104874506.8, 48706251807.48, 56362127213.51, 64014044049.0, 69619379920.21, 71669919455.02, 69619379920.21, 64014044049.0, 56362127213.51, 48706251807.48, 43104874506.8]",0.65,Monthly rain proportion; no independent multiplier or exact drainage claim
visual-territory-61-E1,BASIN-HL14,"[25626444965.61, 26905528817.15, 30397427731.85, 35165212788.47, 39932997845.09, 43424896759.79, 44700782901.7, 43424896759.79, 39932997845.09, 35165212788.47, 30397427731.85, 26905528817.15]",0.65,Monthly rain proportion; no independent multiplier or exact drainage claim
visual-territory-61-E2,BASIN-HR30,"[38980078972.14, 40602881399.18, 45037325784.07, 51094572596.0, 57151819407.93, 61586263792.82, 63209066219.86, 61586263792.82, 57151819407.93, 51094572596.0, 45037325784.07, 40602881399.18]",0.65,Monthly rain proportion; no independent multiplier or exact drainage claim
visual-territory-62-E1,BASIN-HL30,"[21915595277.26, 22921035487.87, 25664236540.11, 29415879117.02, 33164520379.86, 35910722746.16, 36913161642.71, 35910722746.16, 33164520379.86, 29415879117.02, 25664236540.11, 22921035487.87]",0.65,Monthly rain proportion; no independent multiplier or exact drainage claim
visual-territory-62-E2,BASIN-HL30,"[19249095431.22, 20276930226.76, 23083709860.72, 26918324290.23, 30749897788.39, 33556677422.35, 34584512217.89, 33556677422.35, 30749897788.39, 26918324290.23, 23083709860.72, 20276930226.76]",0.65,Monthly rain proportion; no independent multiplier or exact drainage claim
visual-territory-63-E1,BASIN-R04,"[23727893705.94, 24645977159.66, 27147888793.78, 30567883881.61, 33987878969.45, 36492475058.11, 37410558511.83, 36492475058.11, 33987878969.45, 30567883881.61, 27147888793.78, 24645977159.66]",0.65,Monthly rain proportion; no independent multiplier or exact drainage claim
visual-territory-63-E2,BASIN-HL29,"[17753216303.89, 18345866682.95, 19962002016.98, 22170787730.08, 24379573443.17, 25997731474.74, 26588359156.27, 25997731474.74, 24379573443.17, 22170787730.08, 19962002016.98, 18345866682.95]",0.65,Monthly rain proportion; no independent multiplier or exact drainage claim
visual-territory-64-E1,BASIN-HR11,"[35416158627.07, 37038359358.54, 41458761817.98, 47501365008.89, 53543968199.79, 57968152012.91, 59586571390.7, 57968152012.91, 53543968199.79, 47501365008.89, 41458761817.98, 37038359358.54]",0.65,Monthly rain proportion; no independent multiplier or exact drainage claim
visual-territory-64-E2,BASIN-HL10,"[27696211084.31, 29663004552.0, 35036445408.28, 42373323429.4, 49713557753.37, 55086998609.64, 57053792077.33, 55086998609.64, 49713557753.37, 42373323429.4, 35036445408.28, 29663004552.0]",0.65,Monthly rain proportion; no independent multiplier or exact drainage claim
visual-territory-65-E1,BASIN-HL12,"[45033847214.81, 46953322669.87, 52198658480.71, 59359778447.65, 66520898414.6, 71762542926.49, 73682018381.55, 71762542926.49, 66520898414.6, 59359778447.65, 52198658480.71, 46953322669.87]",0.65,Monthly rain proportion; no independent multiplier or exact drainage claim
visual-territory-65-E2,BASIN-HR13,"[44413366782.57, 46246156888.98, 51254536383.83, 58095705985.08, 64936875586.34, 69945255081.19, 71778045187.6, 69945255081.19, 64936875586.34, 58095705985.08, 51254536383.83, 46246156888.98]",0.65,Monthly rain proportion; no independent multiplier or exact drainage claim
visual-territory-66-E1,BASIN-HL15,"[13725114909.68, 15831465364.23, 21587977349.46, 29448724979.55, 37311587419.33, 43065984594.87, 45172335049.42, 43065984594.87, 37311587419.33, 29448724979.55, 21587977349.46, 15831465364.23]",0.65,Monthly rain proportion; no independent multiplier or exact drainage claim
visual-territory-66-E2,BASIN-HL15,"[14416641753.79, 16955911318.63, 23890498491.34, 33366580706.17, 42842662920.99, 49777250093.7, 52316519658.55, 49777250093.7, 42842662920.99, 33366580706.17, 23890498491.34, 16955911318.63]",0.65,Monthly rain proportion; no independent multiplier or exact drainage claim
visual-territory-67-E1,BASIN-HL30,"[13442726627.98, 13922590041.97, 15234435074.75, 17027781280.6, 18819489727.36, 20132972519.23, 20612835933.21, 20132972519.23, 18819489727.36, 17027781280.6, 15234435074.75, 13922590041.97]",0.65,Monthly rain proportion; no independent multiplier or exact drainage claim
visual-territory-67-E2,BASIN-HL29,"[14087344410.47, 14569062063.05, 15888405599.49, 17687811401.4, 19488872590.42, 20806560739.74, 21288278392.32, 20806560739.74, 19488872590.42, 17687811401.4, 15888405599.49, 14569062063.05]",0.65,Monthly rain proportion; no independent multiplier or exact drainage claim
visual-territory-68-E1,BASIN-HL29,"[19359312563.01, 19897573823.53, 21369122815.86, 23378933068.7, 25388743321.54, 26860292313.87, 27400061309.01, 26860292313.87, 25388743321.54, 23378933068.7, 21369122815.86, 19897573823.53]",0.65,Monthly rain proportion; no independent multiplier or exact drainage claim
visual-territory-68-E2,BASIN-HL29,"[14038940611.14, 14497759408.53, 15752270605.38, 17467124914.56, 19180454908.8, 20434966105.64, 20893784903.03, 20434966105.64, 19180454908.8, 17467124914.56, 15752270605.38, 14497759408.53]",0.65,Monthly rain proportion; no independent multiplier or exact drainage claim
visual-territory-69-E1,BASIN-HL30,"[22686074911.46, 23450508422.25, 25533655412.15, 28383862832.13, 31231443332.83, 33317217242.01, 34081650752.8, 33317217242.01, 31231443332.83, 28383862832.13, 25533655412.15, 23450508422.25]",0.65,Monthly rain proportion; no independent multiplier or exact drainage claim
visual-territory-70-E1,BASIN-HR05,"[14394706183.13, 14870274081.42, 16166116810.99, 17939123304.27, 19710533932.13, 21007972527.13, 21481944559.99, 21007972527.13, 19710533932.13, 17939123304.27, 16166116810.99, 14870274081.42]",0.65,Monthly rain proportion; no independent multiplier or exact drainage claim
