id,countryId,regionId,name,kind,population,representativePoint,coordinatePrecision
visual-territory-01-E1-URBAN_CLUSTER,visual-territory-01,visual-territory-01-E1,Avenor E1城镇群,URBAN_CLUSTER,40092603,"[1583.0, 275.5]",REGIONAL_REPRESENTATIVE_NOT_INDIVIDUAL_BUILDINGS
visual-territory-01-E1-RURAL_SETTLEMENT_NETWORK,visual-territory-01,visual-territory-01-E1,Avenor E1乡村聚落群,RURAL_SETTLEMENT_NETWORK,65414246,"[1583.0, 275.5]",REGIONAL_REPRESENTATIVE_NOT_INDIVIDUAL_BUILDINGS
visual-territory-02-E1-URBAN_CLUSTER,visual-territory-02,visual-territory-02-E1,Brelis E1城镇群,URBAN_CLUSTER,48330180,"[1639.0, 292.5]",REGIONAL_REPRESENTATIVE_NOT_INDIVIDUAL_BUILDINGS
visual-territory-02-E1-RURAL_SETTLEMENT_NETWORK,visual-territory-02,visual-territory-02-E1,Brelis E1乡村聚落群,RURAL_SETTLEMENT_NETWORK,88971469,"[1639.0, 292.5]",REGIONAL_REPRESENTATIVE_NOT_INDIVIDUAL_BUILDINGS
visual-territory-03-E1-URBAN_CLUSTER,visual-territory-03,visual-territory-03-E1,Caedon E1城镇群,URBAN_CLUSTER,51787252,"[1436.75, 370.0]",REGIONAL_REPRESENTATIVE_NOT_INDIVIDUAL_BUILDINGS
visual-territory-03-E1-RURAL_SETTLEMENT_NETWORK,visual-territory-03,visual-territory-03-E1,Caedon E1乡村聚落群,RURAL_SETTLEMENT_NETWORK,68090647,"[1436.75, 370.0]",REGIONAL_REPRESENTATIVE_NOT_INDIVIDUAL_BUILDINGS
visual-territory-03-E2-URBAN_CLUSTER,visual-territory-03,visual-territory-03-E2,Caedon E2城镇群,URBAN_CLUSTER,69519133,"[1473.25, 375.5]",REGIONAL_REPRESENTATIVE_NOT_INDIVIDUAL_BUILDINGS
visual-territory-03-E2-RURAL_SETTLEMENT_NETWORK,visual-territory-03,visual-territory-03-E2,Caedon E2乡村聚落群,RURAL_SETTLEMENT_NETWORK,70640409,"[1473.25, 375.5]",REGIONAL_REPRESENTATIVE_NOT_INDIVIDUAL_BUILDINGS
visual-territory-04-E1-URBAN_CLUSTER,visual-territory-04,visual-territory-04-E1,Darsin E1城镇群,URBAN_CLUSTER,67969402,"[1509.75, 319.0]",REGIONAL_REPRESENTATIVE_NOT_INDIVIDUAL_BUILDINGS
visual-territory-04-E1-RURAL_SETTLEMENT_NETWORK,visual-territory-04,visual-territory-04-E1,Darsin E1乡村聚落群,RURAL_SETTLEMENT_NETWORK,74823459,"[1509.75, 319.0]",REGIONAL_REPRESENTATIVE_NOT_INDIVIDUAL_BUILDINGS
visual-territory-04-E2-URBAN_CLUSTER,visual-territory-04,visual-territory-04-E2,Darsin E2城镇群,URBAN_CLUSTER,53581337,"[1535.75, 295.0]",REGIONAL_REPRESENTATIVE_NOT_INDIVIDUAL_BUILDINGS
visual-territory-04-E2-RURAL_SETTLEMENT_NETWORK,visual-territory-04,visual-territory-04-E2,Darsin E2乡村聚落群,RURAL_SETTLEMENT_NETWORK,79374833,"[1535.75, 295.0]",REGIONAL_REPRESENTATIVE_NOT_INDIVIDUAL_BUILDINGS
visual-territory-05-E1-URBAN_CLUSTER,visual-territory-05,visual-territory-05-E1,Ellovar E1城镇群,URBAN_CLUSTER,39541865,"[1579.25, 366.5]",REGIONAL_REPRESENTATIVE_NOT_INDIVIDUAL_BUILDINGS
visual-territory-05-E1-RURAL_SETTLEMENT_NETWORK,visual-territory-05,visual-territory-05-E1,Ellovar E1乡村聚落群,RURAL_SETTLEMENT_NETWORK,60311330,"[1579.25, 366.5]",REGIONAL_REPRESENTATIVE_NOT_INDIVIDUAL_BUILDINGS
visual-territory-05-E2-URBAN_CLUSTER,visual-territory-05,visual-territory-05-E2,Ellovar E2城镇群,URBAN_CLUSTER,39486922,"[1607.75, 367.5]",REGIONAL_REPRESENTATIVE_NOT_INDIVIDUAL_BUILDINGS
visual-territory-05-E2-RURAL_SETTLEMENT_NETWORK,visual-territory-05,visual-territory-05-E2,Ellovar E2乡村聚落群,RURAL_SETTLEMENT_NETWORK,59477795,"[1607.75, 367.5]",REGIONAL_REPRESENTATIVE_NOT_INDIVIDUAL_BUILDINGS
visual-territory-06-E1-URBAN_CLUSTER,visual-territory-06,visual-territory-06-E1,Faren E1城镇群,URBAN_CLUSTER,53001340,"[1347.75, 441.0]",REGIONAL_REPRESENTATIVE_NOT_INDIVIDUAL_BUILDINGS
visual-territory-06-E1-RURAL_SETTLEMENT_NETWORK,visual-territory-06,visual-territory-06-E1,Faren E1乡村聚落群,RURAL_SETTLEMENT_NETWORK,93411202,"[1347.75, 441.0]",REGIONAL_REPRESENTATIVE_NOT_INDIVIDUAL_BUILDINGS
visual-territory-06-E2-URBAN_CLUSTER,visual-territory-06,visual-territory-06-E2,Faren E2城镇群,URBAN_CLUSTER,59230137,"[1399.25, 435.5]",REGIONAL_REPRESENTATIVE_NOT_INDIVIDUAL_BUILDINGS
visual-territory-06-E2-RURAL_SETTLEMENT_NETWORK,visual-territory-06,visual-territory-06-E2,Faren E2乡村聚落群,RURAL_SETTLEMENT_NETWORK,95417739,"[1399.25, 435.5]",REGIONAL_REPRESENTATIVE_NOT_INDIVIDUAL_BUILDINGS
visual-territory-07-E1-URBAN_CLUSTER,visual-territory-07,visual-territory-07-E1,Galdra E1城镇群,URBAN_CLUSTER,52426329,"[1450.25, 444.5]",REGIONAL_REPRESENTATIVE_NOT_INDIVIDUAL_BUILDINGS
visual-territory-07-E1-RURAL_SETTLEMENT_NETWORK,visual-territory-07,visual-territory-07-E1,Galdra E1乡村聚落群,RURAL_SETTLEMENT_NETWORK,55446775,"[1450.25, 444.5]",REGIONAL_REPRESENTATIVE_NOT_INDIVIDUAL_BUILDINGS
visual-territory-07-E2-URBAN_CLUSTER,visual-territory-07,visual-territory-07-E2,Galdra E2城镇群,URBAN_CLUSTER,51147774,"[1491.25, 427.5]",REGIONAL_REPRESENTATIVE_NOT_INDIVIDUAL_BUILDINGS
visual-territory-07-E2-RURAL_SETTLEMENT_NETWORK,visual-territory-07,visual-territory-07-E2,Galdra E2乡村聚落群,RURAL_SETTLEMENT_NETWORK,57909313,"[1491.25, 427.5]",REGIONAL_REPRESENTATIVE_NOT_INDIVIDUAL_BUILDINGS
visual-territory-08-E1-URBAN_CLUSTER,visual-territory-08,visual-territory-08-E1,Hethen E1城镇群,URBAN_CLUSTER,51160205,"[1523.25, 419.5]",REGIONAL_REPRESENTATIVE_NOT_INDIVIDUAL_BUILDINGS
visual-territory-08-E1-RURAL_SETTLEMENT_NETWORK,visual-territory-08,visual-territory-08-E1,Hethen E1乡村聚落群,RURAL_SETTLEMENT_NETWORK,67540967,"[1523.25, 419.5]",REGIONAL_REPRESENTATIVE_NOT_INDIVIDUAL_BUILDINGS
visual-territory-08-E2-URBAN_CLUSTER,visual-territory-08,visual-territory-08-E2,Hethen E2城镇群,URBAN_CLUSTER,46703325,"[1566.25, 419.0]",REGIONAL_REPRESENTATIVE_NOT_INDIVIDUAL_BUILDINGS
visual-territory-08-E2-RURAL_SETTLEMENT_NETWORK,visual-territory-08,visual-territory-08-E2,Hethen E2乡村聚落群,RURAL_SETTLEMENT_NETWORK,69185819,"[1566.25, 419.0]",REGIONAL_REPRESENTATIVE_NOT_INDIVIDUAL_BUILDINGS
visual-territory-09-E1-URBAN_CLUSTER,visual-territory-09,visual-territory-09-E1,Istrel E1城镇群,URBAN_CLUSTER,40618250,"[1079.75, 550.5]",REGIONAL_REPRESENTATIVE_NOT_INDIVIDUAL_BUILDINGS
visual-territory-09-E1-RURAL_SETTLEMENT_NETWORK,visual-territory-09,visual-territory-09-E1,Istrel E1乡村聚落群,RURAL_SETTLEMENT_NETWORK,67409010,"[1079.75, 550.5]",REGIONAL_REPRESENTATIVE_NOT_INDIVIDUAL_BUILDINGS
visual-territory-09-E2-URBAN_CLUSTER,visual-territory-09,visual-territory-09-E2,Istrel E2城镇群,URBAN_CLUSTER,30971423,"[1121.75, 557.0]",REGIONAL_REPRESENTATIVE_NOT_INDIVIDUAL_BUILDINGS
visual-territory-09-E2-RURAL_SETTLEMENT_NETWORK,visual-territory-09,visual-territory-09-E2,Istrel E2乡村聚落群,RURAL_SETTLEMENT_NETWORK,64915335,"[1121.75, 557.0]",REGIONAL_REPRESENTATIVE_NOT_INDIVIDUAL_BUILDINGS
visual-territory-10-E1-URBAN_CLUSTER,visual-territory-10,visual-territory-10-E1,Jorun E1城镇群,URBAN_CLUSTER,38533008,"[1132.75, 517.0]",REGIONAL_REPRESENTATIVE_NOT_INDIVIDUAL_BUILDINGS
visual-territory-10-E1-RURAL_SETTLEMENT_NETWORK,visual-territory-10,visual-territory-10-E1,Jorun E1乡村聚落群,RURAL_SETTLEMENT_NETWORK,70625655,"[1132.75, 517.0]",REGIONAL_REPRESENTATIVE_NOT_INDIVIDUAL_BUILDINGS
visual-territory-10-E2-URBAN_CLUSTER,visual-territory-10,visual-territory-10-E2,Jorun E2城镇群,URBAN_CLUSTER,41306264,"[1202.5, 445.0]",REGIONAL_REPRESENTATIVE_NOT_INDIVIDUAL_BUILDINGS
visual-territory-10-E2-RURAL_SETTLEMENT_NETWORK,visual-territory-10,visual-territory-10-E2,Jorun E2乡村聚落群,RURAL_SETTLEMENT_NETWORK,67394431,"[1202.5, 445.0]",REGIONAL_REPRESENTATIVE_NOT_INDIVIDUAL_BUILDINGS
visual-territory-11-E1-URBAN_CLUSTER,visual-territory-11,visual-territory-11-E1,Keldan E1城镇群,URBAN_CLUSTER,57021585,"[1198.0, 581.0]",REGIONAL_REPRESENTATIVE_NOT_INDIVIDUAL_BUILDINGS
visual-territory-11-E1-RURAL_SETTLEMENT_NETWORK,visual-territory-11,visual-territory-11-E1,Keldan E1乡村聚落群,RURAL_SETTLEMENT_NETWORK,82055451,"[1198.0, 581.0]",REGIONAL_REPRESENTATIVE_NOT_INDIVIDUAL_BUILDINGS
visual-territory-12-E1-URBAN_CLUSTER,visual-territory-12,visual-territory-12-E1,Lumer E1城镇群,URBAN_CLUSTER,79554547,"[1269.25, 522.0]",REGIONAL_REPRESENTATIVE_NOT_INDIVIDUAL_BUILDINGS
visual-territory-12-E1-RURAL_SETTLEMENT_NETWORK,visual-territory-12,visual-territory-12-E1,Lumer E1乡村聚落群,RURAL_SETTLEMENT_NETWORK,73141321,"[1269.25, 522.0]",REGIONAL_REPRESENTATIVE_NOT_INDIVIDUAL_BUILDINGS
visual-territory-12-E2-URBAN_CLUSTER,visual-territory-12,visual-territory-12-E2,Lumer E2城镇群,URBAN_CLUSTER,51688619,"[1321.75, 511.0]",REGIONAL_REPRESENTATIVE_NOT_INDIVIDUAL_BUILDINGS
visual-territory-12-E2-RURAL_SETTLEMENT_NETWORK,visual-territory-12,visual-territory-12-E2,Lumer E2乡村聚落群,RURAL_SETTLEMENT_NETWORK,78509414,"[1321.75, 511.0]",REGIONAL_REPRESENTATIVE_NOT_INDIVIDUAL_BUILDINGS
visual-territory-13-E1-URBAN_CLUSTER,visual-territory-13,visual-territory-13-E1,Meros E1城镇群,URBAN_CLUSTER,52510048,"[1294.25, 598.0]",REGIONAL_REPRESENTATIVE_NOT_INDIVIDUAL_BUILDINGS
visual-territory-13-E1-RURAL_SETTLEMENT_NETWORK,visual-territory-13,visual-territory-13-E1,Meros E1乡村聚落群,RURAL_SETTLEMENT_NETWORK,64962095,"[1294.25, 598.0]",REGIONAL_REPRESENTATIVE_NOT_INDIVIDUAL_BUILDINGS
visual-territory-13-E2-URBAN_CLUSTER,visual-territory-13,visual-territory-13-E2,Meros E2城镇群,URBAN_CLUSTER,33653066,"[1350.25, 592.5]",REGIONAL_REPRESENTATIVE_NOT_INDIVIDUAL_BUILDINGS
visual-territory-13-E2-RURAL_SETTLEMENT_NETWORK,visual-territory-13,visual-territory-13-E2,Meros E2乡村聚落群,RURAL_SETTLEMENT_NETWORK,61144304,"[1350.25, 592.5]",REGIONAL_REPRESENTATIVE_NOT_INDIVIDUAL_BUILDINGS
visual-territory-14-E1-URBAN_CLUSTER,visual-territory-14,visual-territory-14-E1,Nadrin E1城镇群,URBAN_CLUSTER,30293414,"[1369.75, 521.0]",REGIONAL_REPRESENTATIVE_NOT_INDIVIDUAL_BUILDINGS
visual-territory-14-E1-RURAL_SETTLEMENT_NETWORK,visual-territory-14,visual-territory-14-E1,Nadrin E1乡村聚落群,RURAL_SETTLEMENT_NETWORK,60134688,"[1369.75, 521.0]",REGIONAL_REPRESENTATIVE_NOT_INDIVIDUAL_BUILDINGS
visual-territory-14-E2-URBAN_CLUSTER,visual-territory-14,visual-territory-14-E2,Nadrin E2城镇群,URBAN_CLUSTER,44964693,"[1419.75, 515.0]",REGIONAL_REPRESENTATIVE_NOT_INDIVIDUAL_BUILDINGS
visual-territory-14-E2-RURAL_SETTLEMENT_NETWORK,visual-territory-14,visual-territory-14-E2,Nadrin E2乡村聚落群,RURAL_SETTLEMENT_NETWORK,68582512,"[1419.75, 515.0]",REGIONAL_REPRESENTATIVE_NOT_INDIVIDUAL_BUILDINGS
visual-territory-15-E1-URBAN_CLUSTER,visual-territory-15,visual-territory-15-E1,Orelis E1城镇群,URBAN_CLUSTER,44651321,"[1401.75, 578.5]",REGIONAL_REPRESENTATIVE_NOT_INDIVIDUAL_BUILDINGS
visual-territory-15-E1-RURAL_SETTLEMENT_NETWORK,visual-territory-15,visual-territory-15-E1,Orelis E1乡村聚落群,RURAL_SETTLEMENT_NETWORK,86290970,"[1401.75, 578.5]",REGIONAL_REPRESENTATIVE_NOT_INDIVIDUAL_BUILDINGS
visual-territory-15-E2-URBAN_CLUSTER,visual-territory-15,visual-territory-15-E2,Orelis E2城镇群,URBAN_CLUSTER,53666631,"[1445.75, 573.0]",REGIONAL_REPRESENTATIVE_NOT_INDIVIDUAL_BUILDINGS
visual-territory-15-E2-RURAL_SETTLEMENT_NETWORK,visual-territory-15,visual-territory-15-E2,Orelis E2乡村聚落群,RURAL_SETTLEMENT_NETWORK,85727215,"[1445.75, 573.0]",REGIONAL_REPRESENTATIVE_NOT_INDIVIDUAL_BUILDINGS
visual-territory-16-E1-URBAN_CLUSTER,visual-territory-16,visual-territory-16-E1,Paryn E1城镇群,URBAN_CLUSTER,52812418,"[1495.25, 571.5]",REGIONAL_REPRESENTATIVE_NOT_INDIVIDUAL_BUILDINGS
visual-territory-16-E1-RURAL_SETTLEMENT_NETWORK,visual-territory-16,visual-territory-16-E1,Paryn E1乡村聚落群,RURAL_SETTLEMENT_NETWORK,82952153,"[1495.25, 571.5]",REGIONAL_REPRESENTATIVE_NOT_INDIVIDUAL_BUILDINGS
visual-territory-16-E2-URBAN_CLUSTER,visual-territory-16,visual-territory-16-E2,Paryn E2城镇群,URBAN_CLUSTER,56624528,"[1547.25, 533.0]",REGIONAL_REPRESENTATIVE_NOT_INDIVIDUAL_BUILDINGS
visual-territory-16-E2-RURAL_SETTLEMENT_NETWORK,visual-territory-16,visual-territory-16-E2,Paryn E2乡村聚落群,RURAL_SETTLEMENT_NETWORK,78195776,"[1547.25, 533.0]",REGIONAL_REPRESENTATIVE_NOT_INDIVIDUAL_BUILDINGS
visual-territory-17-E1-URBAN_CLUSTER,visual-territory-17,visual-territory-17-E1,Quoran E1城镇群,URBAN_CLUSTER,69355237,"[984.0, 608.5]",REGIONAL_REPRESENTATIVE_NOT_INDIVIDUAL_BUILDINGS
visual-territory-17-E1-RURAL_SETTLEMENT_NETWORK,visual-territory-17,visual-territory-17-E1,Quoran E1乡村聚落群,RURAL_SETTLEMENT_NETWORK,72766151,"[984.0, 608.5]",REGIONAL_REPRESENTATIVE_NOT_INDIVIDUAL_BUILDINGS
visual-territory-18-E1-URBAN_CLUSTER,visual-territory-18,visual-territory-18-E1,Rassel E1城镇群,URBAN_CLUSTER,49018503,"[1053.0, 685.0]",REGIONAL_REPRESENTATIVE_NOT_INDIVIDUAL_BUILDINGS
visual-territory-18-E1-RURAL_SETTLEMENT_NETWORK,visual-territory-18,visual-territory-18-E1,Rassel E1乡村聚落群,RURAL_SETTLEMENT_NETWORK,65510709,"[1053.0, 685.0]",REGIONAL_REPRESENTATIVE_NOT_INDIVIDUAL_BUILDINGS
visual-territory-19-E1-URBAN_CLUSTER,visual-territory-19,visual-territory-19-E1,Siven E1城镇群,URBAN_CLUSTER,51576954,"[1062.5, 616.0]",REGIONAL_REPRESENTATIVE_NOT_INDIVIDUAL_BUILDINGS
visual-territory-19-E1-RURAL_SETTLEMENT_NETWORK,visual-territory-19,visual-territory-19-E1,Siven E1乡村聚落群,RURAL_SETTLEMENT_NETWORK,71225318,"[1062.5, 616.0]",REGIONAL_REPRESENTATIVE_NOT_INDIVIDUAL_BUILDINGS
visual-territory-20-E1-URBAN_CLUSTER,visual-territory-20,visual-territory-20-E1,Talan E1城镇群,URBAN_CLUSTER,32914072,"[1105.25, 650.5]",REGIONAL_REPRESENTATIVE_NOT_INDIVIDUAL_BUILDINGS
visual-territory-20-E1-RURAL_SETTLEMENT_NETWORK,visual-territory-20,visual-territory-20-E1,Talan E1乡村聚落群,RURAL_SETTLEMENT_NETWORK,62766371,"[1105.25, 650.5]",REGIONAL_REPRESENTATIVE_NOT_INDIVIDUAL_BUILDINGS
visual-territory-20-E2-URBAN_CLUSTER,visual-territory-20,visual-territory-20-E2,Talan E2城镇群,URBAN_CLUSTER,29877547,"[1151.75, 642.0]",REGIONAL_REPRESENTATIVE_NOT_INDIVIDUAL_BUILDINGS
visual-territory-20-E2-RURAL_SETTLEMENT_NETWORK,visual-territory-20,visual-territory-20-E2,Talan E2乡村聚落群,RURAL_SETTLEMENT_NETWORK,62337105,"[1151.75, 642.0]",REGIONAL_REPRESENTATIVE_NOT_INDIVIDUAL_BUILDINGS
visual-territory-21-E1-URBAN_CLUSTER,visual-territory-21,visual-territory-21-E1,Uvren E1城镇群,URBAN_CLUSTER,48008221,"[1195.25, 671.0]",REGIONAL_REPRESENTATIVE_NOT_INDIVIDUAL_BUILDINGS
visual-territory-21-E1-RURAL_SETTLEMENT_NETWORK,visual-territory-21,visual-territory-21-E1,Uvren E1乡村聚落群,RURAL_SETTLEMENT_NETWORK,82804370,"[1195.25, 671.0]",REGIONAL_REPRESENTATIVE_NOT_INDIVIDUAL_BUILDINGS
visual-territory-21-E2-URBAN_CLUSTER,visual-territory-21,visual-territory-21-E2,Uvren E2城镇群,URBAN_CLUSTER,47565635,"[1251.25, 667.0]",REGIONAL_REPRESENTATIVE_NOT_INDIVIDUAL_BUILDINGS
visual-territory-21-E2-RURAL_SETTLEMENT_NETWORK,visual-territory-21,visual-territory-21-E2,Uvren E2乡村聚落群,RURAL_SETTLEMENT_NETWORK,84195127,"[1251.25, 667.0]",REGIONAL_REPRESENTATIVE_NOT_INDIVIDUAL_BUILDINGS
visual-territory-22-E1-URBAN_CLUSTER,visual-territory-22,visual-territory-22-E1,Vardis E1城镇群,URBAN_CLUSTER,40842490,"[1298.0, 673.0]",REGIONAL_REPRESENTATIVE_NOT_INDIVIDUAL_BUILDINGS
visual-territory-22-E1-RURAL_SETTLEMENT_NETWORK,visual-territory-22,visual-territory-22-E1,Vardis E1乡村聚落群,RURAL_SETTLEMENT_NETWORK,71362153,"[1298.0, 673.0]",REGIONAL_REPRESENTATIVE_NOT_INDIVIDUAL_BUILDINGS
visual-territory-23-E1-URBAN_CLUSTER,visual-territory-23,visual-territory-23-E1,Wexar E1城镇群,URBAN_CLUSTER,58333576,"[1355.75, 664.0]",REGIONAL_REPRESENTATIVE_NOT_INDIVIDUAL_BUILDINGS
visual-territory-23-E1-RURAL_SETTLEMENT_NETWORK,visual-territory-23,visual-territory-23-E1,Wexar E1乡村聚落群,RURAL_SETTLEMENT_NETWORK,97222626,"[1355.75, 664.0]",REGIONAL_REPRESENTATIVE_NOT_INDIVIDUAL_BUILDINGS
visual-territory-23-E2-URBAN_CLUSTER,visual-territory-23,visual-territory-23-E2,Wexar E2城镇群,URBAN_CLUSTER,111940002,"[1434.25, 679.0]",REGIONAL_REPRESENTATIVE_NOT_INDIVIDUAL_BUILDINGS
visual-territory-23-E2-RURAL_SETTLEMENT_NETWORK,visual-territory-23,visual-territory-23-E2,Wexar E2乡村聚落群,RURAL_SETTLEMENT_NETWORK,82738263,"[1434.25, 679.0]",REGIONAL_REPRESENTATIVE_NOT_INDIVIDUAL_BUILDINGS
visual-territory-24-E1-URBAN_CLUSTER,visual-territory-24,visual-territory-24-E1,Xandor E1城镇群,URBAN_CLUSTER,57270834,"[1473.5, 651.5]",REGIONAL_REPRESENTATIVE_NOT_INDIVIDUAL_BUILDINGS
visual-territory-24-E1-RURAL_SETTLEMENT_NETWORK,visual-territory-24,visual-territory-24-E1,Xandor E1乡村聚落群,RURAL_SETTLEMENT_NETWORK,54151022,"[1473.5, 651.5]",REGIONAL_REPRESENTATIVE_NOT_INDIVIDUAL_BUILDINGS
visual-territory-24-E2-URBAN_CLUSTER,visual-territory-24,visual-territory-24-E2,Xandor E2城镇群,URBAN_CLUSTER,47229020,"[1516.75, 625.0]",REGIONAL_REPRESENTATIVE_NOT_INDIVIDUAL_BUILDINGS
visual-territory-24-E2-RURAL_SETTLEMENT_NETWORK,visual-territory-24,visual-territory-24-E2,Xandor E2乡村聚落群,RURAL_SETTLEMENT_NETWORK,58903610,"[1516.75, 625.0]",REGIONAL_REPRESENTATIVE_NOT_INDIVIDUAL_BUILDINGS
visual-territory-25-E1-URBAN_CLUSTER,visual-territory-25,visual-territory-25-E1,Ysol E1城镇群,URBAN_CLUSTER,51683468,"[927.0, 677.0]",REGIONAL_REPRESENTATIVE_NOT_INDIVIDUAL_BUILDINGS
visual-territory-25-E1-RURAL_SETTLEMENT_NETWORK,visual-territory-25,visual-territory-25-E1,Ysol E1乡村聚落群,RURAL_SETTLEMENT_NETWORK,70211503,"[927.0, 677.0]",REGIONAL_REPRESENTATIVE_NOT_INDIVIDUAL_BUILDINGS
visual-territory-26-E1-URBAN_CLUSTER,visual-territory-26,visual-territory-26-E1,Zarev E1城镇群,URBAN_CLUSTER,28570817,"[1020.25, 756.5]",REGIONAL_REPRESENTATIVE_NOT_INDIVIDUAL_BUILDINGS
visual-territory-26-E1-RURAL_SETTLEMENT_NETWORK,visual-territory-26,visual-territory-26-E1,Zarev E1乡村聚落群,RURAL_SETTLEMENT_NETWORK,46221898,"[1020.25, 756.5]",REGIONAL_REPRESENTATIVE_NOT_INDIVIDUAL_BUILDINGS
visual-territory-26-E2-URBAN_CLUSTER,visual-territory-26,visual-territory-26-E2,Zarev E2城镇群,URBAN_CLUSTER,27322456,"[1066.25, 751.5]",REGIONAL_REPRESENTATIVE_NOT_INDIVIDUAL_BUILDINGS
visual-territory-26-E2-RURAL_SETTLEMENT_NETWORK,visual-territory-26,visual-territory-26-E2,Zarev E2乡村聚落群,RURAL_SETTLEMENT_NETWORK,48363018,"[1066.25, 751.5]",REGIONAL_REPRESENTATIVE_NOT_INDIVIDUAL_BUILDINGS
visual-territory-27-E1-URBAN_CLUSTER,visual-territory-27,visual-territory-27-E1,Adara E1城镇群,URBAN_CLUSTER,34325918,"[1108.75, 743.0]",REGIONAL_REPRESENTATIVE_NOT_INDIVIDUAL_BUILDINGS
visual-territory-27-E1-RURAL_SETTLEMENT_NETWORK,visual-territory-27,visual-territory-27-E1,Adara E1乡村聚落群,RURAL_SETTLEMENT_NETWORK,57209864,"[1108.75, 743.0]",REGIONAL_REPRESENTATIVE_NOT_INDIVIDUAL_BUILDINGS
visual-territory-27-E2-URBAN_CLUSTER,visual-territory-27,visual-territory-27-E2,Adara E2城镇群,URBAN_CLUSTER,52054866,"[1153.25, 733.0]",REGIONAL_REPRESENTATIVE_NOT_INDIVIDUAL_BUILDINGS
visual-territory-27-E2-RURAL_SETTLEMENT_NETWORK,visual-territory-27,visual-territory-27-E2,Adara E2乡村聚落群,RURAL_SETTLEMENT_NETWORK,64922361,"[1153.25, 733.0]",REGIONAL_REPRESENTATIVE_NOT_INDIVIDUAL_BUILDINGS
visual-territory-28-E1-URBAN_CLUSTER,visual-territory-28,visual-territory-28-E1,Belm E1城镇群,URBAN_CLUSTER,59326204,"[1184.25, 773.5]",REGIONAL_REPRESENTATIVE_NOT_INDIVIDUAL_BUILDINGS
visual-territory-28-E1-RURAL_SETTLEMENT_NETWORK,visual-territory-28,visual-territory-28-E1,Belm E1乡村聚落群,RURAL_SETTLEMENT_NETWORK,48539622,"[1184.25, 773.5]",REGIONAL_REPRESENTATIVE_NOT_INDIVIDUAL_BUILDINGS
visual-territory-28-E2-URBAN_CLUSTER,visual-territory-28,visual-territory-28-E2,Belm E2城镇群,URBAN_CLUSTER,54908104,"[1223.75, 765.5]",REGIONAL_REPRESENTATIVE_NOT_INDIVIDUAL_BUILDINGS
visual-territory-28-E2-RURAL_SETTLEMENT_NETWORK,visual-territory-28,visual-territory-28-E2,Belm E2乡村聚落群,RURAL_SETTLEMENT_NETWORK,55349132,"[1223.75, 765.5]",REGIONAL_REPRESENTATIVE_NOT_INDIVIDUAL_BUILDINGS
visual-territory-29-E1-URBAN_CLUSTER,visual-territory-29,visual-territory-29-E1,Corven E1城镇群,URBAN_CLUSTER,39678682,"[1274.25, 749.0]",REGIONAL_REPRESENTATIVE_NOT_INDIVIDUAL_BUILDINGS
visual-territory-29-E1-RURAL_SETTLEMENT_NETWORK,visual-territory-29,visual-territory-29-E1,Corven E1乡村聚落群,RURAL_SETTLEMENT_NETWORK,57811937,"[1274.25, 749.0]",REGIONAL_REPRESENTATIVE_NOT_INDIVIDUAL_BUILDINGS
visual-territory-29-E2-URBAN_CLUSTER,visual-territory-29,visual-territory-29-E2,Corven E2城镇群,URBAN_CLUSTER,49819744,"[1325.75, 768.0]",REGIONAL_REPRESENTATIVE_NOT_INDIVIDUAL_BUILDINGS
visual-territory-29-E2-RURAL_SETTLEMENT_NETWORK,visual-territory-29,visual-territory-29-E2,Corven E2乡村聚落群,RURAL_SETTLEMENT_NETWORK,55285202,"[1325.75, 768.0]",REGIONAL_REPRESENTATIVE_NOT_INDIVIDUAL_BUILDINGS
visual-territory-30-E1-URBAN_CLUSTER,visual-territory-30,visual-territory-30-E1,Delyra E1城镇群,URBAN_CLUSTER,37759682,"[1373.75, 743.0]",REGIONAL_REPRESENTATIVE_NOT_INDIVIDUAL_BUILDINGS
visual-territory-30-E1-RURAL_SETTLEMENT_NETWORK,visual-territory-30,visual-territory-30-E1,Delyra E1乡村聚落群,RURAL_SETTLEMENT_NETWORK,57834450,"[1373.75, 743.0]",REGIONAL_REPRESENTATIVE_NOT_INDIVIDUAL_BUILDINGS
visual-territory-30-E2-URBAN_CLUSTER,visual-territory-30,visual-territory-30-E2,Delyra E2城镇群,URBAN_CLUSTER,35555916,"[1422.75, 759.5]",REGIONAL_REPRESENTATIVE_NOT_INDIVIDUAL_BUILDINGS
visual-territory-30-E2-RURAL_SETTLEMENT_NETWORK,visual-territory-30,visual-territory-30-E2,Delyra E2乡村聚落群,RURAL_SETTLEMENT_NETWORK,50327940,"[1422.75, 759.5]",REGIONAL_REPRESENTATIVE_NOT_INDIVIDUAL_BUILDINGS
visual-territory-31-E1-URBAN_CLUSTER,visual-territory-31,visual-territory-31-E1,Erdan E1城镇群,URBAN_CLUSTER,46987343,"[1469.75, 720.0]",REGIONAL_REPRESENTATIVE_NOT_INDIVIDUAL_BUILDINGS
visual-territory-31-E1-RURAL_SETTLEMENT_NETWORK,visual-territory-31,visual-territory-31-E1,Erdan E1乡村聚落群,RURAL_SETTLEMENT_NETWORK,49893777,"[1469.75, 720.0]",REGIONAL_REPRESENTATIVE_NOT_INDIVIDUAL_BUILDINGS
visual-territory-31-E2-URBAN_CLUSTER,visual-territory-31,visual-territory-31-E2,Erdan E2城镇群,URBAN_CLUSTER,48133399,"[1523.25, 740.0]",REGIONAL_REPRESENTATIVE_NOT_INDIVIDUAL_BUILDINGS
visual-territory-31-E2-RURAL_SETTLEMENT_NETWORK,visual-territory-31,visual-territory-31-E2,Erdan E2乡村聚落群,RURAL_SETTLEMENT_NETWORK,53200073,"[1523.25, 740.0]",REGIONAL_REPRESENTATIVE_NOT_INDIVIDUAL_BUILDINGS
visual-territory-32-E1-URBAN_CLUSTER,visual-territory-32,visual-territory-32-E1,Falcor E1城镇群,URBAN_CLUSTER,26263903,"[1515.75, 784.0]",REGIONAL_REPRESENTATIVE_NOT_INDIVIDUAL_BUILDINGS
visual-territory-32-E1-RURAL_SETTLEMENT_NETWORK,visual-territory-32,visual-territory-32-E1,Falcor E1乡村聚落群,RURAL_SETTLEMENT_NETWORK,38108409,"[1515.75, 784.0]",REGIONAL_REPRESENTATIVE_NOT_INDIVIDUAL_BUILDINGS
visual-territory-32-E2-URBAN_CLUSTER,visual-territory-32,visual-territory-32-E2,Falcor E2城镇群,URBAN_CLUSTER,26805382,"[1643.0, 778.0]",REGIONAL_REPRESENTATIVE_NOT_INDIVIDUAL_BUILDINGS
visual-territory-32-E2-RURAL_SETTLEMENT_NETWORK,visual-territory-32,visual-territory-32-E2,Falcor E2乡村聚落群,RURAL_SETTLEMENT_NETWORK,40376027,"[1643.0, 778.0]",REGIONAL_REPRESENTATIVE_NOT_INDIVIDUAL_BUILDINGS
visual-territory-33-E1-URBAN_CLUSTER,visual-territory-33,visual-territory-33-E1,Gysel E1城镇群,URBAN_CLUSTER,35353174,"[154.25, 175.0]",REGIONAL_REPRESENTATIVE_NOT_INDIVIDUAL_BUILDINGS
visual-territory-33-E1-RURAL_SETTLEMENT_NETWORK,visual-territory-33,visual-territory-33-E1,Gysel E1乡村聚落群,RURAL_SETTLEMENT_NETWORK,62578055,"[154.25, 175.0]",REGIONAL_REPRESENTATIVE_NOT_INDIVIDUAL_BUILDINGS
visual-territory-33-E2-URBAN_CLUSTER,visual-territory-33,visual-territory-33-E2,Gysel E2城镇群,URBAN_CLUSTER,24633669,"[205.25, 174.0]",REGIONAL_REPRESENTATIVE_NOT_INDIVIDUAL_BUILDINGS
visual-territory-33-E2-RURAL_SETTLEMENT_NETWORK,visual-territory-33,visual-territory-33-E2,Gysel E2乡村聚落群,RURAL_SETTLEMENT_NETWORK,50013813,"[205.25, 174.0]",REGIONAL_REPRESENTATIVE_NOT_INDIVIDUAL_BUILDINGS
visual-territory-34-E1-URBAN_CLUSTER,visual-territory-34,visual-territory-34-E1,Harin E1城镇群,URBAN_CLUSTER,38638006,"[339.75, 205.0]",REGIONAL_REPRESENTATIVE_NOT_INDIVIDUAL_BUILDINGS
visual-territory-34-E1-RURAL_SETTLEMENT_NETWORK,visual-territory-34,visual-territory-34-E1,Harin E1乡村聚落群,RURAL_SETTLEMENT_NETWORK,65789036,"[339.75, 205.0]",REGIONAL_REPRESENTATIVE_NOT_INDIVIDUAL_BUILDINGS
visual-territory-34-E2-URBAN_CLUSTER,visual-territory-34,visual-territory-34-E2,Harin E2城镇群,URBAN_CLUSTER,37338029,"[390.25, 207.5]",REGIONAL_REPRESENTATIVE_NOT_INDIVIDUAL_BUILDINGS
visual-territory-34-E2-RURAL_SETTLEMENT_NETWORK,visual-territory-34,visual-territory-34-E2,Harin E2乡村聚落群,RURAL_SETTLEMENT_NETWORK,63575564,"[390.25, 207.5]",REGIONAL_REPRESENTATIVE_NOT_INDIVIDUAL_BUILDINGS
visual-territory-35-E1-URBAN_CLUSTER,visual-territory-35,visual-territory-35-E1,Inovar E1城镇群,URBAN_CLUSTER,34549623,"[435.75, 179.5]",REGIONAL_REPRESENTATIVE_NOT_INDIVIDUAL_BUILDINGS
visual-territory-35-E1-RURAL_SETTLEMENT_NETWORK,visual-territory-35,visual-territory-35-E1,Inovar E1乡村聚落群,RURAL_SETTLEMENT_NETWORK,65017014,"[435.75, 179.5]",REGIONAL_REPRESENTATIVE_NOT_INDIVIDUAL_BUILDINGS
visual-territory-35-E2-URBAN_CLUSTER,visual-territory-35,visual-territory-35-E2,Inovar E2城镇群,URBAN_CLUSTER,30246338,"[478.75, 171.0]",REGIONAL_REPRESENTATIVE_NOT_INDIVIDUAL_BUILDINGS
visual-territory-35-E2-RURAL_SETTLEMENT_NETWORK,visual-territory-35,visual-territory-35-E2,Inovar E2乡村聚落群,RURAL_SETTLEMENT_NETWORK,56171770,"[478.75, 171.0]",REGIONAL_REPRESENTATIVE_NOT_INDIVIDUAL_BUILDINGS
visual-territory-36-E1-URBAN_CLUSTER,visual-territory-36,visual-territory-36-E1,Jessa E1城镇群,URBAN_CLUSTER,31622989,"[549.0, 163.5]",REGIONAL_REPRESENTATIVE_NOT_INDIVIDUAL_BUILDINGS
visual-territory-36-E1-RURAL_SETTLEMENT_NETWORK,visual-territory-36,visual-territory-36-E1,Jessa E1乡村聚落群,RURAL_SETTLEMENT_NETWORK,61936149,"[549.0, 163.5]",REGIONAL_REPRESENTATIVE_NOT_INDIVIDUAL_BUILDINGS
visual-territory-37-E1-URBAN_CLUSTER,visual-territory-37,visual-territory-37-E1,Koryn E1城镇群,URBAN_CLUSTER,33970051,"[608.5, 178.0]",REGIONAL_REPRESENTATIVE_NOT_INDIVIDUAL_BUILDINGS
visual-territory-37-E1-RURAL_SETTLEMENT_NETWORK,visual-territory-37,visual-territory-37-E1,Koryn E1乡村聚落群,RURAL_SETTLEMENT_NETWORK,61720234,"[608.5, 178.0]",REGIONAL_REPRESENTATIVE_NOT_INDIVIDUAL_BUILDINGS
visual-territory-38-E1-URBAN_CLUSTER,visual-territory-38,visual-territory-38-E1,Lydan E1城镇群,URBAN_CLUSTER,69823953,"[157.75, 266.5]",REGIONAL_REPRESENTATIVE_NOT_INDIVIDUAL_BUILDINGS
visual-territory-38-E1-RURAL_SETTLEMENT_NETWORK,visual-territory-38,visual-territory-38-E1,Lydan E1乡村聚落群,RURAL_SETTLEMENT_NETWORK,86033084,"[157.75, 266.5]",REGIONAL_REPRESENTATIVE_NOT_INDIVIDUAL_BUILDINGS
visual-territory-38-E2-URBAN_CLUSTER,visual-territory-38,visual-territory-38-E2,Lydan E2城镇群,URBAN_CLUSTER,47905799,"[216.75, 269.0]",REGIONAL_REPRESENTATIVE_NOT_INDIVIDUAL_BUILDINGS
visual-territory-38-E2-RURAL_SETTLEMENT_NETWORK,visual-territory-38,visual-territory-38-E2,Lydan E2乡村聚落群,RURAL_SETTLEMENT_NETWORK,83703539,"[216.75, 269.0]",REGIONAL_REPRESENTATIVE_NOT_INDIVIDUAL_BUILDINGS
visual-territory-39-E1-URBAN_CLUSTER,visual-territory-39,visual-territory-39-E1,Mirea E1城镇群,URBAN_CLUSTER,38406314,"[248.75, 204.0]",REGIONAL_REPRESENTATIVE_NOT_INDIVIDUAL_BUILDINGS
visual-territory-39-E1-RURAL_SETTLEMENT_NETWORK,visual-territory-39,visual-territory-39-E1,Mirea E1乡村聚落群,RURAL_SETTLEMENT_NETWORK,72274707,"[248.75, 204.0]",REGIONAL_REPRESENTATIVE_NOT_INDIVIDUAL_BUILDINGS
visual-territory-39-E2-URBAN_CLUSTER,visual-territory-39,visual-territory-39-E2,Mirea E2城镇群,URBAN_CLUSTER,40843962,"[296.25, 220.0]",REGIONAL_REPRESENTATIVE_NOT_INDIVIDUAL_BUILDINGS
visual-territory-39-E2-RURAL_SETTLEMENT_NETWORK,visual-territory-39,visual-territory-39-E2,Mirea E2乡村聚落群,RURAL_SETTLEMENT_NETWORK,68951636,"[296.25, 220.0]",REGIONAL_REPRESENTATIVE_NOT_INDIVIDUAL_BUILDINGS
visual-territory-40-E1-URBAN_CLUSTER,visual-territory-40,visual-territory-40-E1,Norvak E1城镇群,URBAN_CLUSTER,39820592,"[316.75, 297.5]",REGIONAL_REPRESENTATIVE_NOT_INDIVIDUAL_BUILDINGS
visual-territory-40-E1-RURAL_SETTLEMENT_NETWORK,visual-territory-40,visual-territory-40-E1,Norvak E1乡村聚落群,RURAL_SETTLEMENT_NETWORK,50886906,"[316.75, 297.5]",REGIONAL_REPRESENTATIVE_NOT_INDIVIDUAL_BUILDINGS
visual-territory-40-E2-URBAN_CLUSTER,visual-territory-40,visual-territory-40-E2,Norvak E2城镇群,URBAN_CLUSTER,60053549,"[350.75, 296.5]",REGIONAL_REPRESENTATIVE_NOT_INDIVIDUAL_BUILDINGS
visual-territory-40-E2-RURAL_SETTLEMENT_NETWORK,visual-territory-40,visual-territory-40-E2,Norvak E2乡村聚落群,RURAL_SETTLEMENT_NETWORK,43308841,"[350.75, 296.5]",REGIONAL_REPRESENTATIVE_NOT_INDIVIDUAL_BUILDINGS
visual-territory-41-E1-URBAN_CLUSTER,visual-territory-41,visual-territory-41-E1,Ostra E1城镇群,URBAN_CLUSTER,51869714,"[385.75, 263.5]",REGIONAL_REPRESENTATIVE_NOT_INDIVIDUAL_BUILDINGS
visual-territory-41-E1-RURAL_SETTLEMENT_NETWORK,visual-territory-41,visual-territory-41-E1,Ostra E1乡村聚落群,RURAL_SETTLEMENT_NETWORK,55743800,"[385.75, 263.5]",REGIONAL_REPRESENTATIVE_NOT_INDIVIDUAL_BUILDINGS
visual-territory-41-E2-URBAN_CLUSTER,visual-territory-41,visual-territory-41-E2,Ostra E2城镇群,URBAN_CLUSTER,40986787,"[432.75, 249.0]",REGIONAL_REPRESENTATIVE_NOT_INDIVIDUAL_BUILDINGS
visual-territory-41-E2-RURAL_SETTLEMENT_NETWORK,visual-territory-41,visual-territory-41-E2,Ostra E2乡村聚落群,RURAL_SETTLEMENT_NETWORK,60717398,"[432.75, 249.0]",REGIONAL_REPRESENTATIVE_NOT_INDIVIDUAL_BUILDINGS
visual-territory-42-E1-URBAN_CLUSTER,visual-territory-42,visual-territory-42-E1,Pavan E1城镇群,URBAN_CLUSTER,47713472,"[499.5, 260.5]",REGIONAL_REPRESENTATIVE_NOT_INDIVIDUAL_BUILDINGS
visual-territory-42-E1-RURAL_SETTLEMENT_NETWORK,visual-territory-42,visual-territory-42-E1,Pavan E1乡村聚落群,RURAL_SETTLEMENT_NETWORK,81942701,"[499.5, 260.5]",REGIONAL_REPRESENTATIVE_NOT_INDIVIDUAL_BUILDINGS
visual-territory-43-E1-URBAN_CLUSTER,visual-territory-43,visual-territory-43-E1,Qemra E1城镇群,URBAN_CLUSTER,47909939,"[558.0, 242.0]",REGIONAL_REPRESENTATIVE_NOT_INDIVIDUAL_BUILDINGS
visual-territory-43-E1-RURAL_SETTLEMENT_NETWORK,visual-territory-43,visual-territory-43-E1,Qemra E1乡村聚落群,RURAL_SETTLEMENT_NETWORK,85173226,"[558.0, 242.0]",REGIONAL_REPRESENTATIVE_NOT_INDIVIDUAL_BUILDINGS
visual-territory-44-E1-URBAN_CLUSTER,visual-territory-44,visual-territory-44-E1,Ruvan E1城镇群,URBAN_CLUSTER,85710421,"[149.75, 340.0]",REGIONAL_REPRESENTATIVE_NOT_INDIVIDUAL_BUILDINGS
visual-territory-44-E1-RURAL_SETTLEMENT_NETWORK,visual-territory-44,visual-territory-44-E1,Ruvan E1乡村聚落群,RURAL_SETTLEMENT_NETWORK,59808121,"[149.75, 340.0]",REGIONAL_REPRESENTATIVE_NOT_INDIVIDUAL_BUILDINGS
visual-territory-44-E2-URBAN_CLUSTER,visual-territory-44,visual-territory-44-E2,Ruvan E2城镇群,URBAN_CLUSTER,52760938,"[197.25, 354.5]",REGIONAL_REPRESENTATIVE_NOT_INDIVIDUAL_BUILDINGS
visual-territory-44-E2-RURAL_SETTLEMENT_NETWORK,visual-territory-44,visual-territory-44-E2,Ruvan E2乡村聚落群,RURAL_SETTLEMENT_NETWORK,72860343,"[197.25, 354.5]",REGIONAL_REPRESENTATIVE_NOT_INDIVIDUAL_BUILDINGS
visual-territory-45-E1-URBAN_CLUSTER,visual-territory-45,visual-territory-45-E1,Selka E1城镇群,URBAN_CLUSTER,38618504,"[242.75, 322.5]",REGIONAL_REPRESENTATIVE_NOT_INDIVIDUAL_BUILDINGS
visual-territory-45-E1-RURAL_SETTLEMENT_NETWORK,visual-territory-45,visual-territory-45-E1,Selka E1乡村聚落群,RURAL_SETTLEMENT_NETWORK,70782357,"[242.75, 322.5]",REGIONAL_REPRESENTATIVE_NOT_INDIVIDUAL_BUILDINGS
visual-territory-45-E2-URBAN_CLUSTER,visual-territory-45,visual-territory-45-E2,Selka E2城镇群,URBAN_CLUSTER,47415423,"[290.75, 331.5]",REGIONAL_REPRESENTATIVE_NOT_INDIVIDUAL_BUILDINGS
visual-territory-45-E2-RURAL_SETTLEMENT_NETWORK,visual-territory-45,visual-territory-45-E2,Selka E2乡村聚落群,RURAL_SETTLEMENT_NETWORK,73542290,"[290.75, 331.5]",REGIONAL_REPRESENTATIVE_NOT_INDIVIDUAL_BUILDINGS
visual-territory-46-E1-URBAN_CLUSTER,visual-territory-46,visual-territory-46-E1,Tirren E1城镇群,URBAN_CLUSTER,54529993,"[377.5, 366.5]",REGIONAL_REPRESENTATIVE_NOT_INDIVIDUAL_BUILDINGS
visual-territory-46-E1-RURAL_SETTLEMENT_NETWORK,visual-territory-46,visual-territory-46-E1,Tirren E1乡村聚落群,RURAL_SETTLEMENT_NETWORK,75303323,"[377.5, 366.5]",REGIONAL_REPRESENTATIVE_NOT_INDIVIDUAL_BUILDINGS
visual-territory-46-E2-URBAN_CLUSTER,visual-territory-46,visual-territory-46-E2,Tirren E2城镇群,URBAN_CLUSTER,52519364,"[411.5, 364.5]",REGIONAL_REPRESENTATIVE_NOT_INDIVIDUAL_BUILDINGS
visual-territory-46-E2-RURAL_SETTLEMENT_NETWORK,visual-territory-46,visual-territory-46-E2,Tirren E2乡村聚落群,RURAL_SETTLEMENT_NETWORK,77479061,"[411.5, 364.5]",REGIONAL_REPRESENTATIVE_NOT_INDIVIDUAL_BUILDINGS
visual-territory-47-E1-URBAN_CLUSTER,visual-territory-47,visual-territory-47-E1,Ulyss E1城镇群,URBAN_CLUSTER,61915584,"[445.75, 326.0]",REGIONAL_REPRESENTATIVE_NOT_INDIVIDUAL_BUILDINGS
visual-territory-47-E1-RURAL_SETTLEMENT_NETWORK,visual-territory-47,visual-territory-47-E1,Ulyss E1乡村聚落群,RURAL_SETTLEMENT_NETWORK,96436294,"[445.75, 326.0]",REGIONAL_REPRESENTATIVE_NOT_INDIVIDUAL_BUILDINGS
visual-territory-47-E2-URBAN_CLUSTER,visual-territory-47,visual-territory-47-E2,Ulyss E2城镇群,URBAN_CLUSTER,65522664,"[492.75, 331.0]",REGIONAL_REPRESENTATIVE_NOT_INDIVIDUAL_BUILDINGS
visual-territory-47-E2-RURAL_SETTLEMENT_NETWORK,visual-territory-47,visual-territory-47-E2,Ulyss E2乡村聚落群,RURAL_SETTLEMENT_NETWORK,90483678,"[492.75, 331.0]",REGIONAL_REPRESENTATIVE_NOT_INDIVIDUAL_BUILDINGS
visual-territory-48-E1-URBAN_CLUSTER,visual-territory-48,visual-territory-48-E1,Varos E1城镇群,URBAN_CLUSTER,54357156,"[125.0, 411.0]",REGIONAL_REPRESENTATIVE_NOT_INDIVIDUAL_BUILDINGS
visual-territory-48-E1-RURAL_SETTLEMENT_NETWORK,visual-territory-48,visual-territory-48-E1,Varos E1乡村聚落群,RURAL_SETTLEMENT_NETWORK,73241802,"[125.0, 411.0]",REGIONAL_REPRESENTATIVE_NOT_INDIVIDUAL_BUILDINGS
visual-territory-49-E1-URBAN_CLUSTER,visual-territory-49,visual-territory-49-E1,Wrenna E1城镇群,URBAN_CLUSTER,37912522,"[218.5, 398.0]",REGIONAL_REPRESENTATIVE_NOT_INDIVIDUAL_BUILDINGS
visual-territory-49-E1-RURAL_SETTLEMENT_NETWORK,visual-territory-49,visual-territory-49-E1,Wrenna E1乡村聚落群,RURAL_SETTLEMENT_NETWORK,55930354,"[218.5, 398.0]",REGIONAL_REPRESENTATIVE_NOT_INDIVIDUAL_BUILDINGS
visual-territory-49-E2-URBAN_CLUSTER,visual-territory-49,visual-territory-49-E2,Wrenna E2城镇群,URBAN_CLUSTER,45469406,"[267.0, 400.0]",REGIONAL_REPRESENTATIVE_NOT_INDIVIDUAL_BUILDINGS
visual-territory-49-E2-RURAL_SETTLEMENT_NETWORK,visual-territory-49,visual-territory-49-E2,Wrenna E2乡村聚落群,RURAL_SETTLEMENT_NETWORK,51068611,"[267.0, 400.0]",REGIONAL_REPRESENTATIVE_NOT_INDIVIDUAL_BUILDINGS
visual-territory-50-E1-URBAN_CLUSTER,visual-territory-50,visual-territory-50-E1,Xyren E1城镇群,URBAN_CLUSTER,49608535,"[279.75, 466.0]",REGIONAL_REPRESENTATIVE_NOT_INDIVIDUAL_BUILDINGS
visual-territory-50-E1-RURAL_SETTLEMENT_NETWORK,visual-territory-50,visual-territory-50-E1,Xyren E1乡村聚落群,RURAL_SETTLEMENT_NETWORK,51840411,"[279.75, 466.0]",REGIONAL_REPRESENTATIVE_NOT_INDIVIDUAL_BUILDINGS
visual-territory-50-E2-URBAN_CLUSTER,visual-territory-50,visual-territory-50-E2,Xyren E2城镇群,URBAN_CLUSTER,44222820,"[314.25, 482.0]",REGIONAL_REPRESENTATIVE_NOT_INDIVIDUAL_BUILDINGS
visual-territory-50-E2-RURAL_SETTLEMENT_NETWORK,visual-territory-50,visual-territory-50-E2,Xyren E2乡村聚落群,RURAL_SETTLEMENT_NETWORK,54268985,"[314.25, 482.0]",REGIONAL_REPRESENTATIVE_NOT_INDIVIDUAL_BUILDINGS
visual-territory-51-E1-URBAN_CLUSTER,visual-territory-51,visual-territory-51-E1,Yara E1城镇群,URBAN_CLUSTER,71602534,"[308.75, 438.0]",REGIONAL_REPRESENTATIVE_NOT_INDIVIDUAL_BUILDINGS
visual-territory-51-E1-RURAL_SETTLEMENT_NETWORK,visual-territory-51,visual-territory-51-E1,Yara E1乡村聚落群,RURAL_SETTLEMENT_NETWORK,45778670,"[308.75, 438.0]",REGIONAL_REPRESENTATIVE_NOT_INDIVIDUAL_BUILDINGS
visual-territory-51-E2-URBAN_CLUSTER,visual-territory-51,visual-territory-51-E2,Yara E2城镇群,URBAN_CLUSTER,48501925,"[347.25, 448.0]",REGIONAL_REPRESENTATIVE_NOT_INDIVIDUAL_BUILDINGS
visual-territory-51-E2-RURAL_SETTLEMENT_NETWORK,visual-territory-51,visual-territory-51-E2,Yara E2乡村聚落群,RURAL_SETTLEMENT_NETWORK,51502045,"[347.25, 448.0]",REGIONAL_REPRESENTATIVE_NOT_INDIVIDUAL_BUILDINGS
visual-territory-52-E1-URBAN_CLUSTER,visual-territory-52,visual-territory-52-E1,Zorin E1城镇群,URBAN_CLUSTER,103172643,"[534.0, 401.0]",REGIONAL_REPRESENTATIVE_NOT_INDIVIDUAL_BUILDINGS
visual-territory-52-E1-RURAL_SETTLEMENT_NETWORK,visual-territory-52,visual-territory-52-E1,Zorin E1乡村聚落群,RURAL_SETTLEMENT_NETWORK,58793829,"[534.0, 401.0]",REGIONAL_REPRESENTATIVE_NOT_INDIVIDUAL_BUILDINGS
visual-territory-53-E1-URBAN_CLUSTER,visual-territory-53,visual-territory-53-E1,Alera E1城镇群,URBAN_CLUSTER,59085808,"[762.25, 421.0]",REGIONAL_REPRESENTATIVE_NOT_INDIVIDUAL_BUILDINGS
visual-territory-53-E1-RURAL_SETTLEMENT_NETWORK,visual-territory-53,visual-territory-53-E1,Alera E1乡村聚落群,RURAL_SETTLEMENT_NETWORK,76432100,"[762.25, 421.0]",REGIONAL_REPRESENTATIVE_NOT_INDIVIDUAL_BUILDINGS
visual-territory-53-E2-URBAN_CLUSTER,visual-territory-53,visual-territory-53-E2,Alera E2城镇群,URBAN_CLUSTER,66458193,"[803.75, 429.0]",REGIONAL_REPRESENTATIVE_NOT_INDIVIDUAL_BUILDINGS
visual-territory-53-E2-RURAL_SETTLEMENT_NETWORK,visual-territory-53,visual-territory-53-E2,Alera E2乡村聚落群,RURAL_SETTLEMENT_NETWORK,75546493,"[803.75, 429.0]",REGIONAL_REPRESENTATIVE_NOT_INDIVIDUAL_BUILDINGS
visual-territory-54-E1-URBAN_CLUSTER,visual-territory-54,visual-territory-54-E1,Brin E1城镇群,URBAN_CLUSTER,84558478,"[836.75, 465.0]",REGIONAL_REPRESENTATIVE_NOT_INDIVIDUAL_BUILDINGS
visual-territory-54-E1-RURAL_SETTLEMENT_NETWORK,visual-territory-54,visual-territory-54-E1,Brin E1乡村聚落群,RURAL_SETTLEMENT_NETWORK,94212088,"[836.75, 465.0]",REGIONAL_REPRESENTATIVE_NOT_INDIVIDUAL_BUILDINGS
visual-territory-54-E2-URBAN_CLUSTER,visual-territory-54,visual-territory-54-E2,Brin E2城镇群,URBAN_CLUSTER,65435099,"[896.75, 472.5]",REGIONAL_REPRESENTATIVE_NOT_INDIVIDUAL_BUILDINGS
visual-territory-54-E2-RURAL_SETTLEMENT_NETWORK,visual-territory-54,visual-territory-54-E2,Brin E2乡村聚落群,RURAL_SETTLEMENT_NETWORK,93387957,"[896.75, 472.5]",REGIONAL_REPRESENTATIVE_NOT_INDIVIDUAL_BUILDINGS
visual-territory-55-E1-URBAN_CLUSTER,visual-territory-55,visual-territory-55-E1,Cassa E1城镇群,URBAN_CLUSTER,99316074,"[965.5, 442.0]",REGIONAL_REPRESENTATIVE_NOT_INDIVIDUAL_BUILDINGS
visual-territory-55-E1-RURAL_SETTLEMENT_NETWORK,visual-territory-55,visual-territory-55-E1,Cassa E1乡村聚落群,RURAL_SETTLEMENT_NETWORK,59082768,"[965.5, 442.0]",REGIONAL_REPRESENTATIVE_NOT_INDIVIDUAL_BUILDINGS
visual-territory-56-E1-URBAN_CLUSTER,visual-territory-56,visual-territory-56-E1,Doren E1城镇群,URBAN_CLUSTER,96124963,"[656.75, 534.0]",REGIONAL_REPRESENTATIVE_NOT_INDIVIDUAL_BUILDINGS
visual-territory-56-E1-RURAL_SETTLEMENT_NETWORK,visual-territory-56,visual-territory-56-E1,Doren E1乡村聚落群,RURAL_SETTLEMENT_NETWORK,74309368,"[656.75, 534.0]",REGIONAL_REPRESENTATIVE_NOT_INDIVIDUAL_BUILDINGS
visual-territory-56-E2-URBAN_CLUSTER,visual-territory-56,visual-territory-56-E2,Doren E2城镇群,URBAN_CLUSTER,63681475,"[699.75, 503.0]",REGIONAL_REPRESENTATIVE_NOT_INDIVIDUAL_BUILDINGS
visual-territory-56-E2-RURAL_SETTLEMENT_NETWORK,visual-territory-56,visual-territory-56-E2,Doren E2乡村聚落群,RURAL_SETTLEMENT_NETWORK,92784066,"[699.75, 503.0]",REGIONAL_REPRESENTATIVE_NOT_INDIVIDUAL_BUILDINGS
visual-territory-57-E1-URBAN_CLUSTER,visual-territory-57,visual-territory-57-E1,Everen E1城镇群,URBAN_CLUSTER,51291378,"[665.75, 594.5]",REGIONAL_REPRESENTATIVE_NOT_INDIVIDUAL_BUILDINGS
visual-territory-57-E1-RURAL_SETTLEMENT_NETWORK,visual-territory-57,visual-territory-57-E1,Everen E1乡村聚落群,RURAL_SETTLEMENT_NETWORK,62943316,"[665.75, 594.5]",REGIONAL_REPRESENTATIVE_NOT_INDIVIDUAL_BUILDINGS
visual-territory-57-E2-URBAN_CLUSTER,visual-territory-57,visual-territory-57-E2,Everen E2城镇群,URBAN_CLUSTER,44027895,"[708.25, 609.0]",REGIONAL_REPRESENTATIVE_NOT_INDIVIDUAL_BUILDINGS
visual-territory-57-E2-RURAL_SETTLEMENT_NETWORK,visual-territory-57,visual-territory-57-E2,Everen E2乡村聚落群,RURAL_SETTLEMENT_NETWORK,62835928,"[708.25, 609.0]",REGIONAL_REPRESENTATIVE_NOT_INDIVIDUAL_BUILDINGS
visual-territory-58-E1-URBAN_CLUSTER,visual-territory-58,visual-territory-58-E1,Fenna E1城镇群,URBAN_CLUSTER,67032799,"[748.0, 518.0]",REGIONAL_REPRESENTATIVE_NOT_INDIVIDUAL_BUILDINGS
visual-territory-58-E1-RURAL_SETTLEMENT_NETWORK,visual-territory-58,visual-territory-58-E1,Fenna E1乡村聚落群,RURAL_SETTLEMENT_NETWORK,87065589,"[748.0, 518.0]",REGIONAL_REPRESENTATIVE_NOT_INDIVIDUAL_BUILDINGS
visual-territory-58-E2-URBAN_CLUSTER,visual-territory-58,visual-territory-58-E2,Fenna E2城镇群,URBAN_CLUSTER,66194820,"[809.75, 544.0]",REGIONAL_REPRESENTATIVE_NOT_INDIVIDUAL_BUILDINGS
visual-territory-58-E2-RURAL_SETTLEMENT_NETWORK,visual-territory-58,visual-territory-58-E2,Fenna E2乡村聚落群,RURAL_SETTLEMENT_NETWORK,83567217,"[809.75, 544.0]",REGIONAL_REPRESENTATIVE_NOT_INDIVIDUAL_BUILDINGS
visual-territory-59-E1-URBAN_CLUSTER,visual-territory-59,visual-territory-59-E1,Garan E1城镇群,URBAN_CLUSTER,30738730,"[635.5, 648.5]",REGIONAL_REPRESENTATIVE_NOT_INDIVIDUAL_BUILDINGS
visual-territory-59-E1-RURAL_SETTLEMENT_NETWORK,visual-territory-59,visual-territory-59-E1,Garan E1乡村聚落群,RURAL_SETTLEMENT_NETWORK,42623394,"[635.5, 648.5]",REGIONAL_REPRESENTATIVE_NOT_INDIVIDUAL_BUILDINGS
visual-territory-60-E1-URBAN_CLUSTER,visual-territory-60,visual-territory-60-E1,Hylos E1城镇群,URBAN_CLUSTER,52835560,"[198.25, 555.5]",REGIONAL_REPRESENTATIVE_NOT_INDIVIDUAL_BUILDINGS
visual-territory-60-E1-RURAL_SETTLEMENT_NETWORK,visual-territory-60,visual-territory-60-E1,Hylos E1乡村聚落群,RURAL_SETTLEMENT_NETWORK,77622612,"[198.25, 555.5]",REGIONAL_REPRESENTATIVE_NOT_INDIVIDUAL_BUILDINGS
visual-territory-60-E2-URBAN_CLUSTER,visual-territory-60,visual-territory-60-E2,Hylos E2城镇群,URBAN_CLUSTER,67129011,"[245.25, 568.0]",REGIONAL_REPRESENTATIVE_NOT_INDIVIDUAL_BUILDINGS
visual-territory-60-E2-RURAL_SETTLEMENT_NETWORK,visual-territory-60,visual-territory-60-E2,Hylos E2乡村聚落群,RURAL_SETTLEMENT_NETWORK,84403746,"[245.25, 568.0]",REGIONAL_REPRESENTATIVE_NOT_INDIVIDUAL_BUILDINGS
visual-territory-61-E1-URBAN_CLUSTER,visual-territory-61,visual-territory-61-E1,Ivara E1城镇群,URBAN_CLUSTER,79800899,"[267.75, 594.0]",REGIONAL_REPRESENTATIVE_NOT_INDIVIDUAL_BUILDINGS
visual-territory-61-E1-RURAL_SETTLEMENT_NETWORK,visual-territory-61,visual-territory-61-E1,Ivara E1乡村聚落群,RURAL_SETTLEMENT_NETWORK,76060232,"[267.75, 594.0]",REGIONAL_REPRESENTATIVE_NOT_INDIVIDUAL_BUILDINGS
visual-territory-61-E2-URBAN_CLUSTER,visual-territory-61,visual-territory-61-E2,Ivara E2城镇群,URBAN_CLUSTER,114813891,"[308.25, 585.0]",REGIONAL_REPRESENTATIVE_NOT_INDIVIDUAL_BUILDINGS
visual-territory-61-E2-RURAL_SETTLEMENT_NETWORK,visual-territory-61,visual-territory-61-E2,Ivara E2乡村聚落群,RURAL_SETTLEMENT_NETWORK,69774358,"[308.25, 585.0]",REGIONAL_REPRESENTATIVE_NOT_INDIVIDUAL_BUILDINGS
visual-territory-62-E1-URBAN_CLUSTER,visual-territory-62,visual-territory-62-E1,Jalen E1城镇群,URBAN_CLUSTER,46552939,"[317.25, 687.0]",REGIONAL_REPRESENTATIVE_NOT_INDIVIDUAL_BUILDINGS
visual-territory-62-E1-RURAL_SETTLEMENT_NETWORK,visual-territory-62,visual-territory-62-E1,Jalen E1乡村聚落群,RURAL_SETTLEMENT_NETWORK,60219857,"[317.25, 687.0]",REGIONAL_REPRESENTATIVE_NOT_INDIVIDUAL_BUILDINGS
visual-territory-62-E2-URBAN_CLUSTER,visual-territory-62,visual-territory-62-E2,Jalen E2城镇群,URBAN_CLUSTER,41983013,"[389.5, 746.0]",REGIONAL_REPRESENTATIVE_NOT_INDIVIDUAL_BUILDINGS
visual-territory-62-E2-RURAL_SETTLEMENT_NETWORK,visual-territory-62,visual-territory-62-E2,Jalen E2乡村聚落群,RURAL_SETTLEMENT_NETWORK,55879489,"[389.5, 746.0]",REGIONAL_REPRESENTATIVE_NOT_INDIVIDUAL_BUILDINGS
visual-territory-63-E1-URBAN_CLUSTER,visual-territory-63,visual-territory-63-E1,Korra E1城镇群,URBAN_CLUSTER,62857316,"[347.75, 606.5]",REGIONAL_REPRESENTATIVE_NOT_INDIVIDUAL_BUILDINGS
visual-territory-63-E1-RURAL_SETTLEMENT_NETWORK,visual-territory-63,visual-territory-63-E1,Korra E1乡村聚落群,RURAL_SETTLEMENT_NETWORK,72029629,"[347.75, 606.5]",REGIONAL_REPRESENTATIVE_NOT_INDIVIDUAL_BUILDINGS
visual-territory-63-E2-URBAN_CLUSTER,visual-territory-63,visual-territory-63-E2,Korra E2城镇群,URBAN_CLUSTER,67507938,"[397.25, 620.0]",REGIONAL_REPRESENTATIVE_NOT_INDIVIDUAL_BUILDINGS
visual-territory-63-E2-RURAL_SETTLEMENT_NETWORK,visual-territory-63,visual-territory-63-E2,Korra E2乡村聚落群,RURAL_SETTLEMENT_NETWORK,66436383,"[397.25, 620.0]",REGIONAL_REPRESENTATIVE_NOT_INDIVIDUAL_BUILDINGS
visual-territory-64-E1-URBAN_CLUSTER,visual-territory-64,visual-territory-64-E1,Lethis E1城镇群,URBAN_CLUSTER,82397962,"[675.75, 291.0]",REGIONAL_REPRESENTATIVE_NOT_INDIVIDUAL_BUILDINGS
visual-territory-64-E1-RURAL_SETTLEMENT_NETWORK,visual-territory-64,visual-territory-64-E1,Lethis E1乡村聚落群,RURAL_SETTLEMENT_NETWORK,92916850,"[675.75, 291.0]",REGIONAL_REPRESENTATIVE_NOT_INDIVIDUAL_BUILDINGS
visual-territory-64-E2-URBAN_CLUSTER,visual-territory-64,visual-territory-64-E2,Lethis E2城镇群,URBAN_CLUSTER,75529934,"[724.25, 297.0]",REGIONAL_REPRESENTATIVE_NOT_INDIVIDUAL_BUILDINGS
visual-territory-64-E2-RURAL_SETTLEMENT_NETWORK,visual-territory-64,visual-territory-64-E2,Lethis E2乡村聚落群,RURAL_SETTLEMENT_NETWORK,79244521,"[724.25, 297.0]",REGIONAL_REPRESENTATIVE_NOT_INDIVIDUAL_BUILDINGS
visual-territory-65-E1-URBAN_CLUSTER,visual-territory-65,visual-territory-65-E1,Marn E1城镇群,URBAN_CLUSTER,59946654,"[577.25, 330.5]",REGIONAL_REPRESENTATIVE_NOT_INDIVIDUAL_BUILDINGS
visual-territory-65-E1-RURAL_SETTLEMENT_NETWORK,visual-territory-65,visual-territory-65-E1,Marn E1乡村聚落群,RURAL_SETTLEMENT_NETWORK,75373106,"[577.25, 330.5]",REGIONAL_REPRESENTATIVE_NOT_INDIVIDUAL_BUILDINGS
visual-territory-65-E2-URBAN_CLUSTER,visual-territory-65,visual-territory-65-E2,Marn E2城镇群,URBAN_CLUSTER,71742452,"[641.75, 315.5]",REGIONAL_REPRESENTATIVE_NOT_INDIVIDUAL_BUILDINGS
visual-territory-65-E2-RURAL_SETTLEMENT_NETWORK,visual-territory-65,visual-territory-65-E2,Marn E2乡村聚落群,RURAL_SETTLEMENT_NETWORK,86280570,"[641.75, 315.5]",REGIONAL_REPRESENTATIVE_NOT_INDIVIDUAL_BUILDINGS
visual-territory-66-E1-URBAN_CLUSTER,visual-territory-66,visual-territory-66-E1,Nivor E1城镇群,URBAN_CLUSTER,43426247,"[929.75, 180.0]",REGIONAL_REPRESENTATIVE_NOT_INDIVIDUAL_BUILDINGS
visual-territory-66-E1-RURAL_SETTLEMENT_NETWORK,visual-territory-66,visual-territory-66-E1,Nivor E1乡村聚落群,RURAL_SETTLEMENT_NETWORK,77202218,"[929.75, 180.0]",REGIONAL_REPRESENTATIVE_NOT_INDIVIDUAL_BUILDINGS
visual-territory-66-E2-URBAN_CLUSTER,visual-territory-66,visual-territory-66-E2,Nivor E2城镇群,URBAN_CLUSTER,98741756,"[972.75, 341.5]",REGIONAL_REPRESENTATIVE_NOT_INDIVIDUAL_BUILDINGS
visual-territory-66-E2-RURAL_SETTLEMENT_NETWORK,visual-territory-66,visual-territory-66-E2,Nivor E2乡村聚落群,RURAL_SETTLEMENT_NETWORK,69759534,"[972.75, 341.5]",REGIONAL_REPRESENTATIVE_NOT_INDIVIDUAL_BUILDINGS
visual-territory-67-E1-URBAN_CLUSTER,visual-territory-67,visual-territory-67-E1,Orsa E1城镇群,URBAN_CLUSTER,43034072,"[461.75, 703.0]",REGIONAL_REPRESENTATIVE_NOT_INDIVIDUAL_BUILDINGS
visual-territory-67-E1-RURAL_SETTLEMENT_NETWORK,visual-territory-67,visual-territory-67-E1,Orsa E1乡村聚落群,RURAL_SETTLEMENT_NETWORK,57045166,"[461.75, 703.0]",REGIONAL_REPRESENTATIVE_NOT_INDIVIDUAL_BUILDINGS
visual-territory-67-E2-URBAN_CLUSTER,visual-territory-67,visual-territory-67-E2,Orsa E2城镇群,URBAN_CLUSTER,83462719,"[526.25, 696.0]",REGIONAL_REPRESENTATIVE_NOT_INDIVIDUAL_BUILDINGS
visual-territory-67-E2-RURAL_SETTLEMENT_NETWORK,visual-territory-67,visual-territory-67-E2,Orsa E2乡村聚落群,RURAL_SETTLEMENT_NETWORK,46744331,"[526.25, 696.0]",REGIONAL_REPRESENTATIVE_NOT_INDIVIDUAL_BUILDINGS
visual-territory-68-E1-URBAN_CLUSTER,visual-territory-68,visual-territory-68-E1,Pella E1城镇群,URBAN_CLUSTER,39777351,"[476.75, 587.5]",REGIONAL_REPRESENTATIVE_NOT_INDIVIDUAL_BUILDINGS
visual-territory-68-E1-RURAL_SETTLEMENT_NETWORK,visual-territory-68,visual-territory-68-E1,Pella E1乡村聚落群,RURAL_SETTLEMENT_NETWORK,61180392,"[476.75, 587.5]",REGIONAL_REPRESENTATIVE_NOT_INDIVIDUAL_BUILDINGS
visual-territory-68-E2-URBAN_CLUSTER,visual-territory-68,visual-territory-68-E2,Pella E2城镇群,URBAN_CLUSTER,39665525,"[523.25, 596.0]",REGIONAL_REPRESENTATIVE_NOT_INDIVIDUAL_BUILDINGS
visual-territory-68-E2-RURAL_SETTLEMENT_NETWORK,visual-territory-68,visual-territory-68-E2,Pella E2乡村聚落群,RURAL_SETTLEMENT_NETWORK,57316198,"[523.25, 596.0]",REGIONAL_REPRESENTATIVE_NOT_INDIVIDUAL_BUILDINGS
visual-territory-69-E1-URBAN_CLUSTER,visual-territory-69,visual-territory-69-E1,Quillan E1城镇群,URBAN_CLUSTER,50467073,"[211.0, 702.0]",REGIONAL_REPRESENTATIVE_NOT_INDIVIDUAL_BUILDINGS
visual-territory-69-E1-RURAL_SETTLEMENT_NETWORK,visual-territory-69,visual-territory-69-E1,Quillan E1乡村聚落群,RURAL_SETTLEMENT_NETWORK,83043701,"[211.0, 702.0]",REGIONAL_REPRESENTATIVE_NOT_INDIVIDUAL_BUILDINGS
visual-territory-70-E1-URBAN_CLUSTER,visual-territory-70,visual-territory-70-E1,Rhea E1城镇群,URBAN_CLUSTER,30915525,"[1211.0, 255.0]",REGIONAL_REPRESENTATIVE_NOT_INDIVIDUAL_BUILDINGS
visual-territory-70-E1-RURAL_SETTLEMENT_NETWORK,visual-territory-70,visual-territory-70-E1,Rhea E1乡村聚落群,RURAL_SETTLEMENT_NETWORK,58435704,"[1211.0, 255.0]",REGIONAL_REPRESENTATIVE_NOT_INDIVIDUAL_BUILDINGS
