countryId,technologyId,holderId,levelProposal,status,royaltyGcuPerDayProposal,scope
visual-territory-02,RESOURCE_EFFICIENT_REFINING,OP-02,1,OPENING_LICENSE_PROPOSAL_NOT_GRANTED,0,REFINED_FUEL
visual-territory-03,MFG_PRECISION,OP-03,1,OPENING_LICENSE_PROPOSAL_NOT_GRANTED,0,MACHINERY
visual-territory-04,RESOURCE_EFFICIENT_REFINING,OP-04,1,OPENING_LICENSE_PROPOSAL_NOT_GRANTED,0,STEEL
visual-territory-07,SEMI_BASIC,OP-07,1,OPENING_LICENSE_PROPOSAL_NOT_GRANTED,0,SEMICONDUCTORS
visual-territory-08,SEMI_BASIC,OP-08,1,OPENING_LICENSE_PROPOSAL_NOT_GRANTED,0,SEMICONDUCTORS
visual-territory-09,RESOURCE_EFFICIENT_REFINING,OP-09,1,OPENING_LICENSE_PROPOSAL_NOT_GRANTED,0,STEEL
visual-territory-10,RESOURCE_EFFICIENT_REFINING,OP-10,1,OPENING_LICENSE_PROPOSAL_NOT_GRANTED,0,REFINED_FUEL
visual-territory-10,RESOURCE_BATTERY_CHEM,OP-10,1,OPENING_LICENSE_PROPOSAL_NOT_GRANTED,0,BATTERIES
visual-territory-11,RESOURCE_BATTERY_CHEM,OP-11,1,OPENING_LICENSE_PROPOSAL_NOT_GRANTED,0,BATTERIES
visual-territory-12,SEMI_BASIC,OP-12,1,OPENING_LICENSE_PROPOSAL_NOT_GRANTED,0,SEMICONDUCTORS
visual-territory-12,RESOURCE_BATTERY_CHEM,OP-12,1,OPENING_LICENSE_PROPOSAL_NOT_GRANTED,0,BATTERIES
visual-territory-13,RESOURCE_EFFICIENT_REFINING,OP-13,1,OPENING_LICENSE_PROPOSAL_NOT_GRANTED,0,STEEL
visual-territory-13,SEMI_BASIC,OP-13,1,OPENING_LICENSE_PROPOSAL_NOT_GRANTED,0,SEMICONDUCTORS
visual-territory-13,RESOURCE_BATTERY_CHEM,OP-13,1,OPENING_LICENSE_PROPOSAL_NOT_GRANTED,0,BATTERIES
visual-territory-14,RESOURCE_EFFICIENT_REFINING,OP-14,1,OPENING_LICENSE_PROPOSAL_NOT_GRANTED,0,STEEL
visual-territory-15,RESOURCE_BATTERY_CHEM,OP-15,1,OPENING_LICENSE_PROPOSAL_NOT_GRANTED,0,BATTERIES
visual-territory-16,RESOURCE_BATTERY_CHEM,OP-16,1,OPENING_LICENSE_PROPOSAL_NOT_GRANTED,0,BATTERIES
visual-territory-17,RESOURCE_EFFICIENT_REFINING,OP-17,1,OPENING_LICENSE_PROPOSAL_NOT_GRANTED,0,STEEL
visual-territory-17,MFG_PRECISION,OP-17,1,OPENING_LICENSE_PROPOSAL_NOT_GRANTED,0,MACHINERY
visual-territory-18,RESOURCE_EFFICIENT_REFINING,OP-18,1,OPENING_LICENSE_PROPOSAL_NOT_GRANTED,0,STEEL
visual-territory-18,RESOURCE_EFFICIENT_REFINING,OP-18,1,OPENING_LICENSE_PROPOSAL_NOT_GRANTED,0,REFINED_FUEL
visual-territory-19,SEMI_BASIC,OP-19,1,OPENING_LICENSE_PROPOSAL_NOT_GRANTED,0,SEMICONDUCTORS
visual-territory-20,RESOURCE_EFFICIENT_REFINING,OP-20,1,OPENING_LICENSE_PROPOSAL_NOT_GRANTED,0,STEEL
visual-territory-20,RESOURCE_EFFICIENT_REFINING,OP-20,1,OPENING_LICENSE_PROPOSAL_NOT_GRANTED,0,REFINED_FUEL
visual-territory-21,RESOURCE_EFFICIENT_REFINING,OP-21,1,OPENING_LICENSE_PROPOSAL_NOT_GRANTED,0,STEEL
visual-territory-22,RESOURCE_EFFICIENT_REFINING,OP-22,1,OPENING_LICENSE_PROPOSAL_NOT_GRANTED,0,STEEL
visual-territory-23,RESOURCE_EFFICIENT_REFINING,OP-23,1,OPENING_LICENSE_PROPOSAL_NOT_GRANTED,0,STEEL
visual-territory-23,RESOURCE_BATTERY_CHEM,OP-23,1,OPENING_LICENSE_PROPOSAL_NOT_GRANTED,0,BATTERIES
visual-territory-24,MFG_PRECISION,OP-24,1,OPENING_LICENSE_PROPOSAL_NOT_GRANTED,0,MACHINERY
visual-territory-24,SEMI_BASIC,OP-24,1,OPENING_LICENSE_PROPOSAL_NOT_GRANTED,0,SEMICONDUCTORS
visual-territory-25,RESOURCE_EFFICIENT_REFINING,OP-25,1,OPENING_LICENSE_PROPOSAL_NOT_GRANTED,0,STEEL
visual-territory-25,RESOURCE_EFFICIENT_REFINING,OP-25,1,OPENING_LICENSE_PROPOSAL_NOT_GRANTED,0,REFINED_FUEL
visual-territory-26,RESOURCE_EFFICIENT_REFINING,OP-26,1,OPENING_LICENSE_PROPOSAL_NOT_GRANTED,0,STEEL
visual-territory-26,RESOURCE_EFFICIENT_REFINING,OP-26,1,OPENING_LICENSE_PROPOSAL_NOT_GRANTED,0,REFINED_FUEL
visual-territory-27,RESOURCE_EFFICIENT_REFINING,OP-27,1,OPENING_LICENSE_PROPOSAL_NOT_GRANTED,0,STEEL
visual-territory-28,RESOURCE_EFFICIENT_REFINING,OP-28,1,OPENING_LICENSE_PROPOSAL_NOT_GRANTED,0,REFINED_FUEL
visual-territory-28,MFG_PRECISION,OP-28,1,OPENING_LICENSE_PROPOSAL_NOT_GRANTED,0,MACHINERY
visual-territory-29,RESOURCE_EFFICIENT_REFINING,OP-29,1,OPENING_LICENSE_PROPOSAL_NOT_GRANTED,0,STEEL
visual-territory-30,RESOURCE_EFFICIENT_REFINING,OP-30,1,OPENING_LICENSE_PROPOSAL_NOT_GRANTED,0,STEEL
visual-territory-31,RESOURCE_EFFICIENT_REFINING,OP-31,1,OPENING_LICENSE_PROPOSAL_NOT_GRANTED,0,REFINED_FUEL
visual-territory-31,MFG_PRECISION,OP-31,1,OPENING_LICENSE_PROPOSAL_NOT_GRANTED,0,MACHINERY
visual-territory-31,SEMI_BASIC,OP-31,1,OPENING_LICENSE_PROPOSAL_NOT_GRANTED,0,SEMICONDUCTORS
visual-territory-32,RESOURCE_EFFICIENT_REFINING,OP-32,1,OPENING_LICENSE_PROPOSAL_NOT_GRANTED,0,STEEL
visual-territory-35,RESOURCE_EFFICIENT_REFINING,OP-35,1,OPENING_LICENSE_PROPOSAL_NOT_GRANTED,0,STEEL
visual-territory-36,RESOURCE_BATTERY_CHEM,OP-36,1,OPENING_LICENSE_PROPOSAL_NOT_GRANTED,0,BATTERIES
visual-territory-37,RESOURCE_EFFICIENT_REFINING,OP-37,1,OPENING_LICENSE_PROPOSAL_NOT_GRANTED,0,STEEL
visual-territory-37,RESOURCE_EFFICIENT_REFINING,OP-37,1,OPENING_LICENSE_PROPOSAL_NOT_GRANTED,0,REFINED_FUEL
visual-territory-38,RESOURCE_EFFICIENT_REFINING,OP-38,1,OPENING_LICENSE_PROPOSAL_NOT_GRANTED,0,REFINED_FUEL
visual-territory-39,RESOURCE_EFFICIENT_REFINING,OP-39,1,OPENING_LICENSE_PROPOSAL_NOT_GRANTED,0,STEEL
visual-territory-40,MFG_PRECISION,OP-40,1,OPENING_LICENSE_PROPOSAL_NOT_GRANTED,0,MACHINERY
visual-territory-40,SEMI_BASIC,OP-40,1,OPENING_LICENSE_PROPOSAL_NOT_GRANTED,0,SEMICONDUCTORS
visual-territory-41,RESOURCE_EFFICIENT_REFINING,OP-41,1,OPENING_LICENSE_PROPOSAL_NOT_GRANTED,0,STEEL
visual-territory-42,RESOURCE_EFFICIENT_REFINING,OP-42,1,OPENING_LICENSE_PROPOSAL_NOT_GRANTED,0,STEEL
visual-territory-42,MFG_PRECISION,OP-42,1,OPENING_LICENSE_PROPOSAL_NOT_GRANTED,0,MACHINERY
visual-territory-43,RESOURCE_EFFICIENT_REFINING,OP-43,1,OPENING_LICENSE_PROPOSAL_NOT_GRANTED,0,STEEL
visual-territory-44,RESOURCE_EFFICIENT_REFINING,OP-44,1,OPENING_LICENSE_PROPOSAL_NOT_GRANTED,0,STEEL
visual-territory-44,MFG_PRECISION,OP-44,1,OPENING_LICENSE_PROPOSAL_NOT_GRANTED,0,MACHINERY
visual-territory-44,SEMI_BASIC,OP-44,1,OPENING_LICENSE_PROPOSAL_NOT_GRANTED,0,SEMICONDUCTORS
visual-territory-45,RESOURCE_EFFICIENT_REFINING,OP-45,1,OPENING_LICENSE_PROPOSAL_NOT_GRANTED,0,STEEL
visual-territory-46,SEMI_BASIC,OP-46,1,OPENING_LICENSE_PROPOSAL_NOT_GRANTED,0,SEMICONDUCTORS
visual-territory-48,RESOURCE_EFFICIENT_REFINING,OP-48,1,OPENING_LICENSE_PROPOSAL_NOT_GRANTED,0,STEEL
visual-territory-48,RESOURCE_EFFICIENT_REFINING,OP-48,1,OPENING_LICENSE_PROPOSAL_NOT_GRANTED,0,REFINED_FUEL
visual-territory-49,RESOURCE_EFFICIENT_REFINING,OP-49,1,OPENING_LICENSE_PROPOSAL_NOT_GRANTED,0,STEEL
visual-territory-49,SEMI_BASIC,OP-49,1,OPENING_LICENSE_PROPOSAL_NOT_GRANTED,0,SEMICONDUCTORS
visual-territory-50,RESOURCE_EFFICIENT_REFINING,OP-50,1,OPENING_LICENSE_PROPOSAL_NOT_GRANTED,0,REFINED_FUEL
visual-territory-50,MFG_PRECISION,OP-50,1,OPENING_LICENSE_PROPOSAL_NOT_GRANTED,0,MACHINERY
visual-territory-51,RESOURCE_EFFICIENT_REFINING,OP-51,1,OPENING_LICENSE_PROPOSAL_NOT_GRANTED,0,STEEL
visual-territory-51,MFG_PRECISION,OP-51,1,OPENING_LICENSE_PROPOSAL_NOT_GRANTED,0,MACHINERY
visual-territory-52,RESOURCE_EFFICIENT_REFINING,OP-52,1,OPENING_LICENSE_PROPOSAL_NOT_GRANTED,0,REFINED_FUEL
visual-territory-52,MFG_PRECISION,OP-52,1,OPENING_LICENSE_PROPOSAL_NOT_GRANTED,0,MACHINERY
visual-territory-52,SEMI_BASIC,OP-52,1,OPENING_LICENSE_PROPOSAL_NOT_GRANTED,0,SEMICONDUCTORS
visual-territory-53,RESOURCE_EFFICIENT_REFINING,OP-53,1,OPENING_LICENSE_PROPOSAL_NOT_GRANTED,0,REFINED_FUEL
visual-territory-54,SEMI_BASIC,OP-54,1,OPENING_LICENSE_PROPOSAL_NOT_GRANTED,0,SEMICONDUCTORS
visual-territory-55,RESOURCE_EFFICIENT_REFINING,OP-55,1,OPENING_LICENSE_PROPOSAL_NOT_GRANTED,0,REFINED_FUEL
visual-territory-55,SEMI_BASIC,OP-55,1,OPENING_LICENSE_PROPOSAL_NOT_GRANTED,0,SEMICONDUCTORS
visual-territory-56,MFG_PRECISION,OP-56,1,OPENING_LICENSE_PROPOSAL_NOT_GRANTED,0,MACHINERY
visual-territory-56,SEMI_BASIC,OP-56,1,OPENING_LICENSE_PROPOSAL_NOT_GRANTED,0,SEMICONDUCTORS
visual-territory-56,RESOURCE_BATTERY_CHEM,OP-56,1,OPENING_LICENSE_PROPOSAL_NOT_GRANTED,0,BATTERIES
visual-territory-57,RESOURCE_EFFICIENT_REFINING,OP-57,1,OPENING_LICENSE_PROPOSAL_NOT_GRANTED,0,STEEL
visual-territory-57,MFG_PRECISION,OP-57,1,OPENING_LICENSE_PROPOSAL_NOT_GRANTED,0,MACHINERY
visual-territory-59,RESOURCE_EFFICIENT_REFINING,OP-59,1,OPENING_LICENSE_PROPOSAL_NOT_GRANTED,0,STEEL
visual-territory-59,MFG_PRECISION,OP-59,1,OPENING_LICENSE_PROPOSAL_NOT_GRANTED,0,MACHINERY
visual-territory-60,RESOURCE_EFFICIENT_REFINING,OP-60,1,OPENING_LICENSE_PROPOSAL_NOT_GRANTED,0,REFINED_FUEL
visual-territory-61,MFG_PRECISION,OP-61,1,OPENING_LICENSE_PROPOSAL_NOT_GRANTED,0,MACHINERY
visual-territory-61,SEMI_BASIC,OP-61,1,OPENING_LICENSE_PROPOSAL_NOT_GRANTED,0,SEMICONDUCTORS
visual-territory-62,RESOURCE_EFFICIENT_REFINING,OP-62,1,OPENING_LICENSE_PROPOSAL_NOT_GRANTED,0,REFINED_FUEL
visual-territory-63,RESOURCE_EFFICIENT_REFINING,OP-63,1,OPENING_LICENSE_PROPOSAL_NOT_GRANTED,0,STEEL
visual-territory-63,RESOURCE_EFFICIENT_REFINING,OP-63,1,OPENING_LICENSE_PROPOSAL_NOT_GRANTED,0,REFINED_FUEL
visual-territory-64,MFG_PRECISION,OP-64,1,OPENING_LICENSE_PROPOSAL_NOT_GRANTED,0,MACHINERY
visual-territory-65,RESOURCE_BATTERY_CHEM,OP-65,1,OPENING_LICENSE_PROPOSAL_NOT_GRANTED,0,BATTERIES
visual-territory-66,RESOURCE_EFFICIENT_REFINING,OP-66,1,OPENING_LICENSE_PROPOSAL_NOT_GRANTED,0,REFINED_FUEL
visual-territory-66,MFG_PRECISION,OP-66,1,OPENING_LICENSE_PROPOSAL_NOT_GRANTED,0,MACHINERY
visual-territory-67,RESOURCE_EFFICIENT_REFINING,OP-67,1,OPENING_LICENSE_PROPOSAL_NOT_GRANTED,0,REFINED_FUEL
visual-territory-67,MFG_PRECISION,OP-67,1,OPENING_LICENSE_PROPOSAL_NOT_GRANTED,0,MACHINERY
visual-territory-67,SEMI_BASIC,OP-67,1,OPENING_LICENSE_PROPOSAL_NOT_GRANTED,0,SEMICONDUCTORS
visual-territory-68,RESOURCE_EFFICIENT_REFINING,OP-68,1,OPENING_LICENSE_PROPOSAL_NOT_GRANTED,0,STEEL
visual-territory-69,RESOURCE_EFFICIENT_REFINING,OP-69,1,OPENING_LICENSE_PROPOSAL_NOT_GRANTED,0,STEEL
visual-territory-70,RESOURCE_EFFICIENT_REFINING,OP-70,1,OPENING_LICENSE_PROPOSAL_NOT_GRANTED,0,REFINED_FUEL
