regionId,countryId,basinId,domesticM3Day,agricultureM3Day,industryM3Day,allocatedM3Day,availableM3Day,remainingM3Day,drySeasonAvailableM3Day,rightsStatus
visual-territory-01-E1,visual-territory-01,BASIN-HL23,19049847.736111112,201610686.18268055,779.622286,220661313.54107764,380268681,159607367.45892236,243210783,ALLOCATION_PROPOSAL_NOT_GRANTED
visual-territory-02-E1,visual-territory-02,BASIN-HL23,24790575.513888888,285419473.1791528,4221.590388,310214270.2834297,720658368,410444097.7165704,446078941,ALLOCATION_PROPOSAL_NOT_GRANTED
visual-territory-03-E1,visual-territory-03,BASIN-HR34,21644620.652777776,219901448.28747225,150.49585518680257,241546219.43610522,420953331,179407111.56389478,245614668,ALLOCATION_PROPOSAL_NOT_GRANTED
visual-territory-03-E2,visual-territory-03,BASIN-HR34,25306583.972222224,293227018.788375,175.9576228131974,318533778.71822006,561319133,242785354.28177994,357607134,ALLOCATION_PROPOSAL_NOT_GRANTED
visual-territory-04-E1,visual-territory-04,BASIN-HL23,25782044.347222224,256616811.91183332,12366.808547273009,282411223.0676028,470342270,187931046.93239722,281351365,ALLOCATION_PROPOSAL_NOT_GRANTED
visual-territory-04-E2,visual-territory-04,BASIN-HL23,24005975.138888888,287525870.19993055,11514.885884726991,311543360.22470415,526994196,215450835.77529582,355671137,ALLOCATION_PROPOSAL_NOT_GRANTED
visual-territory-05-E1,visual-territory-05,BASIN-HR24,18029049.097222224,206984393.97470835,7928.2023583577975,225021371.27428895,370689160,145667788.72571108,215367420,ALLOCATION_PROPOSAL_NOT_GRANTED
visual-territory-05-E2,visual-territory-05,BASIN-HR24,17868629.458333332,161517759.69555554,7857.658462642202,179394246.81235152,289262787,109868540.1876485,158534719,ALLOCATION_PROPOSAL_NOT_GRANTED
visual-territory-06-E1,visual-territory-06,BASIN-HR05,26435597.861111112,43187268.09411111,66067.97506723287,69688933.93028945,753137342,683448408.0697105,654498528,ALLOCATION_PROPOSAL_NOT_GRANTED
visual-territory-06-E2,visual-territory-06,BASIN-HL05,27922533.166666668,355488936.12133336,69784.13103276714,383481253.4190328,814482458,431001204.58096725,526555493,ALLOCATION_PROPOSAL_NOT_GRANTED
visual-territory-07-E1,visual-territory-07,BASIN-HL05,19477088.222222224,117263231.3773889,48995.68818046086,136789315.28779155,301398428,164609112.71220845,164841528,ALLOCATION_PROPOSAL_NOT_GRANTED
visual-territory-07-E2,visual-territory-07,BASIN-HR34,19690862.930555556,114668235.44480556,49533.450233539144,134408631.82559466,294728582,160319950.1744053,160627077,ALLOCATION_PROPOSAL_NOT_GRANTED
visual-territory-08-E1,visual-territory-08,BASIN-HR24,21432156.055555556,220457599.79200003,17.816337813924953,241889773.6638934,363109289,121219515.33610658,203379509,ALLOCATION_PROPOSAL_NOT_GRANTED
visual-territory-08-E2,visual-territory-08,BASIN-HR24,20924428.777777776,210561327.94805557,17.39426918607505,231485774.12010255,346809428,115323653.87989746,189011138,ALLOCATION_PROPOSAL_NOT_GRANTED
visual-territory-09-E1,visual-territory-09,BASIN-HR35,19504921.944444444,217515369.6,20151.484926224133,237040443.02937067,271894212,34853768.970629334,195848315,ALLOCATION_PROPOSAL_NOT_GRANTED
visual-territory-09-E2,visual-territory-09,BASIN-HR35,17312886.861111112,149942840.0,17886.78670977586,167273613.6478209,187428550,20154936.35217912,124837325,ALLOCATION_PROPOSAL_NOT_GRANTED
visual-territory-10-E1,visual-territory-10,BASIN-HR35,19709203.041666668,81748591.77365279,56580.294358615174,101514375.10967807,350580263,249065887.8903219,295481300,ALLOCATION_PROPOSAL_NOT_GRANTED
visual-territory-10-E2,visual-territory-10,BASIN-HR35,19626514.375,95816954.10036111,56342.91545038482,115499811.39081149,317051253,201551441.6091885,257553761,ALLOCATION_PROPOSAL_NOT_GRANTED
visual-territory-11-E1,visual-territory-11,BASIN-HR35,25111131.5,147485678.01754165,21124.548182000002,172617934.06572366,269325461,96707526.93427636,195656707,ALLOCATION_PROPOSAL_NOT_GRANTED
visual-territory-12-E1,visual-territory-12,BASIN-HL13,27570087.277777776,0.0,64413.35293680672,27634500.630714584,314894937,287260436.3692854,241824174,ALLOCATION_PROPOSAL_NOT_GRANTED
visual-territory-12-E2,visual-territory-12,BASIN-HL13,23507978.180555556,0.0,54922.847364193294,23562901.02791975,245221987,221659085.97208026,169615889,ALLOCATION_PROPOSAL_NOT_GRANTED
visual-territory-13-E1,visual-territory-13,BASIN-HL18,21210248.041666668,122555292.0,16374.501423544718,143781914.5430902,153194115,9412200.456909783,106521760,ALLOCATION_PROPOSAL_NOT_GRANTED
visual-territory-13-E2,visual-territory-13,BASIN-HR19,17116191.805555556,0.0,13213.853347455279,17129405.65890301,39149891,22020485.34109699,22764692,ALLOCATION_PROPOSAL_NOT_GRANTED
visual-territory-14-E1,visual-territory-14,BASIN-HR14,16327296.194444444,120208931.70981945,7605.396482743193,136543833.30074662,161903705,25359871.699253358,93652666,ALLOCATION_PROPOSAL_NOT_GRANTED
visual-territory-14-E2,visual-territory-14,BASIN-HL08,20501578.680555556,242336370.40041664,9549.813547256806,262847498.89451945,326391356,63543857.10548052,178196462,ALLOCATION_PROPOSAL_NOT_GRANTED
visual-territory-15-E1,visual-territory-15,BASIN-HL08,23642358.097222224,143258239.66216666,61196.342200494095,166961794.10158935,357476946,190515151.89841065,204273977,ALLOCATION_PROPOSAL_NOT_GRANTED
visual-territory-15-E2,visual-territory-15,BASIN-HL08,25168333.305555556,168731702.2841389,65146.2062815059,193965181.79597595,421041706,227076524.20402402,232989630,ALLOCATION_PROPOSAL_NOT_GRANTED
visual-territory-16-E1,visual-territory-16,BASIN-HL11,24513047.541666668,248700075.94094446,90.08979034440596,273213213.57240146,391971440,118758226.4275985,213624435,ALLOCATION_PROPOSAL_NOT_GRANTED
visual-territory-16-E2,visual-territory-16,BASIN-HL11,24342554.888888888,246655245.63050002,89.46319965559405,270997889.9825886,388748622,117750732.01741143,215683002,ALLOCATION_PROPOSAL_NOT_GRANTED
visual-territory-17-E1,visual-territory-17,BASIN-HR21,25660806.166666668,0.0,184922.162631,25845728.32929767,248790476,222944747.67070234,139457726,ALLOCATION_PROPOSAL_NOT_GRANTED
visual-territory-18-E1,visual-territory-18,BASIN-HR21,20678885.5,0.0,116824.52323199999,20795710.023232,153309681,132513970.976768,95715504,ALLOCATION_PROPOSAL_NOT_GRANTED
visual-territory-19-E1,visual-territory-19,BASIN-HR21,22172632.444444444,243207907.06230554,8343.019767000002,265388882.52651697,361916751,96527868.47348304,221419687,ALLOCATION_PROPOSAL_NOT_GRANTED
visual-territory-20-E1,visual-territory-20,BASIN-HR21,17275635.541666668,0.0,133074.95521939773,17408710.496886067,181114618,163705907.50311396,119426478,ALLOCATION_PROPOSAL_NOT_GRANTED
visual-territory-20-E2,visual-territory-20,BASIN-HL20,16649867.722222222,0.0,128254.63909560227,16778122.361317825,158355655,141577532.6386822,100711994,ALLOCATION_PROPOSAL_NOT_GRANTED
visual-territory-21-E1,visual-territory-21,BASIN-HR02,23618940.041666668,257394604.2678889,17297.221289843113,281030841.5308454,329682489,48651647.46915457,222917988,ALLOCATION_PROPOSAL_NOT_GRANTED
visual-territory-21-E2,visual-territory-21,BASIN-HL02,23790137.583333332,304660693.3703611,17422.597016156888,328468253.55071056,390223004,61754750.44928944,290059851,ALLOCATION_PROPOSAL_NOT_GRANTED
visual-territory-22-E1,visual-territory-22,BASIN-HL02,20259171.652777776,289713101.7412917,9425.626876,309981699.0209455,483773631,173791931.9790545,382986934,ALLOCATION_PROPOSAL_NOT_GRANTED
visual-territory-23-E1,visual-territory-23,BASIN-R05,28086536.472222224,0.0,207848.02454026171,28294384.496762484,337221158,308926773.50323755,272718558,ALLOCATION_PROPOSAL_NOT_GRANTED
visual-territory-23-E2,visual-territory-23,BASIN-HR01,35150242.291666664,0.0,260121.37273173826,35410363.6643984,339566665,304156301.33560157,279183492,ALLOCATION_PROPOSAL_NOT_GRANTED
visual-territory-24-E1,visual-territory-24,BASIN-R06,20117835.111111112,0.0,30358.14563253478,20148193.256743647,184005142,163856948.74325636,148449044,ALLOCATION_PROPOSAL_NOT_GRANTED
visual-territory-24-E2,visual-territory-24,BASIN-R06,19162835.972222224,0.0,28917.036150465217,19191753.00837269,190851444,171659690.99162734,154037599,ALLOCATION_PROPOSAL_NOT_GRANTED
visual-territory-25-E1,visual-territory-25,BASIN-HR21,22008814.208333332,0.0,199294.96737899998,22208109.175712332,257280855,235072745.82428765,212160418,ALLOCATION_PROPOSAL_NOT_GRANTED
visual-territory-26-E1,visual-territory-26,BASIN-HL27,13504240.208333334,0.0,124754.17774499771,13628994.386078332,120009907,106380912.61392167,93256530,ALLOCATION_PROPOSAL_NOT_GRANTED
visual-territory-26-E2,visual-territory-26,BASIN-HL27,13665432.805555556,0.0,126243.29891100226,13791676.104466558,119430278,105638601.89553344,91960321,ALLOCATION_PROPOSAL_NOT_GRANTED
visual-territory-27-E1,visual-territory-27,BASIN-HL27,16527293.972222222,0.0,151634.3848864331,16678928.357108654,149422189,132743260.64289135,112124904,ALLOCATION_PROPOSAL_NOT_GRANTED
visual-territory-27-E2,visual-territory-27,BASIN-HR28,21120888.208333332,0.0,193779.62884356693,21314667.8371769,190480057,169165389.16282308,145593529,ALLOCATION_PROPOSAL_NOT_GRANTED
visual-territory-28-E1,visual-territory-28,BASIN-HR22,19475774.138888888,0.0,137898.5164979542,19613672.655386843,139503651,119889978.34461315,107245477,ALLOCATION_PROPOSAL_NOT_GRANTED
visual-territory-28-E2,visual-territory-28,BASIN-HL21,19907556.5,0.0,140955.75810604583,20048512.258106045,158973157,138924644.74189395,120496784,ALLOCATION_PROPOSAL_NOT_GRANTED
visual-territory-29-E1,visual-territory-29,BASIN-HL19,17602472.875,0.0,101566.39341377119,17704039.26841377,181538822,163834782.73158622,139552913,ALLOCATION_PROPOSAL_NOT_GRANTED
visual-territory-29-E2,visual-territory-29,BASIN-HR20,18977281.916666668,0.0,109499.05134122881,19086780.968007896,190336768,171249987.0319921,148848778,ALLOCATION_PROPOSAL_NOT_GRANTED
visual-territory-30-E1,visual-territory-30,BASIN-HR33,17260051.611111112,0.0,123434.1230036343,17383485.734114747,190442168,173058682.26588526,154349866,ALLOCATION_PROPOSAL_NOT_GRANTED
visual-territory-30-E2,visual-territory-30,BASIN-HR33,15506807.333333334,0.0,110895.91195336568,15617703.2452867,147017224,131399520.75471331,116529138,ALLOCATION_PROPOSAL_NOT_GRANTED
visual-territory-31-E1,visual-territory-31,BASIN-HR01,17492424.444444444,0.0,130585.98140202646,17623010.42584647,159836916,142213905.5741535,130920251,ALLOCATION_PROPOSAL_NOT_GRANTED
visual-territory-31-E2,visual-territory-31,BASIN-R06,18296321.333333332,0.0,136587.30297497354,18432908.636308305,180207399,161774490.3636917,149411374,ALLOCATION_PROPOSAL_NOT_GRANTED
visual-territory-32-E1,visual-territory-32,BASIN-R06,11622778.555555556,0.0,103960.6066168007,11726739.162172357,91636957,79910217.83782765,69275517,ALLOCATION_PROPOSAL_NOT_GRANTED
visual-territory-32-E2,visual-territory-32,BASIN-R06,12129976.625,0.0,108497.2687171993,12238473.8937172,107182459,94943985.1062828,82672560,ALLOCATION_PROPOSAL_NOT_GRANTED
visual-territory-33-E1,visual-territory-33,BASIN-HL28,17682027.458333332,196059499.01766667,2603.2791187415837,213744129.75511876,285062480,71318350.24488124,229692361,ALLOCATION_PROPOSAL_NOT_GRANTED
visual-territory-33-E2,visual-territory-33,BASIN-HL28,13478017.583333334,196424610.4047222,1984.3336302584157,209904612.32168582,285593337,75688724.67831421,208853869,ALLOCATION_PROPOSAL_NOT_GRANTED
visual-territory-34-E1,visual-territory-34,BASIN-HR17,18854882.583333332,213725387.59744444,2803.3783342582137,232583073.55911204,345025088,112442014.44088799,263613594,ALLOCATION_PROPOSAL_NOT_GRANTED
visual-territory-34-E2,visual-territory-34,BASIN-HL16,18220509.847222224,205836589.0330972,2709.058638741786,224059807.93895817,332289898,108230090.06104185,250836063,ALLOCATION_PROPOSAL_NOT_GRANTED
visual-territory-35-E1,visual-territory-35,BASIN-HR27,17977309.458333332,0.0,133167.45548872268,18110476.913822055,349405403,331294926.08617795,277868773,ALLOCATION_PROPOSAL_NOT_GRANTED
visual-territory-35-E2,visual-territory-35,BASIN-HL26,15603269.5,0.0,115581.68375727734,15718851.183757277,291444121,275725269.8162427,229935467,ALLOCATION_PROPOSAL_NOT_GRANTED
visual-territory-36-E1,visual-territory-36,BASIN-HL26,16892622.138888888,253081251.11930555,6851.737142000001,269980724.9953365,458925871,188945146.00466356,361107014,ALLOCATION_PROPOSAL_NOT_GRANTED
visual-territory-37-E1,visual-territory-37,BASIN-HR11,17277412.569444444,0.0,147469.630905,17424882.200349443,258981292,241556409.79965055,221210886,ALLOCATION_PROPOSAL_NOT_GRANTED
visual-territory-38-E1,visual-territory-38,BASIN-HL03,28140853.902777776,7844037.151319444,209557.5255806778,36194448.579677895,353119452,316925003.42032206,303715832,ALLOCATION_PROPOSAL_NOT_GRANTED
visual-territory-38-E2,visual-territory-38,BASIN-HL03,23762797.138888888,9865353.965833334,176955.2902163222,33805106.39493854,444114213,410309106.6050615,299718502,ALLOCATION_PROPOSAL_NOT_GRANTED
visual-territory-39-E1,visual-territory-39,BASIN-HR29,19984073.236111112,0.0,183413.49785251138,20167486.733963624,262906543,242739056.2660364,174124954,ALLOCATION_PROPOSAL_NOT_GRANTED
visual-territory-39-E2,visual-territory-39,BASIN-HL09,19824205.194444444,0.0,181946.23157648862,20006151.42602093,320502090,300495938.5739791,241895364,ALLOCATION_PROPOSAL_NOT_GRANTED
visual-territory-40-E1,visual-territory-40,BASIN-HR25,16377742.694444444,0.0,30940.68680849325,16408683.381252937,121180294,104771610.61874706,78979084,ALLOCATION_PROPOSAL_NOT_GRANTED
visual-territory-40-E2,visual-territory-40,BASIN-HR26,18662653.75,0.0,35257.32058850675,18697911.070588507,92479725,73781813.9294115,61632428,ALLOCATION_PROPOSAL_NOT_GRANTED
visual-territory-41-E1,visual-territory-41,BASIN-HR17,19430217.805555556,0.0,121650.39491330554,19551868.20046886,175043930,155492061.79953113,144781910,ALLOCATION_PROPOSAL_NOT_GRANTED
visual-territory-41-E2,visual-territory-41,BASIN-HR27,18363255.625,0.0,114970.26544069443,18478225.890440695,199728739,181250513.1095593,170982561,ALLOCATION_PROPOSAL_NOT_GRANTED
visual-territory-42-E1,visual-territory-42,BASIN-R01,23410142.347222224,0.0,141069.061277,23551211.408499222,275178698,251627486.5915008,236653680,ALLOCATION_PROPOSAL_NOT_GRANTED
visual-territory-43-E1,visual-territory-43,BASIN-R01,24028904.791666668,0.0,147117.990012,24176022.78167867,334971851,310795828.2183213,288075792,ALLOCATION_PROPOSAL_NOT_GRANTED
visual-territory-44-E1,visual-territory-44,BASIN-HR32,26274181.194444444,0.0,122353.63060175143,26396534.825046197,427990672,401594137.1749538,382816324,ALLOCATION_PROPOSAL_NOT_GRANTED
visual-territory-44-E2,visual-territory-44,BASIN-HR32,22681620.180555556,0.0,105623.78924324858,22787243.969798803,569163342,546376098.0302012,452689910,ALLOCATION_PROPOSAL_NOT_GRANTED
visual-territory-45-E1,visual-territory-45,BASIN-HL24,19752933.236111112,0.0,134103.8720853542,19887037.108196467,299112985,279225947.89180356,194738254,ALLOCATION_PROPOSAL_NOT_GRANTED
visual-territory-45-E2,visual-territory-45,BASIN-HR25,21839587.069444444,0.0,148270.29260664582,21987857.36205109,193493609,171505751.6379489,125281200,ALLOCATION_PROPOSAL_NOT_GRANTED
visual-territory-46-E1,visual-territory-46,BASIN-HL25,23442126.5,212182036.11958334,11939.824011187997,235636102.44359452,276845542,41209439.55640548,202717501,ALLOCATION_PROPOSAL_NOT_GRANTED
visual-territory-46-E2,visual-territory-46,BASIN-HL25,23471937.847222224,264772752.60740277,11955.007882812002,288256645.46250784,346870451,58613805.53749221,269548036,ALLOCATION_PROPOSAL_NOT_GRANTED
visual-territory-47-E1,visual-territory-47,BASIN-HR06,28591311.305555556,149284035.21941665,67632.43401210764,177942978.95898432,389106973,211163994.04101565,306279628,ALLOCATION_PROPOSAL_NOT_GRANTED
visual-territory-47-E2,visual-territory-47,BASIN-HR06,28167811.75,195469474.2874861,66630.65044789237,223703916.687934,509488743,285784826.312066,451081516,ALLOCATION_PROPOSAL_NOT_GRANTED
visual-territory-48-E1,visual-territory-48,BASIN-R02,23038700.75,0.0,127809.610299,23166510.360299,558343501,535176990.639701,491111862,ALLOCATION_PROPOSAL_NOT_GRANTED
visual-territory-49-E1,visual-territory-49,BASIN-R02,16943852.611111112,0.0,84717.66938647495,17028570.28049759,312872493,295843922.71950245,223814883,ALLOCATION_PROPOSAL_NOT_GRANTED
visual-territory-49-E2,visual-territory-49,BASIN-R02,17430475.291666668,0.0,87150.73701952504,17517626.028686192,149267478,131749851.9713138,96888817,ALLOCATION_PROPOSAL_NOT_GRANTED
visual-territory-50-E1,visual-territory-50,BASIN-R02,18317170.805555556,0.0,36869.96063161335,18354040.76618717,298010204,279656163.2338128,260006929,ALLOCATION_PROPOSAL_NOT_GRANTED
visual-territory-50-E2,visual-territory-50,BASIN-HR18,17783242.569444444,0.0,35795.23608738665,17819037.80553183,315700434,297881396.1944682,282551889,ALLOCATION_PROPOSAL_NOT_GRANTED
visual-territory-51-E1,visual-territory-51,BASIN-R02,21193828.5,0.0,116022.72411422116,21309851.22411422,312016701,290706849.77588576,279254947,ALLOCATION_PROPOSAL_NOT_GRANTED
visual-territory-51-E2,visual-territory-51,BASIN-HL25,18056272.361111112,0.0,98846.60087177884,18155118.96198289,304153964,285998845.0380171,272217798,ALLOCATION_PROPOSAL_NOT_GRANTED
visual-territory-52-E1,visual-territory-52,BASIN-HR06,29243946.333333332,0.0,74111.162786,29318057.49611933,466272812,436954754.5038807,417314167,ALLOCATION_PROPOSAL_NOT_GRANTED
visual-territory-53-E1,visual-territory-53,BASIN-HL22,24468511.166666668,168437220.56481946,77797.57184888763,192983529.303335,510224028,317240498.696665,305133664,ALLOCATION_PROPOSAL_NOT_GRANTED
visual-territory-53-E2,visual-territory-53,BASIN-HL22,25639734.972222224,126177179.4636389,81521.47509511237,151898435.91095623,382211417,230312981.08904377,208305222,ALLOCATION_PROPOSAL_NOT_GRANTED
visual-territory-54-E1,visual-territory-54,BASIN-R03,32278018.861111112,310291790.28065276,44.46980819925946,342569853.6115721,491020109,148450255.38842794,275841701,ALLOCATION_PROPOSAL_NOT_GRANTED
visual-territory-54-E2,visual-territory-54,BASIN-HL04,28676385.111111112,307554713.5909306,39.50779480074054,336231138.2098365,486688832,150457693.79016352,267456507,ALLOCATION_PROPOSAL_NOT_GRANTED
visual-territory-55-E1,visual-territory-55,BASIN-HR16,28599790.916666668,148673194.11169446,60661.135096,177333646.16345713,364345218,187011571.83654284,214604905,ALLOCATION_PROPOSAL_NOT_GRANTED
visual-territory-56-E1,visual-territory-56,BASIN-HL07,30772865.319444444,0.0,22267.23956591717,30795132.55901036,540862202,510067069.4409897,483524016,ALLOCATION_PROPOSAL_NOT_GRANTED
visual-territory-56-E2,visual-territory-56,BASIN-HR08,28250722.680555556,0.0,20442.21762608283,28271164.89818164,689342213,661071048.1018183,571256812,ALLOCATION_PROPOSAL_NOT_GRANTED
visual-territory-57-E1,visual-territory-57,BASIN-HL07,20625708.638888888,0.0,129229.68302231094,20754938.321911197,241137944,220383005.67808878,209689189,ALLOCATION_PROPOSAL_NOT_GRANTED
visual-territory-57-E2,visual-territory-57,BASIN-HL07,19294856.930555556,0.0,120891.27645268907,19415748.207008246,245021253,225605504.79299176,197199879,ALLOCATION_PROPOSAL_NOT_GRANTED
visual-territory-58-E1,visual-territory-58,BASIN-HR08,27823320.055555556,288619855.9762222,4278.7027663705385,316447454.73454416,671567650,355120195.26545584,434441653,ALLOCATION_PROPOSAL_NOT_GRANTED
visual-territory-58-E2,visual-territory-58,BASIN-HL06,27040367.791666668,309371280.64913887,4158.2994496294605,336415806.7402552,719852566,383436759.2597449,439921419,ALLOCATION_PROPOSAL_NOT_GRANTED
visual-territory-59-E1,visual-territory-59,BASIN-HL07,13245939.055555556,0.0,93642.291399,13339581.346954556,134994120,121654538.65304545,116094943,ALLOCATION_PROPOSAL_NOT_GRANTED
visual-territory-60-E1,visual-territory-60,BASIN-HL17,23554947.722222224,295672398.76318055,4147.497553962461,319231493.9829567,599460097,280228603.0170433,508120717,ALLOCATION_PROPOSAL_NOT_GRANTED
visual-territory-60-E2,visual-territory-60,BASIN-HR18,27360081.125,332275988.3975694,4817.49613203754,359640887.01870143,657550454,297909566.98129857,532534619,ALLOCATION_PROPOSAL_NOT_GRANTED
visual-territory-61-E1,visual-territory-61,BASIN-HL14,28141593.097222224,234892757.5342222,231.13596586371924,263034581.76741025,410257707,147223125.23258975,332369823,ALLOCATION_PROPOSAL_NOT_GRANTED
visual-territory-61-E2,visual-territory-61,BASIN-HR30,33328433.847222224,323545300.6229583,273.73715913628075,356874008.20733964,596103347,239229338.79266036,497172841,ALLOCATION_PROPOSAL_NOT_GRANTED
visual-territory-62-E1,visual-territory-62,BASIN-HL30,19278421.5,0.0,157479.98046109008,19435901.48046109,343176503,323740601.51953894,281935780,ALLOCATION_PROPOSAL_NOT_GRANTED
visual-territory-62-E2,visual-territory-62,BASIN-HL30,17669618.416666668,0.0,144338.1224449099,17813956.539111577,314032334,296218377.4608884,251406064,ALLOCATION_PROPOSAL_NOT_GRANTED
visual-territory-63-E1,visual-territory-63,BASIN-R04,24354587.291666668,0.0,228042.7272906699,24582630.01895734,356633142,332050511.9810426,300771450,ALLOCATION_PROPOSAL_NOT_GRANTED
visual-territory-63-E2,visual-territory-63,BASIN-HL29,24184391.291666668,0.0,226449.10718333008,24410840.398849998,258663123,234252282.60115,222589266,ALLOCATION_PROPOSAL_NOT_GRANTED
visual-territory-64-E1,visual-territory-64,BASIN-HR11,31654063.277777776,363199046.10508335,226.9035940372172,394853336.28645515,554189944,159336607.71354482,455497974,ALLOCATION_PROPOSAL_NOT_GRANTED
visual-territory-64-E2,visual-territory-64,BASIN-HL10,27945387.708333332,323996044.6436666,200.31895596278278,351941632.6709559,494371755,142430122.3290441,374485452,ALLOCATION_PROPOSAL_NOT_GRANTED
visual-territory-65-E1,visual-territory-65,BASIN-HL12,24432734.444444444,218390800.28784722,91.45573283876963,242823626.18802452,692519982,449696355.81197554,575539320,ALLOCATION_PROPOSAL_NOT_GRANTED
visual-territory-65-E2,visual-territory-65,BASIN-HR13,28531934.527777776,367875537.7499028,106.79971116123038,396407579.07739174,677783236,281375656.92260826,566051575,ALLOCATION_PROPOSAL_NOT_GRANTED
visual-territory-66-E1,visual-territory-66,BASIN-HL15,21780139.513888888,57701442.161138885,151955.23443946158,79633536.90946724,343572570,263939033.09053275,215161241,ALLOCATION_PROPOSAL_NOT_GRANTED
visual-territory-66-E2,visual-territory-66,BASIN-HL15,30423844.027777776,65377254.41043056,212260.45631353845,96013358.89452188,389276775,293263416.1054781,234516224,ALLOCATION_PROPOSAL_NOT_GRANTED
visual-territory-67-E1,visual-territory-67,BASIN-HL30,18069862.416666668,0.0,124642.52273958272,18194504.93940625,198654264,180459759.06059375,169375666,ALLOCATION_PROPOSAL_NOT_GRANTED
visual-territory-67-E2,visual-territory-67,BASIN-HL29,23509606.25,0.0,162164.85571641725,23671771.10571642,206361018,182689246.8942836,176953075,ALLOCATION_PROPOSAL_NOT_GRANTED
visual-territory-68-E1,visual-territory-68,BASIN-HL29,18228481.375,0.0,167290.97050406117,18395772.34550406,272755685,254359912.65449592,239922912,ALLOCATION_PROPOSAL_NOT_GRANTED
visual-territory-68-E2,visual-territory-68,BASIN-HL29,17510588.875,0.0,160702.54821193885,17671291.42321194,203775714,186104422.57678807,175782275,ALLOCATION_PROPOSAL_NOT_GRANTED
visual-territory-69-E1,visual-territory-69,BASIN-HL30,24106111.972222224,0.0,221348.66412,24327460.636342224,331139958,306812497.3636578,284610825,ALLOCATION_PROPOSAL_NOT_GRANTED
visual-territory-70-E1,visual-territory-70,BASIN-HR05,16132860.791666666,159043818.4058889,2740.258667,175179419.45622253,209285117,34105697.54377746,180343343,ALLOCATION_PROPOSAL_NOT_GRANTED
