id,countryId,commodityId,unit,provinceId,provinceType,initialGeological,historicalConsumed,cumulativeExtracted,remainingGeological,discoveredRemaining,recoverableRemaining,developedRemaining,qualityProxy,depthM,developmentDifficulty,extractionCapacityPerDay,requiredRoad,requiredGrid,visibility,uncertaintyFactor
RES01,visual-territory-38,IRON_ORE,tonne,PROVINCE-0-1,mineral-belt,177683958439.375,69204394.14,69204394.14,177614754045.235,124330327831.664,38390497959.913,4544421881.864,2.476,1117,3.003,170704.2146,True,True,PUBLIC_SCENARIO_CANDIDATE,"[0.25,4]"
RES02,visual-territory-45,COPPER,tonne,PROVINCE-0-1,mineral-belt,592625429.224,210846.188,210846.188,592414583.036,414690208.125,119598516.303,13845566.376,0.518,1139,3.215,485.7682,True,True,PUBLIC_SCENARIO_CANDIDATE,"[0.25,4]"
RES05,visual-territory-46,NATURAL_GAS,MMBtu,PROVINCE-1-1,basin,74313570959.911,118399938.457,118399938.457,74195171021.454,51936619715.018,42402569360.788,7774929292.022,0.88,111,1.136,772039.244,True,True,PUBLIC_SCENARIO_CANDIDATE,"[0.25,4]"
RES07,visual-territory-35,COPPER,tonne,PROVINCE-1-0,mineral-belt,936686603.395,436843.024,436843.024,936249760.371,655374832.26,231297557.64,28686025.212,0.679,867,2.627,1231.6136,True,True,PUBLIC_SCENARIO_CANDIDATE,"[0.25,4]"
RES08,visual-territory-37,IRON_ORE,tonne,PROVINCE-1-0,mineral-belt,25482735265.287,18662549.912,18662549.912,25464072715.375,17824850900.763,8680448508.454,1225507444.196,1.131,411,1.904,72602.6863,True,True,PUBLIC_SCENARIO_CANDIDATE,"[0.25,4]"
RES09,visual-territory-64,COPPER,tonne,PROVINCE-2-1,mineral-belt,824235643.061,321023.512,321023.512,823914619.549,576740233.685,178084825.728,21080543.933,0.526,1117,3.003,791.8582,True,True,PUBLIC_SCENARIO_CANDIDATE,"[0.25,4]"
RES11,visual-territory-58,IRON_ORE,tonne,PROVINCE-2-2,mineral-belt,158868174796.811,54771453.802,54771453.802,158813403343.009,111169382340.106,31303896903.552,3596658799.676,2.531,1146,3.293,123204.8628,True,True,PUBLIC_SCENARIO_CANDIDATE,"[0.25,4]"
RES14,visual-territory-66,COPPER,tonne,PROVINCE-3-1,mineral-belt,887149752.464,1266173.835,1266173.835,885883578.629,620118505.04,471783325.018,83145415.165,0.734,119,1.219,7694.0652,True,True,PUBLIC_SCENARIO_CANDIDATE,"[0.25,4]"
RES15,visual-territory-60,COPPER,tonne,PROVINCE-0-2,mineral-belt,802350247.463,346109.72,346109.72,802004137.743,561402896.42,187062259.541,22727871.592,0.535,1095,2.783,921.28,True,True,PUBLIC_SCENARIO_CANDIDATE,"[0.25,4]"
RES17,visual-territory-62,IRON_ORE,tonne,PROVINCE-1-3,mineral-belt,60172820205.779,45011958.519,45011958.519,60127808247.26,42089465773.082,20800328847.086,2955785276.074,1.232,464,1.876,177700.8144,True,True,PUBLIC_SCENARIO_CANDIDATE,"[0.25,4]"
RES18,visual-territory-67,COPPER,tonne,PROVINCE-1-3,mineral-belt,1848158383.258,1395639.304,1395639.304,1846762743.954,1292733920.768,643054771.436,91646980.985,0.81,184,1.864,5545.9556,True,True,PUBLIC_SCENARIO_CANDIDATE,"[0.25,4]"
RES20,visual-territory-04,IRON_ORE,tonne,PROVINCE-5-1,mineral-belt,97856803853.783,39913301.494,39913301.494,97816890552.289,68471823386.603,21885048175.067,2620973464.75,2.456,1107,2.901,101910.3609,True,True,PUBLIC_SCENARIO_CANDIDATE,"[0.25,4]"
RES21,visual-territory-02,COPPER,tonne,PROVINCE-5-1,mineral-belt,466978641.613,183374.079,183374.079,466795267.534,326756687.274,101516497.459,12041564.52,0.527,1115,2.985,455.1077,True,True,PUBLIC_SCENARIO_CANDIDATE,"[0.25,4]"
RES23,visual-territory-12,NATURAL_GAS,MMBtu,PROVINCE-4-2,basin,85819168870.853,54200590.373,54200590.373,85764968280.48,60035477796.336,26356453399.163,3559172101.137,0.638,209,2.112,190086.7053,True,True,PUBLIC_SCENARIO_CANDIDATE,"[0.25,4]"
RES24,visual-territory-11,CRUDE_OIL,barrel,PROVINCE-4-2,basin,25808161372.652,22123720.304,22123720.304,25786037652.348,18050226356.644,9795598641.779,1452790966.62,0.663,169,1.709,95910.182,True,True,PUBLIC_SCENARIO_CANDIDATE,"[0.25,4]"
RES25,visual-territory-13,LITHIUM,tonne LCE,PROVINCE-4-2,mineral-belt,100347584.681,92969.03,92969.03,100254615.651,70178230.956,40145677.832,6104966.317,1.225,160,1.621,424.8422,True,True,PUBLIC_SCENARIO_CANDIDATE,"[0.25,4]"
RES26,visual-territory-19,URANIUM,tonne U,PROVINCE-3-2,mineral-belt,279807.082,140.057,140.057,279667.025,195766.918,72752.601,9197.072,0.617,390,2.495,0.4158,True,True,PUBLIC_SCENARIO_CANDIDATE,"[0.25,4]"
RES27,visual-territory-20,IRON_ORE,tonne,PROVINCE-3-2,mineral-belt,114491206546.714,24982492.993,24982492.993,114466224053.721,80126356837.605,15767065181.805,1640517039.858,2.804,1289,4.712,39269.4631,True,True,PUBLIC_SCENARIO_CANDIDATE,"[0.25,4]"
RES28,visual-territory-21,COPPER,tonne,PROVINCE-4-3,mineral-belt,1009436068.848,324520.175,324520.175,1009111548.673,706378084.071,188552604.152,21310158.17,0.509,1165,3.474,691.9825,True,True,PUBLIC_SCENARIO_CANDIDATE,"[0.25,4]"
RES32,visual-territory-31,NATURAL_GAS,MMBtu,PROVINCE-5-3,basin,115110026817.981,158125579.034,158125579.034,114951901238.947,80466330867.263,59724215579.211,10383579689.868,0.843,122,1.249,937433.8247,True,True,PUBLIC_SCENARIO_CANDIDATE,"[0.25,4]"
RES33,visual-territory-46,LITHIUM,tonne LCE,PROVINCE-1-1,mineral-belt,80106243.318,54200.875,54200.875,80052042.443,56036429.71,25822830.262,3559190.776,1.519,199,2.012,199.5296,True,True,PUBLIC_SCENARIO_CANDIDATE,"[0.25,4]"
RES34,visual-territory-47,CRUDE_OIL,barrel,PROVINCE-1-1,basin,112926677529.086,128238028.542,128238028.542,112798439500.544,78958907650.381,51746207479.519,8420963874.27,0.746,140,1.415,671315.4223,True,True,PUBLIC_SCENARIO_CANDIDATE,"[0.25,4]"
RES35,visual-territory-56,LITHIUM,tonne LCE,PROVINCE-2-2,mineral-belt,89514688.431,52219.281,52219.281,89462469.15,62623728.405,25985687.351,3429066.108,0.967,229,2.235,173.0994,True,True,PUBLIC_SCENARIO_CANDIDATE,"[0.25,4]"
RES36,visual-territory-20,LITHIUM,tonne LCE,PROVINCE-3-2,mineral-belt,155105750.989,67550.246,67550.246,155038200.743,108526740.52,36418262.971,4435799.51,1.899,284,2.763,181.0823,True,True,PUBLIC_SCENARIO_CANDIDATE,"[0.25,4]"
RES37,visual-territory-23,LITHIUM,tonne LCE,PROVINCE-4-3,mineral-belt,183992064.109,85910.919,85910.919,183906153.19,128734307.233,45473208.067,5641483.665,1.618,261,2.625,242.425,True,True,PUBLIC_SCENARIO_CANDIDATE,"[0.25,4]"
RES38,visual-territory-50,CRUDE_OIL,barrel,PROVINCE-0-2,basin,42667986889.336,49999610.581,49999610.581,42617987278.755,29832591095.129,19960239551.085,3283307761.458,0.756,136,1.386,267220.4082,True,True,PUBLIC_SCENARIO_CANDIDATE,"[0.25,4]"
RES39,visual-territory-53,LITHIUM,tonne LCE,PROVINCE-2-1,mineral-belt,84015683.17,79967.926,79967.926,83935715.244,58755000.671,34228636.053,5251227.165,0.789,166,1.592,372.1443,True,True,PUBLIC_SCENARIO_CANDIDATE,"[0.25,4]"
RES40,visual-territory-54,LITHIUM,tonne LCE,PROVINCE-2-2,mineral-belt,121795130.702,100802.244,100802.244,121694328.458,85186029.92,45132999.696,6619347.367,0.876,173,1.75,426.6348,True,True,PUBLIC_SCENARIO_CANDIDATE,"[0.25,4]"
RES41,visual-territory-66,CRUDE_OIL,barrel,PROVINCE-3-1,basin,40716860517.935,47713222.919,47713222.919,40669147295.016,28468403106.511,19047495533.688,3133168305.021,0.758,136,1.386,255000.9242,True,True,PUBLIC_SCENARIO_CANDIDATE,"[0.25,4]"
RES42,visual-territory-09,URANIUM,tonne U,PROVINCE-3-2,mineral-belt,180168.469,154.734,154.734,180013.735,126009.614,68470.155,10160.869,0.39,168,1.707,0.6716,True,True,PUBLIC_SCENARIO_CANDIDATE,"[0.25,4]"
RES43,visual-territory-14,LITHIUM,tonne LCE,PROVINCE-4-2,mineral-belt,110697557.836,46620.126,46620.126,110650937.71,77455656.397,25353656.491,3061388.304,1.708,285,2.833,121.9065,True,True,PUBLIC_SCENARIO_CANDIDATE,"[0.25,4]"
RES44,visual-territory-64,URANIUM,tonne U,PROVINCE-2-1,mineral-belt,515626.541,308.469,308.469,515318.072,360722.651,152391.759,20256.118,0.846,615,2.195,1.041,True,True,PUBLIC_SCENARIO_CANDIDATE,"[0.25,4]"
RES45,visual-territory-66,LITHIUM,tonne LCE,PROVINCE-3-0,mineral-belt,59940151.057,63456.143,63456.143,59876694.914,41913686.44,26220043.18,4166953.366,0.892,146,1.482,317.0968,True,True,PUBLIC_SCENARIO_CANDIDATE,"[0.25,4]"
RES46,visual-territory-70,LITHIUM,tonne LCE,PROVINCE-4-1,mineral-belt,114441142.91,115247.285,115247.285,114325895.625,80028126.937,48420791.695,7567905.056,0.918,151,1.533,557.0135,True,True,PUBLIC_SCENARIO_CANDIDATE,"[0.25,4]"
RES47,visual-territory-66,NATURAL_GAS,MMBtu,PROVINCE-3-1,basin,85081513144.661,95588518.249,95588518.249,84985924626.412,59490147238.488,38712328375.339,6276979365.024,0.792,140,1.425,496871.0928,True,True,PUBLIC_SCENARIO_CANDIDATE,"[0.25,4]"
RES48,visual-territory-67,CRUDE_OIL,barrel,PROVINCE-1-3,basin,79107616409.209,99935432.899,99935432.899,79007680976.31,55305376683.417,38872454843.861,6562426760.343,0.78,129,1.319,561062.3378,True,True,PUBLIC_SCENARIO_CANDIDATE,"[0.25,4]"
RES49,visual-territory-61,URANIUM,tonne U,PROVINCE-0-2,mineral-belt,797705.955,313.699,313.699,797392.256,558174.579,173601.668,20599.577,1.356,1115,2.981,0.7794,True,True,PUBLIC_SCENARIO_CANDIDATE,"[0.25,4]"
RES50,visual-territory-09,LITHIUM,tonne LCE,PROVINCE-3-2,mineral-belt,127570987.618,53918.181,53918.181,127517069.437,89261948.606,29295662.912,3540627.246,1.934,285,2.825,141.3638,True,True,PUBLIC_SCENARIO_CANDIDATE,"[0.25,4]"
RES51,visual-territory-13,LITHIUM,tonne LCE,PROVINCE-4-2,mineral-belt,144433385.609,72571.141,72571.141,144360814.468,101052570.128,37657907.831,4765504.913,1.763,247,2.488,216.0437,True,True,PUBLIC_SCENARIO_CANDIDATE,"[0.25,4]"
RES52,visual-territory-13,COPPER,tonne,PROVINCE-4-2,mineral-belt,1237611603.902,804556.877,804556.877,1236807047.025,865764932.917,387912125.599,52832568.26,0.839,206,2.069,2879.7742,True,True,PUBLIC_SCENARIO_CANDIDATE,"[0.25,4]"
RES53,visual-territory-24,NATURAL_GAS,MMBtu,PROVINCE-5-3,basin,101518992505.049,161744918.318,161744918.318,101357247586.731,70950073310.712,57925706779.113,10621249636.219,0.881,111,1.136,1054674.7412,True,True,PUBLIC_SCENARIO_CANDIDATE,"[0.25,4]"
RES54,visual-territory-46,COPPER,tonne,PROVINCE-1-1,mineral-belt,768466039.997,582600.036,582600.036,767883439.961,537518407.973,268111819.544,38257402.347,0.809,184,1.859,2321.4394,True,True,PUBLIC_SCENARIO_CANDIDATE,"[0.25,4]"
RES55,visual-territory-33,URANIUM,tonne U,PROVINCE-0-0,mineral-belt,682713.289,270.701,270.701,682442.588,477709.812,149495.857,17776.021,1.275,1035,2.963,0.6767,True,True,PUBLIC_SCENARIO_CANDIDATE,"[0.25,4]"
RES56,visual-territory-34,URANIUM,tonne U,PROVINCE-1-0,mineral-belt,778236.169,337.9,337.9,777898.269,544528.788,182316.118,22188.766,1.334,1094,2.769,0.9038,True,True,PUBLIC_SCENARIO_CANDIDATE,"[0.25,4]"
RES57,visual-territory-04,NATURAL_GAS,MMBtu,PROVINCE-5-1,basin,94607656122.864,121576118.616,121576118.616,94486080004.248,66140256002.973,47009180648.39,7983498455.794,0.742,159,1.305,690206.8722,True,True,PUBLIC_SCENARIO_CANDIDATE,"[0.25,4]"
RES58,visual-territory-20,LITHIUM,tonne LCE,PROVINCE-3-3,mineral-belt,166798154.11,60350.105,60350.105,166737804.005,116716462.804,34093139.356,3962990.204,2.042,337,3.174,140.8234,True,True,PUBLIC_SCENARIO_CANDIDATE,"[0.25,4]"
RES59,visual-territory-29,LITHIUM,tonne LCE,PROVINCE-4-3,mineral-belt,126673953.606,58924.839,58924.839,126615028.767,88630520.137,31220727.882,3869397.746,1.55,657,2.632,165.8158,True,True,PUBLIC_SCENARIO_CANDIDATE,"[0.25,4]"
RES60,visual-territory-11,LITHIUM,tonne LCE,PROVINCE-4-2,mineral-belt,59506222.518,55183.059,55183.059,59451039.459,41615727.622,23821669.579,3623687.51,1.224,161,1.62,252.3326,True,True,PUBLIC_SCENARIO_CANDIDATE,"[0.25,4]"
RES61,visual-territory-21,LITHIUM,tonne LCE,PROVINCE-4-2,mineral-belt,134399761.185,125430.596,125430.596,134274330.589,93992031.412,54034423.57,8236609.132,1.219,163,1.613,576.0171,True,True,PUBLIC_SCENARIO_CANDIDATE,"[0.25,4]"
RES62,visual-territory-46,CRUDE_OIL,barrel,PROVINCE-1-1,basin,28825650307.842,26344088.205,26344088.205,28799306219.637,20159514353.746,11426389836.06,1729928458.812,0.683,161,1.636,119279.5808,True,True,PUBLIC_SCENARIO_CANDIDATE,"[0.25,4]"
RES63,visual-territory-14,COPPER,tonne,PROVINCE-4-2,mineral-belt,1203193559.046,428499.934,428499.934,1202765059.112,841935541.378,243000331.492,28138162.327,1.031,320,3.213,987.9618,True,True,PUBLIC_SCENARIO_CANDIDATE,"[0.25,4]"
RES64,visual-territory-39,LITHIUM,tonne LCE,PROVINCE-0-1,mineral-belt,149014007.617,89655.454,89655.454,148924352.163,104247046.514,44219175.722,5887374.801,1.278,336,2.186,303.8035,True,True,PUBLIC_SCENARIO_CANDIDATE,"[0.25,4]"
RES65,visual-territory-41,LITHIUM,tonne LCE,PROVINCE-1-1,mineral-belt,115176835.953,63705.725,63705.725,115113130.228,80579191.159,32186001.5,4183342.627,1.413,236,2.321,203.2787,True,True,PUBLIC_SCENARIO_CANDIDATE,"[0.25,4]"
RES66,visual-territory-43,NATURAL_GAS,MMBtu,PROVINCE-1-0,basin,80645128935.02,113794265.16,113794265.16,80531334669.86,56371934268.902,42572959649.956,7472490078.842,0.756,153,1.228,686417.3312,True,True,PUBLIC_SCENARIO_CANDIDATE,"[0.25,4]"
RES67,visual-territory-53,COPPER,tonne,PROVINCE-2-2,mineral-belt,2369247230.556,1564778.226,1564778.226,2367682452.33,1657377716.631,750909831.712,102753770.146,1.237,521,2.047,5663.5291,True,True,PUBLIC_SCENARIO_CANDIDATE,"[0.25,4]"
RES68,visual-territory-58,URANIUM,tonne U,PROVINCE-2-2,mineral-belt,1049527.876,633.086,633.086,1048894.79,734226.353,312012.706,41572.663,1.194,957,2.182,2.1492,True,True,PUBLIC_SCENARIO_CANDIDATE,"[0.25,4]"
RES69,visual-territory-60,URANIUM,tonne U,PROVINCE-0-2,mineral-belt,757348.52,393.582,393.582,756954.938,529868.457,202346.16,25845.186,1.299,1059,2.428,1.2007,True,True,PUBLIC_SCENARIO_CANDIDATE,"[0.25,4]"
RES70,visual-territory-07,LITHIUM,tonne LCE,PROVINCE-4-1,mineral-belt,85102270.776,38169.537,38169.537,85064101.239,59544870.867,20420211.368,2506466.257,1.194,570,2.704,104.5683,True,True,PUBLIC_SCENARIO_CANDIDATE,"[0.25,4]"
RES71,visual-territory-16,CRUDE_OIL,barrel,PROVINCE-5-2,basin,49070201656.153,49784957.079,49784957.079,49020416699.074,34314291689.352,20865382961.937,3269212181.545,0.714,150,1.525,241821.2851,True,True,PUBLIC_SCENARIO_CANDIDATE,"[0.25,4]"
RES72,visual-territory-46,LITHIUM,tonne LCE,PROVINCE-1-1,mineral-belt,64579029.559,59959.639,59959.639,64519069.92,45163348.944,25873480.311,3937349.611,1.224,159,1.619,274.3977,True,True,PUBLIC_SCENARIO_CANDIDATE,"[0.25,4]"
RES73,visual-territory-47,NATURAL_GAS,MMBtu,PROVINCE-1-1,basin,250161919451.111,321470933.37,321470933.37,249840448517.741,174888313962.419,124301576235.827,21109924624.629,0.826,128,1.305,1825037.3276,True,True,PUBLIC_SCENARIO_CANDIDATE,"[0.25,4]"
RES74,visual-territory-54,URANIUM,tonne U,PROVINCE-2-2,mineral-belt,510818.682,401.021,401.021,510417.661,357292.362,182558.824,26333.741,0.525,300,1.815,1.6369,True,True,PUBLIC_SCENARIO_CANDIDATE,"[0.25,4]"
RES75,visual-territory-30,LITHIUM,tonne LCE,PROVINCE-4-3,mineral-belt,78228810.039,61404.686,61404.686,78167405.353,54717183.747,27954862.939,4032241.053,1.153,184,1.815,250.6097,True,True,PUBLIC_SCENARIO_CANDIDATE,"[0.25,4]"
RES76,visual-territory-24,LITHIUM,tonne LCE,PROVINCE-4-3,mineral-belt,83834911.463,64970.687,64970.687,83769940.776,58638958.543,29696193.951,4266408.425,1.164,181,1.831,262.8424,True,True,PUBLIC_SCENARIO_CANDIDATE,"[0.25,4]"
RES77,visual-territory-64,IRON_ORE,tonne,PROVINCE-2-1,mineral-belt,65141249098.632,44743037.82,44743037.82,65096506060.812,45567554242.568,21220747916.46,2938126150.187,1.497,603,1.991,166455.3176,True,True,PUBLIC_SCENARIO_CANDIDATE,"[0.25,4]"
RES78,visual-territory-58,URANIUM,tonne U,PROVINCE-2-2,mineral-belt,1166323.146,523.62,523.62,1165799.526,816059.668,280058.488,34384.409,1.327,1087,2.702,1.4355,True,True,PUBLIC_SCENARIO_CANDIDATE,"[0.25,4]"
RES79,visual-territory-66,CRUDE_OIL,barrel,PROVINCE-3-1,basin,45702598541.427,72815567.665,72815567.665,45629782973.762,31940848081.634,26077438879.455,4781555609.984,0.85,111,1.136,474801.5628,True,True,PUBLIC_SCENARIO_CANDIDATE,"[0.25,4]"
RES80,visual-territory-61,IRON_ORE,tonne,PROVINCE-0-2,mineral-belt,107735076783.063,34751282.607,34751282.607,107700325500.456,75390227850.319,20175518387.952,2282000891.206,2.564,1164,3.465,74291.4263,True,True,PUBLIC_SCENARIO_CANDIDATE,"[0.25,4]"
RES81,visual-territory-06,IRON_ORE,tonne,PROVINCE-4-2,mineral-belt,116470103613.966,47909222.826,47909222.826,116422194391.14,81495536073.798,26212648415.312,3146038965.592,2.304,1027,2.883,123100.9722,True,True,PUBLIC_SCENARIO_CANDIDATE,"[0.25,4]"
RES82,visual-territory-04,IRON_ORE,tonne,PROVINCE-5-1,mineral-belt,23390548543.991,31431727.886,31431727.886,23359116816.105,16351381771.273,11964465673.378,2064016797.87,0.587,126,1.267,183701.8233,True,True,PUBLIC_SCENARIO_CANDIDATE,"[0.25,4]"
RES83,visual-territory-69,IRON_ORE,tonne,PROVINCE-0-3,mineral-belt,67482443358.202,58566869.702,58566869.702,67423876488.5,47196713541.95,25829193057.323,3845891110.435,0.666,167,1.694,256040.4376,True,True,PUBLIC_SCENARIO_CANDIDATE,"[0.25,4]"
RES84,visual-territory-28,IRON_ORE,tonne,PROVINCE-4-3,mineral-belt,50149548159.557,20939733.269,20939733.269,50128608426.288,35090025898.402,11412955834.079,1375042484.671,0.934,308,2.851,54406.5537,True,True,PUBLIC_SCENARIO_CANDIDATE,"[0.25,4]"
RES85,visual-territory-36,COPPER,tonne,PROVINCE-1-0,mineral-belt,1335195282.28,967963.997,967963.997,1334227318.283,933959122.798,451627594.282,63562969.114,1.146,557,1.918,3739.1904,True,True,PUBLIC_SCENARIO_CANDIDATE,"[0.25,4]"
RES86,visual-territory-54,COPPER,tonne,PROVINCE-2-2,mineral-belt,2091149330.508,1378852.944,1378852.944,2089770477.564,1462839334.295,662009504.622,90544676.646,0.836,203,2.049,4984.8676,True,True,PUBLIC_SCENARIO_CANDIDATE,"[0.25,4]"
RES87,visual-territory-08,COPPER,tonne,PROVINCE-5-1,mineral-belt,985416092.266,746922.288,746922.288,984669169.978,689268418.984,343754769.949,49047896.921,0.825,195,1.859,2975.7744,True,True,PUBLIC_SCENARIO_CANDIDATE,"[0.25,4]"
RES91,visual-territory-15,NATURAL_GAS,MMBtu,PROVINCE-4-2,basin,93389987350.309,62602001.471,62602001.471,93327385348.838,65329169744.187,29908825933.907,4110864763.263,0.654,200,2.025,228953.9873,True,True,PUBLIC_SCENARIO_CANDIDATE,"[0.25,4]"
RES92,visual-territory-46,NATURAL_GAS,MMBtu,PROVINCE-1-1,basin,66638143507.459,74275304.661,74275304.661,66563868202.798,46594707741.959,30161923086.808,4877411672.721,0.79,141,1.433,384062.2426,True,True,PUBLIC_SCENARIO_CANDIDATE,"[0.25,4]"
RES93,visual-territory-13,CRUDE_OIL,barrel,PROVINCE-4-2,basin,32972012808.722,16073584.447,16073584.447,32955939224.275,23069157456.993,8409734160.463,1055498712.009,0.503,253,2.544,46809.2515,True,True,PUBLIC_SCENARIO_CANDIDATE,"[0.25,4]"
RES94,visual-territory-21,CRUDE_OIL,barrel,PROVINCE-3-3,basin,33837846523.026,12670415.51,12670415.51,33825176107.516,23677623275.261,7097887662.663,832023951.847,0.384,361,3.093,30342.0349,True,True,PUBLIC_SCENARIO_CANDIDATE,"[0.25,4]"
RES095,visual-territory-01,IRON_ORE,tonne,PROVINCE-5-1,mineral-belt,39290492306.337,15185613.738,15185613.738,39275306692.599,27492714684.819,8440291474.203,997188635.483,2.479,1119,3.02,37242.2465,True,True,PUBLIC_SCENARIO_CANDIDATE,"[0.25,4]"
RES096,visual-territory-01,NATURAL_GAS,MMBtu,PROVINCE-5-1,basin,43152637294.69,67907329.0,67907329.0,43084729965.69,30159310975.983,24429223012.963,4459247937.689,0.851,120,1.145,439316.3772,True,True,PUBLIC_SCENARIO_CANDIDATE,"[0.25,4]"
RES097,visual-territory-01,CRUDE_OIL,barrel,PROVINCE-5-1,basin,20417057809.114,32041649.591,32041649.591,20385016159.523,14269511311.666,11538217788.879,2104068323.112,0.805,122,1.147,206927.2472,True,True,PUBLIC_SCENARIO_CANDIDATE,"[0.25,4]"
RES098,visual-territory-01,COPPER,tonne,PROVINCE-5-1,mineral-belt,626418910.137,587879.895,587879.895,625831030.242,438081721.17,252794020.208,38604113.074,1.098,352,1.607,2709.8934,True,True,PUBLIC_SCENARIO_CANDIDATE,"[0.25,4]"
RES099,visual-territory-02,NATURAL_GAS,MMBtu,PROVINCE-5-1,basin,58238592502.788,86858647.495,86858647.495,58151733855.293,40706213698.705,31858360868.802,5703717852.168,0.739,160,1.185,542951.383,True,True,PUBLIC_SCENARIO_CANDIDATE,"[0.25,4]"
RES100,visual-territory-02,CRUDE_OIL,barrel,PROVINCE-5-1,basin,27781714409.801,41818999.374,41818999.374,27739895410.427,19417926787.299,15287649902.468,2746114292.248,0.705,153,1.178,262962.959,True,True,PUBLIC_SCENARIO_CANDIDATE,"[0.25,4]"
RES101,visual-territory-02,LITHIUM,tonne LCE,PROVINCE-5-1,mineral-belt,35173057.696,54824.324,54824.324,35118233.372,24582763.36,19791084.966,3600130.637,0.714,127,1.152,352.5227,True,True,PUBLIC_SCENARIO_CANDIDATE,"[0.25,4]"
RES102,visual-territory-03,URANIUM,tonne U,PROVINCE-4-1,mineral-belt,534647.699,186.853,186.853,534460.846,374122.592,106445.844,12270.04,1.132,895,3.259,0.4247,True,True,PUBLIC_SCENARIO_CANDIDATE,"[0.25,4]"
RES103,visual-territory-03,NATURAL_GAS,MMBtu,PROVINCE-4-1,basin,94982442828.817,151330574.486,151330574.486,94831112254.331,66381778578.032,54196017875.102,9937374391.226,0.88,111,1.136,986766.9176,True,True,PUBLIC_SCENARIO_CANDIDATE,"[0.25,4]"
RES104,visual-territory-03,COPPER,tonne,PROVINCE-4-1,mineral-belt,1029982582.594,1437010.302,1437010.302,1028545572.292,719981900.605,539782616.769,94363676.475,0.848,212,1.237,8605.1097,True,True,PUBLIC_SCENARIO_CANDIDATE,"[0.25,4]"
RES105,visual-territory-03,CRUDE_OIL,barrel,PROVINCE-4-1,basin,38194291968.197,57568976.963,57568976.963,38136722991.234,26695706093.864,21035285550.928,3780362820.567,0.708,152,1.177,362308.2977,True,True,PUBLIC_SCENARIO_CANDIDATE,"[0.25,4]"
RES106,visual-territory-04,CRUDE_OIL,barrel,PROVINCE-4-1,basin,54156704527.674,86285053.999,86285053.999,54070419473.675,37849293631.573,30901265952.153,5666051879.256,0.85,111,1.136,562630.7642,True,True,PUBLIC_SCENARIO_CANDIDATE,"[0.25,4]"
RES107,visual-territory-05,LITHIUM,tonne LCE,PROVINCE-5-1,mineral-belt,78941082.694,27667.699,27667.699,78913414.995,55239390.497,15750838.99,1816845.555,1.418,727,3.252,63.0215,True,True,PUBLIC_SCENARIO_CANDIDATE,"[0.25,4]"
RES108,visual-territory-05,NATURAL_GAS,MMBtu,PROVINCE-5-1,basin,78258038933.743,124512445.736,124512445.736,78133526488.007,54693468541.605,44614032239.342,8176317269.976,0.878,112,1.137,811182.4212,True,True,PUBLIC_SCENARIO_CANDIDATE,"[0.25,4]"
RES109,visual-territory-05,CRUDE_OIL,barrel,PROVINCE-5-1,basin,37820862348.863,60258008.284,60258008.284,37760604340.579,26432423038.405,21580200201.893,3956942543.972,0.849,111,1.136,392918.6769,True,True,PUBLIC_SCENARIO_CANDIDATE,"[0.25,4]"
RES110,visual-territory-05,COPPER,tonne,PROVINCE-5-1,mineral-belt,1179051644.719,812066.12,812066.12,1178239578.599,824767705.02,384829477.333,53325675.183,1.176,545,1.987,3026.8803,True,True,PUBLIC_SCENARIO_CANDIDATE,"[0.25,4]"
RES111,visual-territory-06,NATURAL_GAS,MMBtu,PROVINCE-4-2,basin,140632456496.251,223137266.028,223137266.028,140409319230.223,98286523461.156,80032434922.35,14652680469.187,0.869,114,1.139,1451157.7149,True,True,PUBLIC_SCENARIO_CANDIDATE,"[0.25,4]"
RES112,visual-territory-06,CRUDE_OIL,barrel,PROVINCE-4-1,basin,66422783911.956,104813296.153,104813296.153,66317970615.803,46422579431.062,37668423399.185,6882739780.717,0.821,118,1.143,679260.5305,True,True,PUBLIC_SCENARIO_CANDIDATE,"[0.25,4]"
RES113,visual-territory-06,LITHIUM,tonne LCE,PROVINCE-4-2,mineral-belt,116645386.924,55334.523,55334.523,116590052.401,81613036.681,29164898.919,3633633.648,1.154,262,2.595,157.9666,True,True,PUBLIC_SCENARIO_CANDIDATE,"[0.25,4]"
RES114,visual-territory-07,NATURAL_GAS,MMBtu,PROVINCE-5-2,basin,100375746011.763,159923443.281,159923443.281,100215822568.482,70151075797.938,57273381933.168,10501639442.094,0.88,111,1.136,1042797.6218,True,True,PUBLIC_SCENARIO_CANDIDATE,"[0.25,4]"
RES115,visual-territory-07,CRUDE_OIL,barrel,PROVINCE-4-2,basin,47726382340.01,75726007.624,75726007.624,47650656332.386,33355459432.67,27160576469.116,4972674500.62,0.837,114,1.139,492478.8321,True,True,PUBLIC_SCENARIO_CANDIDATE,"[0.25,4]"
RES116,visual-territory-08,NATURAL_GAS,MMBtu,PROVINCE-5-2,basin,93529275725.907,149015319.098,149015319.098,93380260406.809,65366182284.766,53366855474.775,9785339287.427,0.881,111,1.136,971670.0515,True,True,PUBLIC_SCENARIO_CANDIDATE,"[0.25,4]"
RES117,visual-territory-08,IRON_ORE,tonne,PROVINCE-4-1,mineral-belt,66969906521.386,25252257.857,25252257.857,66944654263.529,46861257984.471,14121786818.809,1658231599.248,2.018,877,3.077,60790.9528,True,True,PUBLIC_SCENARIO_CANDIDATE,"[0.25,4]"
RES118,visual-territory-08,LITHIUM,tonne LCE,PROVINCE-5-1,mineral-belt,55214092.245,49081.904,49081.904,55165010.341,38615507.239,21480108.233,3223045.038,0.832,167,1.667,218.0982,True,True,PUBLIC_SCENARIO_CANDIDATE,"[0.25,4]"
RES119,visual-territory-09,COPPER,tonne,PROVINCE-3-2,mineral-belt,1061186892.192,1424997.355,1424997.355,1059761894.837,741833326.386,542558819.62,93574826.329,0.894,243,1.268,8324.5552,True,True,PUBLIC_SCENARIO_CANDIDATE,"[0.25,4]"
RES120,visual-territory-09,IRON_ORE,tonne,PROVINCE-3-2,mineral-belt,34649412069.269,18256954.568,18256954.568,34631155114.701,24241808580.291,9350297412.692,1198873349.973,1.051,369,2.404,56254.5845,True,True,PUBLIC_SCENARIO_CANDIDATE,"[0.25,4]"
RES121,visual-territory-10,LITHIUM,tonne LCE,PROVINCE-3-2,mineral-belt,72881598.937,37360.62,37360.62,72844238.317,50990966.822,19280402.499,2453347.396,1.083,244,2.452,112.8511,True,True,PUBLIC_SCENARIO_CANDIDATE,"[0.25,4]"
RES122,visual-territory-10,NATURAL_GAS,MMBtu,PROVINCE-4-1,basin,94852062967.431,151122847.05,151122847.05,94700940120.381,66290658084.267,54121624449.456,9923733622.921,0.881,111,1.136,985412.409,True,True,PUBLIC_SCENARIO_CANDIDATE,"[0.25,4]"
RES123,visual-territory-10,CRUDE_OIL,barrel,PROVINCE-3-2,basin,45789433833.768,72953917.809,72953917.809,45716479915.959,32001535941.171,26126986215.949,4790640602.796,0.85,111,1.136,475703.6894,True,True,PUBLIC_SCENARIO_CANDIDATE,"[0.25,4]"
RES124,visual-territory-10,COPPER,tonne,PROVINCE-4-2,mineral-belt,882605601.552,1342943.712,1342943.712,881262657.84,616883860.488,489034701.935,88186637.114,0.728,114,1.17,8503.0488,True,True,PUBLIC_SCENARIO_CANDIDATE,"[0.25,4]"
RES125,visual-territory-11,COPPER,tonne,PROVINCE-4-2,mineral-belt,647342989.583,861929.351,861929.351,646481060.232,452536742.163,329156065.339,56600027.372,0.74,125,1.275,5007.5779,True,True,PUBLIC_SCENARIO_CANDIDATE,"[0.25,4]"
RES126,visual-territory-11,NATURAL_GAS,MMBtu,PROVINCE-3-2,basin,42143795258.302,19189171.818,19189171.818,42124606086.484,29487224260.539,10225160190.593,1260088949.367,0.542,272,2.674,53156.9242,True,True,PUBLIC_SCENARIO_CANDIDATE,"[0.25,4]"
RES127,visual-territory-12,CRUDE_OIL,barrel,PROVINCE-4-2,basin,57203996277.23,91140145.08,91140145.08,57112856132.15,39978999292.505,32640019696.645,5984869526.947,0.85,111,1.136,594288.8959,True,True,PUBLIC_SCENARIO_CANDIDATE,"[0.25,4]"
RES128,visual-territory-12,COPPER,tonne,PROVINCE-4-2,mineral-belt,1102257918.345,1748919.307,1748919.307,1100508999.038,770356299.327,627283255.341,114845701.16,0.728,114,1.139,11373.9753,True,True,PUBLIC_SCENARIO_CANDIDATE,"[0.25,4]"
RES129,visual-territory-12,LITHIUM,tonne LCE,PROVINCE-4-2,mineral-belt,83900498.449,47081.565,47081.565,83853416.884,58697391.818,23689925.997,3091689.467,0.998,238,2.297,151.7977,True,True,PUBLIC_SCENARIO_CANDIDATE,"[0.25,4]"
RES130,visual-territory-14,NATURAL_GAS,MMBtu,PROVINCE-4-2,basin,91295766736.289,145456785.663,145456785.663,91150309950.626,63805216965.438,52092437913.798,9551662258.547,0.88,111,1.136,948466.2602,True,True,PUBLIC_SCENARIO_CANDIDATE,"[0.25,4]"
RES131,visual-territory-14,URANIUM,tonne U,PROVINCE-4-2,mineral-belt,205691.513,133.807,133.807,205557.706,143890.394,64501.357,8786.643,0.453,230,2.069,0.4792,True,True,PUBLIC_SCENARIO_CANDIDATE,"[0.25,4]"
RES132,visual-territory-15,CRUDE_OIL,barrel,PROVINCE-4-2,basin,60721401358.723,96744243.226,96744243.226,60624657115.497,42437259980.848,34647015337.03,6352871971.813,0.85,111,1.136,630831.0069,True,True,PUBLIC_SCENARIO_CANDIDATE,"[0.25,4]"
RES133,visual-territory-15,COPPER,tonne,PROVINCE-4-2,mineral-belt,1164709159.9,1855670.385,1855670.385,1162853489.515,813997442.66,664571225.684,121855688.632,0.725,111,1.136,12100.0938,True,True,PUBLIC_SCENARIO_CANDIDATE,"[0.25,4]"
RES134,visual-territory-15,LITHIUM,tonne LCE,PROVINCE-4-2,mineral-belt,177917163.217,71430.117,71430.117,177845733.1,124492013.17,39323652.651,4690577.679,1.993,292,2.936,180.243,True,True,PUBLIC_SCENARIO_CANDIDATE,"[0.25,4]"
RES135,visual-territory-16,NATURAL_GAS,MMBtu,PROVINCE-5-2,basin,121013234892.875,192804078.431,192804078.431,120820430814.444,84574301570.111,69048923633.162,12660801150.285,0.881,111,1.136,1257199.2595,True,True,PUBLIC_SCENARIO_CANDIDATE,"[0.25,4]"
RES136,visual-territory-16,COPPER,tonne,PROVINCE-5-2,mineral-belt,1120391254.12,1785060.976,1785060.976,1118606193.144,783024335.201,639283878.441,117219004.115,0.725,111,1.136,11639.6777,True,True,PUBLIC_SCENARIO_CANDIDATE,"[0.25,4]"
RES137,visual-territory-16,LITHIUM,tonne LCE,PROVINCE-5-3,mineral-belt,61337753.339,97726.245,97726.245,61240027.094,42868018.966,34998699.521,6417356.736,0.714,111,1.136,637.2343,True,True,PUBLIC_SCENARIO_CANDIDATE,"[0.25,4]"
RES138,visual-territory-17,COPPER,tonne,PROVINCE-3-2,mineral-belt,918733520.68,986907.431,986907.431,917746613.249,642422629.274,405797117.371,64806921.302,0.809,183,1.468,4979.7051,True,True,PUBLIC_SCENARIO_CANDIDATE,"[0.25,4]"
RES140,visual-territory-17,NATURAL_GAS,MMBtu,PROVINCE-3-2,basin,87147817626.788,137894908.486,137894908.486,87009922718.302,60906945902.811,49508101110.28,9055098990.589,0.863,116,1.141,895218.025,True,True,PUBLIC_SCENARIO_CANDIDATE,"[0.25,4]"
RES141,visual-territory-17,IRON_ORE,tonne,PROVINCE-3-2,mineral-belt,18659184335.446,24881334.935,24881334.935,18634303000.511,13044012100.358,9496801277.058,1633874327.368,0.592,128,1.274,144693.0256,True,True,PUBLIC_SCENARIO_CANDIDATE,"[0.25,4]"
RES142,visual-territory-18,LITHIUM,tonne LCE,PROVINCE-3-3,mineral-belt,52686252.257,54708.704,54708.704,52631543.553,36842080.487,22752381.728,3592538.21,0.902,148,1.502,269.8869,True,True,PUBLIC_SCENARIO_CANDIDATE,"[0.25,4]"
RES144,visual-territory-18,CRUDE_OIL,barrel,PROVINCE-3-3,basin,38944284539.238,61706733.397,61706733.397,38882577805.841,27217804464.088,22143367784.589,4052075493.093,0.833,115,1.14,400953.4334,True,True,PUBLIC_SCENARIO_CANDIDATE,"[0.25,4]"
RES145,visual-territory-18,IRON_ORE,tonne,PROVINCE-3-3,mineral-belt,25480913756.51,11272696.627,11272696.627,25469641059.883,17828748741.918,6052550837.768,740240411.845,0.873,276,2.731,30571.1834,True,True,PUBLIC_SCENARIO_CANDIDATE,"[0.25,4]"
RES146,visual-territory-19,NATURAL_GAS,MMBtu,PROVINCE-3-2,basin,84088657438.033,130007940.666,130007940.666,83958649497.367,58771054648.157,47070015664.448,8537188103.714,0.811,133,1.158,831625.0282,True,True,PUBLIC_SCENARIO_CANDIDATE,"[0.25,4]"
RES148,visual-territory-19,LITHIUM,tonne LCE,PROVINCE-3-2,mineral-belt,102849396.05,47767.656,47767.656,102801628.394,71961139.876,25319763.764,3136742.766,1.587,433,2.635,134.2651,True,True,PUBLIC_SCENARIO_CANDIDATE,"[0.25,4]"
RES149,visual-territory-20,COPPER,tonne,PROVINCE-3-3,mineral-belt,1801471413.874,533730.318,533730.318,1800937683.556,1260656378.489,315940977.525,35048290.888,1.225,525,3.7,1068.5292,True,True,PUBLIC_SCENARIO_CANDIDATE,"[0.25,4]"
RES150,visual-territory-21,IRON_ORE,tonne,PROVINCE-3-2,mineral-belt,51718108910.666,23762484.104,23762484.104,51694346426.562,36186042498.593,12631766687.306,1560403122.851,0.938,310,2.656,66264.723,True,True,PUBLIC_SCENARIO_CANDIDATE,"[0.25,4]"
RES151,visual-territory-22,URANIUM,tonne U,PROVINCE-4-3,mineral-belt,510810.011,241.316,241.316,510568.695,357398.087,127330.881,15846.4,1.15,913,2.603,0.6868,True,True,PUBLIC_SCENARIO_CANDIDATE,"[0.25,4]"
RES153,visual-territory-22,NATURAL_GAS,MMBtu,PROVINCE-4-2,basin,78976156127.777,85259944.592,85259944.592,78890896183.185,55223627328.229,34998508400.533,5598736361.541,0.778,145,1.463,431626.5624,True,True,PUBLIC_SCENARIO_CANDIDATE,"[0.25,4]"
RES154,visual-territory-22,IRON_ORE,tonne,PROVINCE-4-3,mineral-belt,79224900584.389,29413315.827,29413315.827,79195487268.562,55436841087.994,16511809653.013,1931474405.949,2.497,1128,3.113,69984.6466,True,True,PUBLIC_SCENARIO_CANDIDATE,"[0.25,4]"
RES155,visual-territory-23,NATURAL_GAS,MMBtu,PROVINCE-4-2,basin,141120731010.271,214410237.567,214410237.567,140906320772.704,98634424540.892,78119044208.783,14079605600.26,0.776,146,1.171,1356297.1665,True,True,PUBLIC_SCENARIO_CANDIDATE,"[0.25,4]"
RES156,visual-territory-23,IRON_ORE,tonne,PROVINCE-4-3,mineral-belt,31802395198.169,50669098.33,50669098.33,31751726099.839,22226208269.887,18146123928.791,3327270790.366,0.559,111,1.136,330393.1816,True,True,PUBLIC_SCENARIO_CANDIDATE,"[0.25,4]"
RES157,visual-territory-24,CRUDE_OIL,barrel,PROVINCE-4-2,basin,43740393581.726,51469432.647,51469432.647,43688924149.079,30582246904.356,20517778664.353,3379826077.123,0.759,136,1.382,275827.7684,True,True,PUBLIC_SCENARIO_CANDIDATE,"[0.25,4]"
RES159,visual-territory-25,LITHIUM,tonne LCE,PROVINCE-3-3,mineral-belt,80339129.089,65817.159,65817.159,80273311.93,56191318.351,29563972.681,4321993.415,1.252,174,1.762,276.6263,True,True,PUBLIC_SCENARIO_CANDIDATE,"[0.25,4]"
RES161,visual-territory-25,CRUDE_OIL,barrel,PROVINCE-3-3,basin,43646758663.578,69540105.163,69540105.163,43577218558.415,30504052990.89,24904397510.44,4566466905.733,0.85,111,1.136,453443.5652,True,True,PUBLIC_SCENARIO_CANDIDATE,"[0.25,4]"
RES162,visual-territory-25,IRON_ORE,tonne,PROVINCE-3-3,mineral-belt,17929733550.014,28566509.743,28566509.743,17901167040.271,12530816928.19,10230523989.825,1875867473.134,0.559,111,1.136,186270.9295,True,True,PUBLIC_SCENARIO_CANDIDATE,"[0.25,4]"
RES163,visual-territory-26,LITHIUM,tonne LCE,PROVINCE-3-3,mineral-belt,130435754.389,61610.074,61610.074,130374144.315,91261901.021,32510146.541,4045728.165,1.606,259,2.603,175.3271,True,True,PUBLIC_SCENARIO_CANDIDATE,"[0.25,4]"
RES165,visual-territory-26,CRUDE_OIL,barrel,PROVINCE-3-3,basin,55234785656.147,88002704.458,88002704.458,55146782951.689,38602748066.182,31516408102.317,5778844259.391,0.85,111,1.136,573830.8846,True,True,PUBLIC_SCENARIO_CANDIDATE,"[0.25,4]"
RES166,visual-territory-26,IRON_ORE,tonne,PROVINCE-3-3,mineral-belt,22680579777.015,36135785.363,36135785.363,22644443991.652,15851110794.156,12941308629.302,2372916572.176,0.559,111,1.136,235627.1868,True,True,PUBLIC_SCENARIO_CANDIDATE,"[0.25,4]"
RES167,visual-territory-27,LITHIUM,tonne LCE,PROVINCE-3-3,mineral-belt,211012697.451,62772.887,62772.887,210949924.564,147664947.195,37124372.618,4122086.244,2.068,536,3.688,126.0693,True,True,PUBLIC_SCENARIO_CANDIDATE,"[0.25,4]"
RES169,visual-territory-27,NATURAL_GAS,MMBtu,PROVINCE-3-3,basin,143756352053.476,229039501.347,229039501.347,143527312552.129,100469118786.49,82025915458.829,15040260588.443,0.881,111,1.136,1493476.1434,True,True,PUBLIC_SCENARIO_CANDIDATE,"[0.25,4]"
RES170,visual-territory-27,IRON_ORE,tonne,PROVINCE-3-3,mineral-belt,28497402016.771,45403424.992,45403424.992,28451998591.779,19916399014.245,16260328362.773,2981491574.483,0.559,111,1.136,296057.8051,True,True,PUBLIC_SCENARIO_CANDIDATE,"[0.25,4]"
RES171,visual-territory-28,CRUDE_OIL,barrel,PROVINCE-3-3,basin,73033293257.094,116360138.737,116360138.737,72916933118.357,51041853182.85,41672055897.452,7640982443.755,0.85,111,1.136,758738.5155,True,True,PUBLIC_SCENARIO_CANDIDATE,"[0.25,4]"
RES172,visual-territory-28,NATURAL_GAS,MMBtu,PROVINCE-4-3,basin,151276282530.223,241020614.543,241020614.543,151035261915.68,105724683340.976,86316711467.011,15827020354.963,0.881,111,1.136,1571600.2513,True,True,PUBLIC_SCENARIO_CANDIDATE,"[0.25,4]"
RES173,visual-territory-29,CRUDE_OIL,barrel,PROVINCE-4-3,basin,55606300095.509,88594619.046,88594619.046,55517705476.463,38862393833.524,31728390470.814,5817713317.353,0.85,111,1.136,577690.5259,True,True,PUBLIC_SCENARIO_CANDIDATE,"[0.25,4]"
RES174,visual-territory-29,NATURAL_GAS,MMBtu,PROVINCE-4-3,basin,115134082943.259,183437132.124,183437132.124,114950645811.135,80465452067.794,65694339199.846,12045705009.501,0.88,111,1.136,1196121.1015,True,True,PUBLIC_SCENARIO_CANDIDATE,"[0.25,4]"
RES175,visual-territory-30,NATURAL_GAS,MMBtu,PROVINCE-4-3,basin,95614649396.633,152337836.252,152337836.252,95462311560.381,66823618092.267,54556748526.258,10003517913.859,0.881,111,1.136,993334.8738,True,True,PUBLIC_SCENARIO_CANDIDATE,"[0.25,4]"
RES177,visual-territory-30,CRUDE_OIL,barrel,PROVINCE-4-3,basin,45058350016.308,71296301.172,71296301.172,44987053715.136,31490937600.595,25597351823.806,4681790443.653,0.83,116,1.141,462857.7997,True,True,PUBLIC_SCENARIO_CANDIDATE,"[0.25,4]"
RES178,visual-territory-31,LITHIUM,tonne LCE,PROVINCE-5-3,mineral-belt,84657890.391,115131.121,115131.121,84542759.27,59179931.489,43639921.837,7560276.915,0.992,123,1.258,678.1197,True,True,PUBLIC_SCENARIO_CANDIDATE,"[0.25,4]"
RES179,visual-territory-31,CRUDE_OIL,barrel,PROVINCE-5-3,basin,57711144963.8,90525441.066,90525441.066,57620619522.734,40334433665.914,32604005145.444,5944503963.317,0.846,112,1.147,584438.6651,True,True,PUBLIC_SCENARIO_CANDIDATE,"[0.25,4]"
RES180,visual-territory-32,LITHIUM,tonne LCE,PROVINCE-5-3,mineral-belt,98050789.261,84922.394,84922.394,97965866.867,68576106.807,37477104.873,5576570.51,1.218,167,1.697,370.7431,True,True,PUBLIC_SCENARIO_CANDIDATE,"[0.25,4]"
RES182,visual-territory-32,NATURAL_GAS,MMBtu,PROVINCE-5-3,basin,113435099132.791,180730229.791,180730229.791,113254368903.0,79278058232.1,64724916281.048,11867951756.305,0.881,111,1.136,1178470.4603,True,True,PUBLIC_SCENARIO_CANDIDATE,"[0.25,4]"
RES183,visual-territory-32,IRON_ORE,tonne,PROVINCE-5-3,mineral-belt,22485018092.339,35824207.126,35824207.126,22449193885.213,15714435719.649,12829723116.836,2352456267.942,0.559,111,1.136,233595.5081,True,True,PUBLIC_SCENARIO_CANDIDATE,"[0.25,4]"
RES184,visual-territory-33,NATURAL_GAS,MMBtu,PROVINCE-0-0,basin,107021051666.04,170041169.837,170041169.837,106851010496.203,74795707347.342,60957976038.358,11166036819.282,0.874,113,1.138,1106822.6898,True,True,PUBLIC_SCENARIO_CANDIDATE,"[0.25,4]"
RES186,visual-territory-33,COPPER,tonne,PROVINCE-0-0,mineral-belt,1141169490.105,1620464.353,1620464.353,1139549025.752,797684318.026,604888258.924,106410492.538,0.829,198,1.223,9814.7503,True,True,PUBLIC_SCENARIO_CANDIDATE,"[0.25,4]"
RES187,visual-territory-34,LITHIUM,tonne LCE,PROVINCE-1-1,mineral-belt,131502579.162,63283.291,63283.291,131439295.871,92007507.11,33225906.217,4155602.773,1.578,273,2.568,182.5622,True,True,PUBLIC_SCENARIO_CANDIDATE,"[0.25,4]"
RES189,visual-territory-34,COPPER,tonne,PROVINCE-1-1,mineral-belt,1403857456.355,664255.277,664255.277,1403193201.078,982235240.754,350347584.753,43619429.882,0.936,269,2.6,1892.7212,True,True,PUBLIC_SCENARIO_CANDIDATE,"[0.25,4]"
RES190,visual-territory-35,LITHIUM,tonne LCE,PROVINCE-1-0,mineral-belt,71267214.034,111996.639,111996.639,71155217.395,49808652.177,40310070.658,7354445.949,0.93,121,1.146,723.9134,True,True,PUBLIC_SCENARIO_CANDIDATE,"[0.25,4]"
RES192,visual-territory-35,URANIUM,tonne U,PROVINCE-1-0,mineral-belt,292754.377,145.615,145.615,292608.762,204826.133,75770.391,9562.053,0.546,321,2.507,0.4303,True,True,PUBLIC_SCENARIO_CANDIDATE,"[0.25,4]"
RES193,visual-territory-36,LITHIUM,tonne LCE,PROVINCE-1-0,mineral-belt,60170993.682,93029.277,93029.277,60077964.405,42054575.084,33681708.11,6108922.5,0.93,133,1.158,595.0827,True,True,PUBLIC_SCENARIO_CANDIDATE,"[0.25,4]"
RES195,visual-territory-36,NATURAL_GAS,MMBtu,PROVINCE-1-0,basin,76398685099.56,113793411.312,113793411.312,76284891688.248,53399424181.773,41757324054.72,7472434009.515,0.738,161,1.186,710720.2006,True,True,PUBLIC_SCENARIO_CANDIDATE,"[0.25,4]"
RES196,visual-territory-37,CRUDE_OIL,barrel,PROVINCE-2-0,basin,30589071180.515,48735972.427,48735972.427,30540335208.088,21378234645.662,17453813558.678,3200328856.023,0.848,111,1.136,317788.031,True,True,PUBLIC_SCENARIO_CANDIDATE,"[0.25,4]"
RES198,visual-territory-37,NATURAL_GAS,MMBtu,PROVINCE-2-0,basin,62787705128.993,99623353.042,99623353.042,62688081775.951,43881657243.166,35731815043.662,6541933516.416,0.871,114,1.139,647893.5586,True,True,PUBLIC_SCENARIO_CANDIDATE,"[0.25,4]"
RES199,visual-territory-38,CRUDE_OIL,barrel,PROVINCE-0-1,basin,97648646383.415,155578497.613,155578497.613,97493067885.802,68245147520.061,55717326563.32,10216321343.275,0.85,111,1.136,1014465.9469,True,True,PUBLIC_SCENARIO_CANDIDATE,"[0.25,4]"
RES201,visual-territory-38,NATURAL_GAS,MMBtu,PROVINCE-0-1,basin,201976023081.447,321797868.058,321797868.058,201654225213.389,141157957649.372,115245468859.883,21131393335.805,0.879,111,1.136,2098316.8235,True,True,PUBLIC_SCENARIO_CANDIDATE,"[0.25,4]"
RES203,visual-territory-39,URANIUM,tonne U,PROVINCE-0-0,mineral-belt,1134260.268,388.722,388.722,1133871.546,793710.082,222485.151,25526.066,1.39,1148,3.308,0.8704,True,True,PUBLIC_SCENARIO_CANDIDATE,"[0.25,4]"
RES204,visual-territory-39,IRON_ORE,tonne,PROVINCE-0-0,mineral-belt,59691155434.89,70410739.114,70410739.114,59620744695.776,41734521287.043,28044988559.928,4623638535.161,1.024,355,1.38,377942.7757,True,True,PUBLIC_SCENARIO_CANDIDATE,"[0.25,4]"
RES205,visual-territory-40,CRUDE_OIL,barrel,PROVINCE-1-1,basin,44173822487.397,57445214.465,57445214.465,44116377272.932,30881464091.052,22119793953.151,3772235749.888,0.787,127,1.295,328661.7993,True,True,PUBLIC_SCENARIO_CANDIDATE,"[0.25,4]"
RES206,visual-territory-40,LITHIUM,tonne LCE,PROVINCE-0-1,mineral-belt,91491215.542,67082.127,67082.127,91424133.415,63996893.391,31190616.401,4405059.662,1.304,195,1.903,261.1784,True,True,PUBLIC_SCENARIO_CANDIDATE,"[0.25,4]"
RES207,visual-territory-40,IRON_ORE,tonne,PROVINCE-1-1,mineral-belt,32654823129.902,13344532.768,13344532.768,32641478597.134,22849035017.994,7313444012.082,876290985.099,0.931,306,2.897,34121.0643,True,True,PUBLIC_SCENARIO_CANDIDATE,"[0.25,4]"
RES209,visual-territory-41,CRUDE_OIL,barrel,PROVINCE-1-1,basin,53520775321.128,84454287.275,84454287.275,53436321033.853,37405424723.697,30351682159.561,5545831531.027,0.82,118,1.143,547320.4839,True,True,PUBLIC_SCENARIO_CANDIDATE,"[0.25,4]"
RES210,visual-territory-41,IRON_ORE,tonne,PROVINCE-1-1,mineral-belt,22788403850.572,36307575.838,36307575.838,22752096274.734,15926467392.314,13002831951.338,2384197480.051,0.559,111,1.136,236747.3646,True,True,PUBLIC_SCENARIO_CANDIDATE,"[0.25,4]"
RES211,visual-territory-42,LITHIUM,tonne LCE,PROVINCE-1-1,mineral-belt,73103792.817,46705.141,46705.141,73057087.676,51139961.373,22634638.12,3066970.94,1.299,209,2.095,165.1378,True,True,PUBLIC_SCENARIO_CANDIDATE,"[0.25,4]"
RES213,visual-territory-42,NATURAL_GAS,MMBtu,PROVINCE-1-1,basin,78536105027.872,124782656.921,124782656.921,78411322370.951,54887925659.666,44733273817.698,8194061137.81,0.872,113,1.138,812228.451,True,True,PUBLIC_SCENARIO_CANDIDATE,"[0.25,4]"
RES214,visual-territory-42,IRON_ORE,tonne,PROVINCE-1-1,mineral-belt,16793246863.272,20894723.102,20894723.102,16772352140.17,11740646498.119,8170586030.056,1372086817.031,0.597,131,1.333,116149.4715,True,True,PUBLIC_SCENARIO_CANDIDATE,"[0.25,4]"
RES216,visual-territory-43,COPPER,tonne,PROVINCE-1-0,mineral-belt,941786799.4,1073515.001,1073515.001,940713284.399,658499299.079,432626021.488,70494151.738,0.785,164,1.411,5633.7472,True,True,PUBLIC_SCENARIO_CANDIDATE,"[0.25,4]"
RES217,visual-territory-43,IRON_ORE,tonne,PROVINCE-1-1,mineral-belt,20925447339.129,22193372.957,22193372.957,20903253966.172,14632277776.321,9164674970.159,1457364824.15,0.628,147,1.481,111037.309,True,True,PUBLIC_SCENARIO_CANDIDATE,"[0.25,4]"
RES218,visual-territory-44,COPPER,tonne,PROVINCE-0-1,mineral-belt,1659761907.299,767840.23,767840.23,1658994067.069,1161295846.948,407428611.649,50421508.422,1.272,508,2.643,2152.0243,True,True,PUBLIC_SCENARIO_CANDIDATE,"[0.25,4]"
RES219,visual-territory-44,CRUDE_OIL,barrel,PROVINCE-0-1,basin,49301449702.17,78549429.602,78549429.602,49222900272.568,34456030190.798,28130906826.041,5158079210.53,0.85,111,1.136,512189.8122,True,True,PUBLIC_SCENARIO_CANDIDATE,"[0.25,4]"
RES220,visual-territory-44,IRON_ORE,tonne,PROVINCE-0-1,mineral-belt,83060598451.2,54880382.685,54880382.685,83005718068.515,58104002647.96,26332895273.854,3603811796.321,2.292,1021,2.046,198690.7885,True,True,PUBLIC_SCENARIO_CANDIDATE,"[0.25,4]"
RES221,visual-territory-44,NATURAL_GAS,MMBtu,PROVINCE-0-1,basin,101908208493.039,162365035.861,162365035.861,101745843457.178,71222090420.025,58147789471.6,10661970688.2,0.879,111,1.136,1058718.2829,True,True,PUBLIC_SCENARIO_CANDIDATE,"[0.25,4]"
RES222,visual-territory-45,LITHIUM,tonne LCE,PROVINCE-1-1,mineral-belt,82098023.624,67947.421,67947.421,82030076.203,57421053.342,30422645.421,4461880.647,1.291,173,1.75,287.5802,True,True,PUBLIC_SCENARIO_CANDIDATE,"[0.25,4]"
RES223,visual-territory-45,IRON_ORE,tonne,PROVINCE-0-1,mineral-belt,26632990419.245,33004985.498,33004985.498,26599985433.747,18619989803.623,12924110265.159,2167327381.003,0.838,257,1.336,182987.2414,True,True,PUBLIC_SCENARIO_CANDIDATE,"[0.25,4]"
RES224,visual-territory-45,NATURAL_GAS,MMBtu,PROVINCE-0-1,basin,74511322277.417,70974683.845,70974683.845,74440347593.572,52108243315.5,30371802138.786,4660670905.836,0.733,163,1.591,330459.5711,True,True,PUBLIC_SCENARIO_CANDIDATE,"[0.25,4]"
RES225,visual-territory-48,COPPER,tonne,PROVINCE-0-1,mineral-belt,608823741.926,475213.824,475213.824,608348528.102,425843969.672,216723157.335,31205707.757,0.827,197,1.822,1931.9991,True,True,PUBLIC_SCENARIO_CANDIDATE,"[0.25,4]"
RES226,visual-territory-48,NATURAL_GAS,MMBtu,PROVINCE-0-2,basin,54308881069.262,84651375.495,84651375.495,54224229693.767,37956960785.637,30558380477.821,5558773657.491,0.83,127,1.152,544311.828,True,True,PUBLIC_SCENARIO_CANDIDATE,"[0.25,4]"
RES227,visual-territory-48,CRUDE_OIL,barrel,PROVINCE-0-1,basin,27825087146.691,44332260.759,44332260.759,27780754885.932,19446528420.152,15876712321.414,2911151789.847,0.85,111,1.136,289073.1661,True,True,PUBLIC_SCENARIO_CANDIDATE,"[0.25,4]"
RES228,visual-territory-48,IRON_ORE,tonne,PROVINCE-0-1,mineral-belt,46886763963.6,30979352.391,30979352.391,46855784611.209,32799049227.847,14864620147.287,2034310806.978,2.292,1021,2.046,112158.6923,True,True,PUBLIC_SCENARIO_CANDIDATE,"[0.25,4]"
RES229,visual-territory-49,LITHIUM,tonne LCE,PROVINCE-0-1,mineral-belt,67116835.79,46933.001,46933.001,67069902.789,46948931.952,22139375.224,3081933.733,1.258,206,1.966,176.801,True,True,PUBLIC_SCENARIO_CANDIDATE,"[0.25,4]"
RES230,visual-territory-49,IRON_ORE,tonne,PROVINCE-0-1,mineral-belt,42963040071.721,37494108.807,37494108.807,42925545962.914,30047882174.04,16506330563.361,2462113144.979,1.61,663,1.688,164534.4427,True,True,PUBLIC_SCENARIO_CANDIDATE,"[0.25,4]"
RES231,visual-territory-49,URANIUM,tonne U,PROVINCE-0-1,mineral-belt,477209.777,281.888,281.888,476927.889,333849.522,139771.218,18510.653,1.277,1038,2.215,0.9428,True,True,PUBLIC_SCENARIO_CANDIDATE,"[0.25,4]"
RES232,visual-territory-49,CRUDE_OIL,barrel,PROVINCE-0-1,basin,36066820838.033,57384112.018,57384112.018,36009436726.015,25206605708.211,20561290949.303,3768223355.824,0.845,112,1.137,373850.0408,True,True,PUBLIC_SCENARIO_CANDIDATE,"[0.25,4]"
RES233,visual-territory-50,NATURAL_GAS,MMBtu,PROVINCE-1-2,basin,98978797664.657,157480207.032,157480207.032,98821317457.625,69174922220.338,56426704913.484,10341200261.767,0.877,112,1.137,1025963.1065,True,True,PUBLIC_SCENARIO_CANDIDATE,"[0.25,4]"
RES234,visual-territory-50,COPPER,tonne,PROVINCE-0-2,mineral-belt,929855021.928,1467285.23,1467285.23,928387736.698,649871415.688,527321659.873,96351730.126,0.733,118,1.143,9508.9934,True,True,PUBLIC_SCENARIO_CANDIDATE,"[0.25,4]"
RES235,visual-territory-51,COPPER,tonne,PROVINCE-1-2,mineral-belt,788194956.9,506068.665,506068.665,787688888.235,551382221.765,244896894.172,33231842.32,0.84,207,2.088,1795.5953,True,True,PUBLIC_SCENARIO_CANDIDATE,"[0.25,4]"
RES236,visual-territory-51,CRUDE_OIL,barrel,PROVINCE-1-2,basin,35445144146.448,56472900.324,56472900.324,35388671246.124,24772069872.287,20224639507.415,3708387121.282,0.85,111,1.136,368237.4826,True,True,PUBLIC_SCENARIO_CANDIDATE,"[0.25,4]"
RES237,visual-territory-51,NATURAL_GAS,MMBtu,PROVINCE-1-1,basin,73425608603.556,116985194.327,116985194.327,73308623409.229,51316036386.461,41895907052.426,7682027760.775,0.881,111,1.136,762814.2562,True,True,PUBLIC_SCENARIO_CANDIDATE,"[0.25,4]"
RES238,visual-territory-51,IRON_ORE,tonne,PROVINCE-1-2,mineral-belt,14555076580.87,23189844.724,23189844.724,14531886736.146,10172320715.302,8304978973.556,1522799803.515,0.559,111,1.136,151211.8201,True,True,PUBLIC_SCENARIO_CANDIDATE,"[0.25,4]"
RES239,visual-territory-52,COPPER,tonne,PROVINCE-1-1,mineral-belt,570857145.293,496028.975,496028.975,570361116.318,399252781.422,218675349.903,32572569.383,0.789,168,1.693,2170.2828,True,True,PUBLIC_SCENARIO_CANDIDATE,"[0.25,4]"
RES240,visual-territory-52,CRUDE_OIL,barrel,PROVINCE-1-2,basin,27341907565.644,43562435.922,43562435.922,27298345129.722,19108841590.805,15601014956.392,2860599958.877,0.85,111,1.136,284053.4424,True,True,PUBLIC_SCENARIO_CANDIDATE,"[0.25,4]"
RES241,visual-territory-52,NATURAL_GAS,MMBtu,PROVINCE-1-1,basin,56618334282.858,90207040.357,90207040.357,56528127242.501,39569689069.751,32305846906.701,5923595650.097,0.88,111,1.136,588204.4885,True,True,PUBLIC_SCENARIO_CANDIDATE,"[0.25,4]"
RES242,visual-territory-52,IRON_ORE,tonne,PROVINCE-1-1,mineral-belt,11335078254.92,17383906.815,17383906.815,11317694348.105,7922386043.674,6312341922.823,1141543214.158,0.564,114,1.164,110626.8729,True,True,PUBLIC_SCENARIO_CANDIDATE,"[0.25,4]"
RES243,visual-territory-53,CRUDE_OIL,barrel,PROVINCE-2-1,basin,72395235931.278,115343555.264,115343555.264,72279892376.014,50595924663.21,41307986863.161,7574226795.65,0.85,111,1.136,752109.7761,True,True,PUBLIC_SCENARIO_CANDIDATE,"[0.25,4]"
RES244,visual-territory-55,COPPER,tonne,PROVINCE-3-2,mineral-belt,546471657.162,513674.569,513674.569,545957982.593,382170587.815,220769385.923,33731296.683,0.777,158,1.605,2370.3991,True,True,PUBLIC_SCENARIO_CANDIDATE,"[0.25,4]"
RES245,visual-territory-55,NATURAL_GAS,MMBtu,PROVINCE-3-1,basin,55029757531.593,87676043.836,87676043.836,54942081487.757,38459457041.43,31399421135.333,5757393545.199,0.881,111,1.136,571700.8596,True,True,PUBLIC_SCENARIO_CANDIDATE,"[0.25,4]"
RES246,visual-territory-55,CRUDE_OIL,barrel,PROVINCE-3-1,basin,26564593520.905,42323981.978,42323981.978,26522269538.927,18565588677.249,15157487451.639,2779274816.544,0.85,111,1.136,275977.9733,True,True,PUBLIC_SCENARIO_CANDIDATE,"[0.25,4]"
RES247,visual-territory-55,LITHIUM,tonne LCE,PROVINCE-3-1,mineral-belt,21885143.861,34868.459,34868.459,21850275.402,15295192.782,12487440.969,2289695.46,0.56,111,1.136,227.3635,True,True,PUBLIC_SCENARIO_CANDIDATE,"[0.25,4]"
RES248,visual-territory-56,NATURAL_GAS,MMBtu,PROVINCE-1-2,basin,130457951037.471,207851852.287,207851852.287,130250099185.184,91175069429.629,74437982808.238,13648938300.188,0.881,111,1.136,1355319.8506,True,True,PUBLIC_SCENARIO_CANDIDATE,"[0.25,4]"
RES249,visual-territory-56,COPPER,tonne,PROVINCE-2-1,mineral-belt,1954033523.699,2233306.593,2233306.593,1951800217.106,1366260151.974,899201604.979,146653799.597,1.173,384,1.409,11740.9594,True,True,PUBLIC_SCENARIO_CANDIDATE,"[0.25,4]"
RES250,visual-territory-56,CRUDE_OIL,barrel,PROVINCE-2-2,basin,50188598505.71,45049106.522,45049106.522,50143549399.188,35100484579.432,19653665137.485,2958224661.6,0.678,163,1.656,201498.5237,True,True,PUBLIC_SCENARIO_CANDIDATE,"[0.25,4]"
RES251,visual-territory-57,LITHIUM,tonne LCE,PROVINCE-2-2,mineral-belt,77194030.112,44958.917,44958.917,77149071.195,54004349.836,22383159.396,2952302.248,0.972,222,2.237,148.8599,True,True,PUBLIC_SCENARIO_CANDIDATE,"[0.25,4]"
RES253,visual-territory-57,NATURAL_GAS,MMBtu,PROVINCE-2-2,basin,110546649093.232,175401025.21,175401025.21,110371248068.022,77259873647.615,62910921986.731,11518000655.458,0.87,114,1.139,1140708.3875,True,True,PUBLIC_SCENARIO_CANDIDATE,"[0.25,4]"
RES254,visual-territory-57,IRON_ORE,tonne,PROVINCE-2-2,mineral-belt,23574940406.236,29781858.966,29781858.966,23545158547.27,16481610983.089,11584419402.143,1955675405.451,0.594,129,1.319,167202.7521,True,True,PUBLIC_SCENARIO_CANDIDATE,"[0.25,4]"
RES255,visual-territory-59,LITHIUM,tonne LCE,PROVINCE-2-2,mineral-belt,23956818.904,27103.216,27103.216,23929715.688,16750800.981,10950576.733,1779777.872,0.86,139,1.419,141.5322,True,True,PUBLIC_SCENARIO_CANDIDATE,"[0.25,4]"
RES257,visual-territory-59,NATURAL_GAS,MMBtu,PROVINCE-2-3,basin,39268971734.593,62565205.475,62565205.475,39206406529.118,27444484570.383,22406476720.129,4108448492.828,0.881,111,1.136,407962.9987,True,True,PUBLIC_SCENARIO_CANDIDATE,"[0.25,4]"
RES258,visual-territory-59,IRON_ORE,tonne,PROVINCE-2-3,mineral-belt,7783865407.034,12401626.961,12401626.961,7771463780.073,5440024646.051,4441394600.656,814373503.743,0.559,111,1.136,80866.1122,True,True,PUBLIC_SCENARIO_CANDIDATE,"[0.25,4]"
RES259,visual-territory-60,NATURAL_GAS,MMBtu,PROVINCE-0-2,basin,106416594634.238,163643875.059,163643875.059,106252950759.179,74377065531.426,59363711126.882,10745947795.521,0.799,137,1.162,1043181.4564,True,True,PUBLIC_SCENARIO_CANDIDATE,"[0.25,4]"
RES260,visual-territory-60,CRUDE_OIL,barrel,PROVINCE-0-2,basin,50945692946.622,78659927.51,78659927.51,50867033019.112,35606923113.379,28493126453.253,5165335239.803,0.765,134,1.159,502731.7771,True,True,PUBLIC_SCENARIO_CANDIDATE,"[0.25,4]"
RES261,visual-territory-61,CRUDE_OIL,barrel,PROVINCE-1-2,basin,56760612168.706,90308966.834,90308966.834,56670303201.872,39669212241.31,32358589810.35,5930288822.115,0.844,112,1.137,588351.196,True,True,PUBLIC_SCENARIO_CANDIDATE,"[0.25,4]"
RES262,visual-territory-61,NATURAL_GAS,MMBtu,PROVINCE-0-2,basin,118062993213.047,187844114.625,187844114.625,117875149098.422,82512604368.895,67306391231.444,12335096860.402,0.878,112,1.137,1223780.023,True,True,PUBLIC_SCENARIO_CANDIDATE,"[0.25,4]"
RES263,visual-territory-62,LITHIUM,tonne LCE,PROVINCE-1-3,mineral-belt,90837143.801,144726.086,144726.086,90692417.715,63484692.401,51830752.322,9503679.624,0.93,111,1.136,943.7017,True,True,PUBLIC_SCENARIO_CANDIDATE,"[0.25,4]"
RES265,visual-territory-62,CRUDE_OIL,barrel,PROVINCE-1-3,basin,65545241311.382,103998652.315,103998652.315,65441242659.067,45808869861.347,37301099549.966,6829244835.363,0.839,114,1.139,676348.0136,True,True,PUBLIC_SCENARIO_CANDIDATE,"[0.25,4]"
RES266,visual-territory-63,NATURAL_GAS,MMBtu,PROVINCE-1-2,basin,140794954579.053,224321261.136,224321261.136,140570633317.917,98399443322.542,80336172115.963,14730429481.261,0.881,111,1.136,1462710.3621,True,True,PUBLIC_SCENARIO_CANDIDATE,"[0.25,4]"
RES267,visual-territory-63,CRUDE_OIL,barrel,PROVINCE-1-2,basin,67863178837.439,108122864.964,108122864.964,67755055972.475,47428539180.733,38722041082.515,7100068132.611,0.849,111,1.136,705026.506,True,True,PUBLIC_SCENARIO_CANDIDATE,"[0.25,4]"
RES268,visual-territory-63,IRON_ORE,tonne,PROVINCE-1-3,mineral-belt,31249129413.518,47478022.636,47478022.636,31201651390.882,21841155973.617,17298323957.54,3117723486.437,0.625,146,1.171,300332.243,True,True,PUBLIC_SCENARIO_CANDIDATE,"[0.25,4]"
RES269,visual-territory-64,NATURAL_GAS,MMBtu,PROVINCE-2-0,basin,122649689297.312,195411355.921,195411355.921,122454277941.391,85717994558.974,69982667907.506,12832012372.135,0.881,111,1.136,1274200.2864,True,True,PUBLIC_SCENARIO_CANDIDATE,"[0.25,4]"
RES270,visual-territory-65,COPPER,tonne,PROVINCE-1-1,mineral-belt,4678487735.347,7051727.857,7051727.857,4671436007.49,3270005205.243,2576650080.108,463063462.622,0.77,152,1.177,44379.7971,True,True,PUBLIC_SCENARIO_CANDIDATE,"[0.25,4]"
RES277,visual-territory-68,IRON_ORE,tonne,PROVINCE-1-2,mineral-belt,65389325673.17,104181403.685,104181403.685,65285144269.485,45699600988.639,37310485574.801,6841245508.659,0.559,111,1.136,679325.7935,True,True,PUBLIC_SCENARIO_CANDIDATE,"[0.25,4]"
RES299,visual-territory-34,IRON_ORE,tonne,PROVINCE-1-0,mineral-belt,102149863315.0,42074748.388,42074748.388,102107788566.612,71475451996.628,23012581902.567,2762908477.478,2.452,1105,2.88,108216.9454,True,True,PUBLIC_SCENARIO_CANDIDATE,"[0.25,4]"
RES302,visual-territory-29,IRON_ORE,tonne,PROVINCE-4-3,mineral-belt,28269962003.313,22208301.675,22208301.675,28247753701.638,19773427591.147,10107883996.217,1458345143.315,0.692,181,1.814,90689.3733,True,True,PUBLIC_SCENARIO_CANDIDATE,"[0.25,4]"
RES307,visual-territory-45,CRUDE_OIL,barrel,PROVINCE-0-1,basin,22336966625.458,11245617.14,11245617.14,22325721008.318,15628004705.823,5832291232.873,738462192.166,0.439,303,2.485,33526.4647,True,True,PUBLIC_SCENARIO_CANDIDATE,"[0.25,4]"
RES308,visual-territory-35,IRON_ORE,tonne,PROVINCE-1-0,mineral-belt,23848929387.255,36331476.002,36331476.002,23812597911.253,16668818537.877,13224407704.251,2385766924.141,0.622,144,1.169,230215.6069,True,True,PUBLIC_SCENARIO_CANDIDATE,"[0.25,4]"
RES310,visual-territory-33,IRON_ORE,tonne,PROVINCE-0-0,mineral-belt,96874200647.923,33312889.396,33312889.396,96840887758.527,67788621430.969,19051189958.584,2187546403.673,2.533,1147,3.299,74789.0294,True,True,PUBLIC_SCENARIO_CANDIDATE,"[0.25,4]"
RES314,visual-territory-30,IRON_ORE,tonne,PROVINCE-4-3,mineral-belt,23743383511.122,34279601.165,34279601.165,23709103909.957,16596372736.97,12720430549.438,2251027143.174,0.7,185,1.21,209853.6955,True,True,PUBLIC_SCENARIO_CANDIDATE,"[0.25,4]"
RES319,visual-territory-23,COPPER,tonne,PROVINCE-4-3,mineral-belt,1769964613.746,2432814.802,2432814.802,1767531798.944,1237272259.261,918685679.141,159754838.671,0.865,224,1.249,14428.2229,True,True,PUBLIC_SCENARIO_CANDIDATE,"[0.25,4]"
