countryId,countryNumber,countryName,criterion,population,mappedFacilityCount,mineralCommodityCount,foodNetTonnesDay,foodReserveDays,housingGapUnits,dailyIncomeGcu,cashRunwayDays,waterStressM3Day,proposedFinanceCreditLineGcu,proposedCreditRunwayDays,proposedTechnologyAccess,financingBasis,technologyBasis,balancingStatus,humanGeographyRevision,mappedInfrastructureIdentityChanged,derivedFacilityEstimateRecomputed
visual-territory-01,01,Avenor,国家参赛单位起步机会; 保留自然与人口差异,176666984,5,4,27461.07,51.1,0,1486532713.2,30.0,182193062,0.0,0,NO_ADDITIONAL_TECH_ACCESS_PROPOSED,20/30 days of current scenario daily income when map-derived constraints apply; credit remains undrawn,research-access priority only; no Core licence or production recipe granted,PROPOSED_NOT_ACTIVATED,False,False,False
visual-territory-02,02,Brelis,国家参赛单位起步机会; 保留自然与人口差异,276124585,6,4,90252.558,52.62,0,2228253782.57,30.0,348812381,0.0,0,NO_ADDITIONAL_TECH_ACCESS_PROPOSED,20/30 days of current scenario daily income when map-derived constraints apply; credit remains undrawn,research-access priority only; no Core licence or production recipe granted,PROPOSED_NOT_ACTIVATED,False,False,False
visual-territory-03,03,Caedon,国家参赛单位起步机会; 保留自然与人口差异,510403319,9,4,-1395.516,43.12,2080722,4323768048.11,30.0,202287078,86475360962.2,20,FOOD_TRADE_LOGISTICS_RESEARCH_ACCESS_PROPOSAL,20/30 days of current scenario daily income when map-derived constraints apply; credit remains undrawn,research-access priority only; no Core licence or production recipe granted,PROPOSED_NOT_ACTIVATED,False,False,False
visual-territory-04,04,Darsin,国家参赛单位起步机会; 保留自然与人口差异,496361742,8,3,26952.199,45.55,1323352,4258491453.93,30.0,230715264,0.0,0,NO_ADDITIONAL_TECH_ACCESS_PROPOSED,20/30 days of current scenario daily income when map-derived constraints apply; credit remains undrawn,research-access priority only; no Core licence or production recipe granted,PROPOSED_NOT_ACTIVATED,False,False,False
visual-territory-05,05,Ellovar,国家参赛单位起步机会; 保留自然与人口差异,322591038,7,4,41064.544,48.42,0,2608634930.12,30.0,135988009,0.0,0,NO_ADDITIONAL_TECH_ACCESS_PROPOSED,20/30 days of current scenario daily income when map-derived constraints apply; credit remains undrawn,research-access priority only; no Core licence or production recipe granted,PROPOSED_NOT_ACTIVATED,False,False,False
visual-territory-06,06,Faren,国家参赛单位起步机会; 保留自然与人口差异,324546526,7,4,118444.985,48.79,0,2499308649.26,30.0,405549802,0.0,0,NO_ADDITIONAL_TECH_ACCESS_PROPOSED,20/30 days of current scenario daily income when map-derived constraints apply; credit remains undrawn,research-access priority only; no Core licence or production recipe granted,PROPOSED_NOT_ACTIVATED,False,False,False
visual-territory-07,07,Galdra,国家参赛单位起步机会; 保留自然与人口差异,333976824,7,3,-998.455,41.18,1586795,2729153860.12,30.0,145545598,54583077202.4,20,FOOD_TRADE_LOGISTICS_RESEARCH_ACCESS_PROPOSAL,20/30 days of current scenario daily income when map-derived constraints apply; credit remains undrawn,research-access priority only; no Core licence or production recipe granted,PROPOSED_NOT_ACTIVATED,False,False,False
visual-territory-08,08,Hethen,国家参赛单位起步机会; 保留自然与人口差异,354009959,7,4,37728.633,45.99,357701,2786754035.82,30.0,165503506,0.0,0,NO_ADDITIONAL_TECH_ACCESS_PROPOSED,20/30 days of current scenario daily income when map-derived constraints apply; credit remains undrawn,research-access priority only; no Core licence or production recipe granted,PROPOSED_NOT_ACTIVATED,False,False,False
visual-territory-09,09,Istrel,国家参赛单位起步机会; 保留自然与人口差异,117946631,4,4,61678.425,51.27,0,932702870.53,30.0,95970605,0.0,0,NO_ADDITIONAL_TECH_ACCESS_PROPOSED,20/30 days of current scenario daily income when map-derived constraints apply; credit remains undrawn,research-access priority only; no Core licence or production recipe granted,PROPOSED_NOT_ACTIVATED,False,False,False
visual-territory-10,10,Jorun,国家参赛单位起步机会; 保留自然与人口差异,63926125,3,4,44969.819,51.67,0,524343062.56,30.0,248211293,10486861251.2,20,INDUSTRIAL_PROCESS_RESEARCH_ACCESS_PROPOSAL,20/30 days of current scenario daily income when map-derived constraints apply; credit remains undrawn,research-access priority only; no Core licence or production recipe granted,PROPOSED_NOT_ACTIVATED,False,False,False
visual-territory-11,11,Keldan,国家参赛单位起步机会; 保留自然与人口差异,58955987,3,4,28950.164,47.07,35398,472488806.51,30.0,143813321,9449776130.2,20,INDUSTRIAL_PROCESS_RESEARCH_ACCESS_PROPOSAL,20/30 days of current scenario daily income when map-derived constraints apply; credit remains undrawn,research-access priority only; no Core licence or production recipe granted,PROPOSED_NOT_ACTIVATED,False,False,False
visual-territory-12,12,Lumer,国家参赛单位起步机会; 保留自然与人口差异,105921711,4,4,34210.158,42.5,455318,884794866.4,30.0,142591810,0.0,0,NO_ADDITIONAL_TECH_ACCESS_PROPOSED,20/30 days of current scenario daily income when map-derived constraints apply; credit remains undrawn,research-access priority only; no Core licence or production recipe granted,PROPOSED_NOT_ACTIVATED,False,False,False
visual-territory-13,13,Meros,国家参赛单位起步机会; 保留自然与人口差异,35431598,2,3,11438.72,44.2,100993,291048518.54,30.0,39149763,5820970370.8,20,INDUSTRIAL_PROCESS_RESEARCH_ACCESS_PROPOSAL,20/30 days of current scenario daily income when map-derived constraints apply; credit remains undrawn,research-access priority only; no Core licence or production recipe granted,PROPOSED_NOT_ACTIVATED,False,False,False
visual-territory-14,14,Nadrin,国家参赛单位起步机会; 保留自然与人口差异,193058826,5,4,43530.18,48.01,0,1466040691.32,30.0,82970937,0.0,0,NO_ADDITIONAL_TECH_ACCESS_PROPOSED,20/30 days of current scenario daily income when map-derived constraints apply; credit remains undrawn,research-access priority only; no Core licence or production recipe granted,PROPOSED_NOT_ACTIVATED,False,False,False
visual-territory-15,15,Orelis,国家参赛单位起步机会; 保留自然与人口差异,339123585,7,4,69195.191,50.1,0,2648570124.5,30.0,176213952,0.0,0,NO_ADDITIONAL_TECH_ACCESS_PROPOSED,20/30 days of current scenario daily income when map-derived constraints apply; credit remains undrawn,research-access priority only; no Core licence or production recipe granted,PROPOSED_NOT_ACTIVATED,False,False,False
visual-territory-16,16,Paryn,国家参赛单位起步机会; 保留自然与人口差异,459264033,8,4,2504.989,49.75,129098,4014470862.69,30.0,180783812,0.0,0,NO_ADDITIONAL_TECH_ACCESS_PROPOSED,20/30 days of current scenario daily income when map-derived constraints apply; credit remains undrawn,research-access priority only; no Core licence or production recipe granted,PROPOSED_NOT_ACTIVATED,False,False,False
visual-territory-17,17,Quoran,国家参赛单位起步机会; 保留自然与人口差异,132916537,4,3,-7210.682,42.6,717410,1197726071.74,30.0,125474499,23954521434.8,20,FOOD_TRADE_LOGISTICS_RESEARCH_ACCESS_PROPOSAL,20/30 days of current scenario daily income when map-derived constraints apply; credit remains undrawn,research-access priority only; no Core licence or production recipe granted,PROPOSED_NOT_ACTIVATED,False,False,False
visual-territory-18,18,Rassel,国家参赛单位起步机会; 保留自然与人口差异,47662589,2,3,10922.999,45.2,80521,379334410.6,30.0,80283208,7586688212.0,20,INDUSTRIAL_PROCESS_RESEARCH_ACCESS_PROPOSAL,20/30 days of current scenario daily income when map-derived constraints apply; credit remains undrawn,research-access priority only; no Core licence or production recipe granted,PROPOSED_NOT_ACTIVATED,False,False,False
visual-territory-19,19,Siven,国家参赛单位起步机会; 保留自然与人口差异,106134098,4,3,29426.545,45.4,127795,824725317.54,30.0,189662864,0.0,0,NO_ADDITIONAL_TECH_ACCESS_PROPOSED,20/30 days of current scenario daily income when map-derived constraints apply; credit remains undrawn,research-access priority only; no Core licence or production recipe granted,PROPOSED_NOT_ACTIVATED,False,False,False
visual-territory-20,20,Talan,国家参赛单位起步机会; 保留自然与人口差异,2146143,2,3,2630.722,50.59,0,14237866.17,30.0,149157801,284757323.4,20,INDUSTRIAL_PROCESS_RESEARCH_ACCESS_PROPOSAL,20/30 days of current scenario daily income when map-derived constraints apply; credit remains undrawn,research-access priority only; no Core licence or production recipe granted,PROPOSED_NOT_ACTIVATED,False,False,False
visual-territory-21,21,Uvren,国家参赛单位起步机会; 保留自然与人口差异,169106762,5,4,79629.375,48.99,0,1220676240.6,30.0,171773554,0.0,0,NO_ADDITIONAL_TECH_ACCESS_PROPOSED,20/30 days of current scenario daily income when map-derived constraints apply; credit remains undrawn,research-access priority only; no Core licence or production recipe granted,PROPOSED_NOT_ACTIVATED,False,False,False
visual-territory-22,22,Vardis,国家参赛单位起步机会; 保留自然与人口差异,132438465,4,3,52683.119,51.27,0,1056432000.42,30.0,245742921,0.0,0,NO_ADDITIONAL_TECH_ACCESS_PROPOSED,20/30 days of current scenario daily income when map-derived constraints apply; credit remains undrawn,research-access priority only; no Core licence or production recipe granted,PROPOSED_NOT_ACTIVATED,False,False,False
visual-territory-23,23,Wexar,国家参赛单位起步机会; 保留自然与人口差异,354391153,7,4,-7527.195,39.66,2046373,2862621310.95,30.0,162494436,57252426219.0,20,FOOD_TRADE_LOGISTICS_RESEARCH_ACCESS_PROPOSAL,20/30 days of current scenario daily income when map-derived constraints apply; credit remains undrawn,research-access priority only; no Core licence or production recipe granted,PROPOSED_NOT_ACTIVATED,False,False,False
visual-territory-24,24,Xandor,国家参赛单位起步机会; 保留自然与人口差异,235530433,6,3,-26746.004,43.59,1135387,2128327352.14,30.0,89891060,42566547042.8,20,FOOD_TRADE_LOGISTICS_RESEARCH_ACCESS_PROPOSAL,20/30 days of current scenario daily income when map-derived constraints apply; credit remains undrawn,research-access priority only; no Core licence or production recipe granted,PROPOSED_NOT_ACTIVATED,False,False,False
visual-territory-25,25,Ysol,国家参赛单位起步机会; 保留自然与人口差异,97452872,3,3,14865.051,48.82,140964,883265992.14,30.0,131215589,17665319842.8,20,INDUSTRIAL_PROCESS_RESEARCH_ACCESS_PROPOSAL,20/30 days of current scenario daily income when map-derived constraints apply; credit remains undrawn,research-access priority only; no Core licence or production recipe granted,PROPOSED_NOT_ACTIVATED,False,False,False
visual-territory-26,26,Zarev,国家参赛单位起步机会; 保留自然与人口差异,53842157,2,3,30477.309,50.84,0,434767923.42,30.0,61606544,8695358468.4,20,INDUSTRIAL_PROCESS_RESEARCH_ACCESS_PROPOSAL,20/30 days of current scenario daily income when map-derived constraints apply; credit remains undrawn,research-access priority only; no Core licence or production recipe granted,PROPOSED_NOT_ACTIVATED,False,False,False
visual-territory-27,27,Adara,国家参赛单位起步机会; 保留自然与人口差异,115551759,4,3,26904.938,44.59,157212,872616041.9,30.0,77095512,0.0,0,NO_ADDITIONAL_TECH_ACCESS_PROPOSED,20/30 days of current scenario daily income when map-derived constraints apply; credit remains undrawn,research-access priority only; no Core licence or production recipe granted,PROPOSED_NOT_ACTIVATED,False,False,False
visual-territory-28,28,Belm,国家参赛单位起步机会; 保留自然与人口差异,91118281,3,3,9506.025,38.35,693204,786845526.76,30.0,79040372,15736910535.2,20,INDUSTRIAL_PROCESS_RESEARCH_ACCESS_PROPOSAL,20/30 days of current scenario daily income when map-derived constraints apply; credit remains undrawn,research-access priority only; no Core licence or production recipe granted,PROPOSED_NOT_ACTIVATED,False,False,False
visual-territory-29,29,Corven,国家参赛单位起步机会; 保留自然与人口差异,99277138,4,4,29728.615,44.9,259340,826621043.03,30.0,95578501,0.0,0,NO_ADDITIONAL_TECH_ACCESS_PROPOSED,20/30 days of current scenario daily income when map-derived constraints apply; credit remains undrawn,research-access priority only; no Core licence or production recipe granted,PROPOSED_NOT_ACTIVATED,False,False,False
visual-territory-30,30,Delyra,国家参赛单位起步机会; 保留自然与人口差异,109027888,4,4,24009.415,48.95,13384,914866507.06,30.0,77240527,0.0,0,NO_ADDITIONAL_TECH_ACCESS_PROPOSED,20/30 days of current scenario daily income when map-derived constraints apply; credit remains undrawn,research-access priority only; no Core licence or production recipe granted,PROPOSED_NOT_ACTIVATED,False,False,False
visual-territory-31,31,Erdan,国家参赛单位起步机会; 保留自然与人口差异,141596517,4,3,5903.26,43.79,689266,1291553149.46,30.0,84247120,0.0,0,NO_ADDITIONAL_TECH_ACCESS_PROPOSED,20/30 days of current scenario daily income when map-derived constraints apply; credit remains undrawn,research-access priority only; no Core licence or production recipe granted,PROPOSED_NOT_ACTIVATED,False,False,False
visual-territory-32,32,Falcor,国家参赛单位起步机会; 保留自然与人口差异,22478946,2,3,14166.978,51.41,0,205241243.7,30.0,57422706,4104824874.0,20,INDUSTRIAL_PROCESS_RESEARCH_ACCESS_PROPOSAL,20/30 days of current scenario daily income when map-derived constraints apply; credit remains undrawn,research-access priority only; no Core licence or production recipe granted,PROPOSED_NOT_ACTIVATED,False,False,False
visual-territory-33,33,Gysel,国家参赛单位起步机会; 保留自然与人口差异,152590063,4,4,56229.462,52.85,0,1240080514.3,30.0,139409685,0.0,0,NO_ADDITIONAL_TECH_ACCESS_PROPOSED,20/30 days of current scenario daily income when map-derived constraints apply; credit remains undrawn,research-access priority only; no Core licence or production recipe granted,PROPOSED_NOT_ACTIVATED,False,False,False
visual-territory-34,34,Harin,国家参赛单位起步机会; 保留自然与人口差异,217244516,5,4,60169.907,49.12,0,1621963185.41,30.0,167482260,0.0,0,NO_ADDITIONAL_TECH_ACCESS_PROPOSED,20/30 days of current scenario daily income when map-derived constraints apply; credit remains undrawn,research-access priority only; no Core licence or production recipe granted,PROPOSED_NOT_ACTIVATED,False,False,False
visual-territory-35,35,Inovar,国家参赛单位起步机会; 保留自然与人口差异,193994580,5,4,57442.363,52.4,0,1526257279.4,30.0,147194829,0.0,0,NO_ADDITIONAL_TECH_ACCESS_PROPOSED,20/30 days of current scenario daily income when map-derived constraints apply; credit remains undrawn,research-access priority only; no Core licence or production recipe granted,PROPOSED_NOT_ACTIVATED,False,False,False
visual-territory-36,36,Jessa,国家参赛单位起步机会; 保留自然与人口差异,99086318,4,3,54713.58,54.62,0,820151582.93,30.0,233738470,0.0,0,NO_ADDITIONAL_TECH_ACCESS_PROPOSED,20/30 days of current scenario daily income when map-derived constraints apply; credit remains undrawn,research-access priority only; no Core licence or production recipe granted,PROPOSED_NOT_ACTIVATED,False,False,False
visual-territory-37,37,Koryn,国家参赛单位起步机会; 保留自然与人口差异,113207534,4,3,19951.768,53.46,0,951844772.89,30.0,123100132,0.0,0,NO_ADDITIONAL_TECH_ACCESS_PROPOSED,20/30 days of current scenario daily income when map-derived constraints apply; credit remains undrawn,research-access priority only; no Core licence or production recipe granted,PROPOSED_NOT_ACTIVATED,False,False,False
visual-territory-38,38,Lydan,国家参赛单位起步机会; 保留自然与人口差异,324094511,7,3,44179.118,47.67,280534,2707018718.32,30.0,172419856,0.0,0,NO_ADDITIONAL_TECH_ACCESS_PROPOSED,20/30 days of current scenario daily income when map-derived constraints apply; credit remains undrawn,research-access priority only; no Core licence or production recipe granted,PROPOSED_NOT_ACTIVATED,False,False,False
visual-territory-39,39,Mirea,国家参赛单位起步机会; 保留自然与人口差异,198788623,5,3,43619.111,51.02,0,1551331089.64,30.0,128791734,0.0,0,NO_ADDITIONAL_TECH_ACCESS_PROPOSED,20/30 days of current scenario daily income when map-derived constraints apply; credit remains undrawn,research-access priority only; no Core licence or production recipe granted,PROPOSED_NOT_ACTIVATED,False,False,False
visual-territory-40,40,Norvak,国家参赛单位起步机会; 保留自然与人口差异,75857857,3,3,7794.849,38.66,455669,597231205.98,30.0,53043101,11944624119.6,20,INDUSTRIAL_PROCESS_RESEARCH_ACCESS_PROPOSAL,20/30 days of current scenario daily income when map-derived constraints apply; credit remains undrawn,research-access priority only; no Core licence or production recipe granted,PROPOSED_NOT_ACTIVATED,False,False,False
visual-territory-41,41,Ostra,国家参赛单位起步机会; 保留自然与人口差异,186445203,5,3,8229.434,44.76,455004,1526288512.74,30.0,89079763,0.0,0,NO_ADDITIONAL_TECH_ACCESS_PROPOSED,20/30 days of current scenario daily income when map-derived constraints apply; credit remains undrawn,research-access priority only; no Core licence or production recipe granted,PROPOSED_NOT_ACTIVATED,False,False,False
visual-territory-42,42,Pavan,国家参赛单位起步机会; 保留自然与人口差异,153671207,5,3,1162.834,51.78,0,1270392694.16,30.0,126023666,0.0,0,NO_ADDITIONAL_TECH_ACCESS_PROPOSED,20/30 days of current scenario daily income when map-derived constraints apply; credit remains undrawn,research-access priority only; no Core licence or production recipe granted,PROPOSED_NOT_ACTIVATED,False,False,False
visual-territory-43,43,Qemra,国家参赛单位起步机会; 保留自然与人口差异,157559906,5,3,21765.131,52.41,0,1297083396.96,30.0,157796033,0.0,0,NO_ADDITIONAL_TECH_ACCESS_PROPOSED,20/30 days of current scenario daily income when map-derived constraints apply; credit remains undrawn,research-access priority only; no Core licence or production recipe granted,PROPOSED_NOT_ACTIVATED,False,False,False
visual-territory-44,44,Ruvan,国家参赛单位起步机会; 保留自然与人口差异,120112546,4,4,46615.473,45.25,274874,994404548.95,30.0,397974308,0.0,0,NO_ADDITIONAL_TECH_ACCESS_PROPOSED,20/30 days of current scenario daily income when map-derived constraints apply; credit remains undrawn,research-access priority only; no Core licence or production recipe granted,PROPOSED_NOT_ACTIVATED,False,False,False
visual-territory-45,45,Selka,国家参赛单位起步机会; 保留自然与人口差异,128974976,4,5,52376.637,49.42,0,974136249.61,30.0,99844296,0.0,0,NO_ADDITIONAL_TECH_ACCESS_PROPOSED,20/30 days of current scenario daily income when map-derived constraints apply; credit remains undrawn,research-access priority only; no Core licence or production recipe granted,PROPOSED_NOT_ACTIVATED,False,False,False
visual-territory-46,46,Tirren,国家参赛单位起步机会; 保留自然与人口差异,171814588,5,4,68749.055,47.79,113748,1426879600.95,30.0,146155716,0.0,0,NO_ADDITIONAL_TECH_ACCESS_PROPOSED,20/30 days of current scenario daily income when map-derived constraints apply; credit remains undrawn,research-access priority only; no Core licence or production recipe granted,PROPOSED_NOT_ACTIVATED,False,False,False
visual-territory-47,47,Ulyss,国家参赛单位起步机会; 保留自然与人口差异,311448414,7,2,101429.576,47.86,122398,2543131103.54,30.0,194377741,50862622070.8,20,RESOURCE_EFFICIENCY_RESEARCH_ACCESS_PROPOSAL,20/30 days of current scenario daily income when map-derived constraints apply; credit remains undrawn,research-access priority only; no Core licence or production recipe granted,PROPOSED_NOT_ACTIVATED,False,False,False
visual-territory-48,48,Varos,国家参赛单位起步机会; 保留自然与人口差异,6373142,2,4,3874.405,48.32,9992,57037500.67,30.0,547081809,1140750013.4,20,INDUSTRIAL_PROCESS_RESEARCH_ACCESS_PROPOSAL,20/30 days of current scenario daily income when map-derived constraints apply; credit remains undrawn,research-access priority only; no Core licence or production recipe granted,PROPOSED_NOT_ACTIVATED,False,False,False
visual-territory-49,49,Wrenna,国家参赛单位起步机会; 保留自然与人口差异,139020276,4,4,42414.892,46.59,229208,1169883734.77,30.0,80154576,0.0,0,NO_ADDITIONAL_TECH_ACCESS_PROPOSED,20/30 days of current scenario daily income when map-derived constraints apply; credit remains undrawn,research-access priority only; no Core licence or production recipe granted,PROPOSED_NOT_ACTIVATED,False,False,False
visual-territory-50,50,Xyren,国家参赛单位起步机会; 保留自然与人口差异,27192741,2,3,9362.975,43.1,148479,250460326.4,30.0,258881608,5009206528.0,20,INDUSTRIAL_PROCESS_RESEARCH_ACCESS_PROPOSAL,20/30 days of current scenario daily income when map-derived constraints apply; credit remains undrawn,research-access priority only; no Core licence or production recipe granted,PROPOSED_NOT_ACTIVATED,False,False,False
visual-territory-51,51,Yara,国家参赛单位起步机会; 保留自然与人口差异,1019797,2,4,2870.657,36.1,10527,9417697.73,30.0,301748004,188353954.6,20,INDUSTRIAL_PROCESS_RESEARCH_ACCESS_PROPOSAL,20/30 days of current scenario daily income when map-derived constraints apply; credit remains undrawn,research-access priority only; no Core licence or production recipe granted,PROPOSED_NOT_ACTIVATED,True,False,True
visual-territory-52,52,Zorin,国家参赛单位起步机会; 保留自然与人口差异,849031,2,4,1944.779,31.5,12871,8544660.89,30.0,463019762,170893217.8,20,INDUSTRIAL_PROCESS_RESEARCH_ACCESS_PROPOSAL,20/30 days of current scenario daily income when map-derived constraints apply; credit remains undrawn,research-access priority only; no Core licence or production recipe granted,PROPOSED_NOT_ACTIVATED,True,False,True
visual-territory-53,53,Alera,国家参赛单位起步机会; 保留自然与人口差异,493552369,8,3,2938.879,44.94,1534281,4250507850.05,30.0,184827474,0.0,0,NO_ADDITIONAL_TECH_ACCESS_PROPOSED,20/30 days of current scenario daily income when map-derived constraints apply; credit remains undrawn,research-access priority only; no Core licence or production recipe granted,PROPOSED_NOT_ACTIVATED,False,False,False
visual-territory-54,54,Brin,国家参赛单位起步机会; 保留自然与人口差异,576254853,9,3,-14299.056,45.55,1557917,4963369034.48,30.0,230595374,99267380689.6,20,FOOD_TRADE_LOGISTICS_RESEARCH_ACCESS_PROPOSAL,20/30 days of current scenario daily income when map-derived constraints apply; credit remains undrawn,research-access priority only; no Core licence or production recipe granted,PROPOSED_NOT_ACTIVATED,False,False,False
visual-territory-55,55,Cassa,国家参赛单位起步机会; 保留自然与人口差异,262394337,6,4,-58754.34,32.63,3799057,2655660259.39,30.0,189247247,53113205187.8,20,FOOD_TRADE_LOGISTICS_RESEARCH_ACCESS_PROPOSAL,20/30 days of current scenario daily income when map-derived constraints apply; credit remains undrawn,research-access priority only; no Core licence or production recipe granted,PROPOSED_NOT_ACTIVATED,False,False,False
visual-territory-56,56,Doren,国家参赛单位起步机会; 保留自然与人口差异,139613807,4,4,38363.37,45.34,342829,1168597598.5,30.0,508163596,0.0,0,NO_ADDITIONAL_TECH_ACCESS_PROPOSED,20/30 days of current scenario daily income when map-derived constraints apply; credit remains undrawn,research-access priority only; no Core licence or production recipe granted,PROPOSED_NOT_ACTIVATED,False,False,False
visual-territory-57,57,Everen,国家参赛单位起步机会; 保留自然与人口差异,220429446,5,3,25847.823,46.96,399426,1901122449.53,30.0,120170997,0.0,0,NO_ADDITIONAL_TECH_ACCESS_PROPOSED,20/30 days of current scenario daily income when map-derived constraints apply; credit remains undrawn,research-access priority only; no Core licence or production recipe granted,PROPOSED_NOT_ACTIVATED,False,False,False
visual-territory-58,58,Fenna,国家参赛单位起步机会; 保留自然与人口差异,613431996,9,2,80576.644,45.98,1441796,5257244866.75,30.0,340976006,105144897335.0,20,RESOURCE_EFFICIENCY_RESEARCH_ACCESS_PROPOSAL,20/30 days of current scenario daily income when map-derived constraints apply; credit remains undrawn,research-access priority only; no Core licence or production recipe granted,PROPOSED_NOT_ACTIVATED,False,False,False
visual-territory-59,59,Garan,国家参赛单位起步机会; 保留自然与人口差异,71566237,3,3,752.172,49.78,81842,658862257.88,30.0,64922678,13177245157.6,20,INDUSTRIAL_PROCESS_RESEARCH_ACCESS_PROPOSAL,20/30 days of current scenario daily income when map-derived constraints apply; credit remains undrawn,research-access priority only; no Core licence or production recipe granted,PROPOSED_NOT_ACTIVATED,False,False,False
visual-territory-60,60,Hylos,国家参赛单位起步机会; 保留自然与人口差异,452838123,8,4,113938.58,47.15,737812,3890112017.62,30.0,314277458,0.0,0,NO_ADDITIONAL_TECH_ACCESS_PROPOSED,20/30 days of current scenario daily income when map-derived constraints apply; credit remains undrawn,research-access priority only; no Core licence or production recipe granted,PROPOSED_NOT_ACTIVATED,False,False,False
visual-territory-61,61,Ivara,国家参赛单位起步机会; 保留自然与人口差异,461576353,8,4,-26558.502,34.08,4965621,4016666656.84,30.0,210920468,80333333136.8,20,FOOD_TRADE_LOGISTICS_RESEARCH_ACCESS_PROPOSAL,20/30 days of current scenario daily income when map-derived constraints apply; credit remains undrawn,research-access priority only; no Core licence or production recipe granted,PROPOSED_NOT_ACTIVATED,False,False,False
visual-territory-62,62,Jalen,国家参赛单位起步机会; 保留自然与人口差异,246644605,6,3,30242.35,47.55,492965,2198450999.55,30.0,163591655,0.0,0,NO_ADDITIONAL_TECH_ACCESS_PROPOSED,20/30 days of current scenario daily income when map-derived constraints apply; credit remains undrawn,research-access priority only; no Core licence or production recipe granted,PROPOSED_NOT_ACTIVATED,False,False,False
visual-territory-63,63,Korra,国家参赛单位起步机会; 保留自然与人口差异,341057685,7,3,-27618.993,43.26,1756985,3099134844.25,30.0,127711750,61982696885.0,20,FOOD_TRADE_LOGISTICS_RESEARCH_ACCESS_PROPOSAL,20/30 days of current scenario daily income when map-derived constraints apply; credit remains undrawn,research-access priority only; no Core licence or production recipe granted,PROPOSED_NOT_ACTIVATED,False,False,False
visual-territory-64,64,Lethis,国家参赛单位起步机会; 保留自然与人口差异,570529072,9,4,-40985.919,43.15,2723220,5055096262.0,30.0,251158669,101101925240.0,20,FOOD_TRADE_LOGISTICS_RESEARCH_ACCESS_PROPOSAL,20/30 days of current scenario daily income when map-derived constraints apply; credit remains undrawn,research-access priority only; no Core licence or production recipe granted,PROPOSED_NOT_ACTIVATED,False,False,False
visual-territory-65,65,Marn,国家参赛单位起步机会; 保留自然与人口差异,298971448,6,1,91356.344,44.94,918037,2568970640.06,30.0,410891133,51379412801.2,20,RESOURCE_EFFICIENCY_RESEARCH_ACCESS_PROPOSAL,20/30 days of current scenario daily income when map-derived constraints apply; credit remains undrawn,research-access priority only; no Core licence or production recipe granted,PROPOSED_NOT_ACTIVATED,False,False,False
visual-territory-66,66,Nivor,国家参赛单位起步机会; 保留自然与人口差异,456532213,8,4,-37470.063,42.69,2855400,4281735573.98,30.0,159032210,85634711479.6,20,FOOD_TRADE_LOGISTICS_RESEARCH_ACCESS_PROPOSAL,20/30 days of current scenario daily income when map-derived constraints apply; credit remains undrawn,research-access priority only; no Core licence or production recipe granted,PROPOSED_NOT_ACTIVATED,False,False,False
visual-territory-67,67,Orsa,国家参赛单位起步机会; 保留自然与人口差异,230127298,6,2,-24800.347,37.91,2256844,2200435949.19,30.0,98157041,66013078475.7,30,FOOD_TRADE_LOGISTICS_RESEARCH_ACCESS_PROPOSAL,20/30 days of current scenario daily income when map-derived constraints apply; credit remains undrawn,research-access priority only; no Core licence or production recipe granted,PROPOSED_NOT_ACTIVATED,False,False,False
visual-territory-68,68,Pella,国家参赛单位起步机会; 保留自然与人口差异,180847859,5,1,50372.863,50.3,18543,1596133426.03,30.0,100040037,31922668520.6,20,RESOURCE_EFFICIENCY_RESEARCH_ACCESS_PROPOSAL,20/30 days of current scenario daily income when map-derived constraints apply; credit remains undrawn,research-access priority only; no Core licence or production recipe granted,PROPOSED_NOT_ACTIVATED,False,False,False
visual-territory-69,69,Quillan,国家参赛单位起步机会; 保留自然与人口差异,151539363,4,1,21650.94,52.18,0,1318365347.23,30.0,158838725,26367306944.6,20,RESOURCE_EFFICIENCY_RESEARCH_ACCESS_PROPOSAL,20/30 days of current scenario daily income when map-derived constraints apply; credit remains undrawn,research-access priority only; no Core licence or production recipe granted,PROPOSED_NOT_ACTIVATED,False,False,False
visual-territory-70,70,Rhea,国家参赛单位起步机会; 保留自然与人口差异,87778709,3,1,20979.734,55.46,0,770994621.43,30.0,99488094,15419892428.6,20,INDUSTRIAL_PROCESS_RESEARCH_ACCESS_PROPOSAL,20/30 days of current scenario daily income when map-derived constraints apply; credit remains undrawn,research-access priority only; no Core licence or production recipe granted,PROPOSED_NOT_ACTIVATED,False,False,False
