id,fromId,toId,countryIds,path,distanceKm,mode,status,operating,capacityTonnesDay,travelSimDays,cargo,requiresTransitConsent,requiresPortOrFerry
ACCESS-001,SF002,SF001,"[""visual-territory-01""]","M1565,261L1599,307",1160.8,land-survey,SURVEY_CORRIDOR,False,199188.95,1.862,STANDARD_COMMODITIES_EXCLUDING_ELECTRICITY,False,False
ACCESS-002,SF003,SF001,"[""visual-territory-01"",""visual-territory-02""]","M1616,245L1599,307",1304.61,land-survey,SURVEY_CORRIDOR,False,188974.74,2.062,STANDARD_COMMODITIES_EXCLUDING_ELECTRICITY,True,False
ACCESS-003,SF004,SF001,"[""visual-territory-01""]","M1553,305L1599,307",934.37,land-survey,SURVEY_CORRIDOR,False,217716.26,1.548,STANDARD_COMMODITIES_EXCLUDING_ELECTRICITY,False,False
ACCESS-004,SF005,SF001,"[""visual-territory-01""]","M1597,273L1599,307",691.16,land-survey,SURVEY_CORRIDOR,False,241881.57,1.21,STANDARD_COMMODITIES_EXCLUDING_ELECTRICITY,False,False
ACCESS-005,SF007,SF006,"[""visual-territory-02""]","M1683,282L1602,301",1688.36,land-survey,SURVEY_CORRIDOR,False,259811.98,2.595,STANDARD_COMMODITIES_EXCLUDING_ELECTRICITY,False,False
ACCESS-006,SF008,SF006,"[""visual-territory-02""]","M1650,337L1602,301",1217.59,land-survey,SURVEY_CORRIDOR,False,304819.55,1.941,STANDARD_COMMODITIES_EXCLUDING_ELECTRICITY,False,False
ACCESS-007,SF009,SF006,"[""visual-territory-01"",""visual-territory-02""]","M1626,245L1602,301",1236.38,land-survey,SURVEY_CORRIDOR,False,302725.86,1.967,STANDARD_COMMODITIES_EXCLUDING_ELECTRICITY,True,False
ACCESS-008,SF010,SF006,"[""visual-territory-02""]","M1641,285L1602,301",855.45,land-survey,SURVEY_CORRIDOR,False,351684.46,1.438,STANDARD_COMMODITIES_EXCLUDING_ELECTRICITY,False,False
ACCESS-009,SF011,SF006,"[""visual-territory-02""]","M1618,329L1602,301",654.43,land-survey,SURVEY_CORRIDOR,False,384497.24,1.159,STANDARD_COMMODITIES_EXCLUDING_ELECTRICITY,False,False
ACCESS-010,SF012,SF018,"[""visual-territory-03""]","M1478,398L1497,364",790.39,land-survey,SURVEY_CORRIDOR,False,668536.65,1.348,STANDARD_COMMODITIES_EXCLUDING_ELECTRICITY,False,False
ACCESS-011,SF013,SF018,"[""visual-territory-03""]","M1411,313L1497,364",2029.01,multimodal-survey,SURVEY_CORRIDOR,False,433892.47,5.447,STANDARD_COMMODITIES_EXCLUDING_ELECTRICITY,False,True
ACCESS-012,SF014,SF018,"[""visual-territory-03""]","M1404,388L1497,364",1949.09,land-survey,SURVEY_CORRIDOR,False,443945.97,2.957,STANDARD_COMMODITIES_EXCLUDING_ELECTRICITY,False,False
ACCESS-013,SF015,SF018,"[""visual-territory-03""]","M1469,336L1497,364",803.57,multimodal-survey,SURVEY_CORRIDOR,False,664712.67,2.61,STANDARD_COMMODITIES_EXCLUDING_ELECTRICITY,False,True
ACCESS-014,SF016,SF018,"[""visual-territory-03"",""visual-territory-07""]","M1436,433L1497,364",1868.95,land-survey,SURVEY_CORRIDOR,False,454506.39,2.846,STANDARD_COMMODITIES_EXCLUDING_ELECTRICITY,True,False
ACCESS-015,SF017,SF018,"[""visual-territory-03""]","M1444,371L1497,364",1084.88,land-survey,SURVEY_CORRIDOR,False,592372.75,1.757,STANDARD_COMMODITIES_EXCLUDING_ELECTRICITY,False,False
ACCESS-016,SF019,SF018,"[""visual-territory-03""]","M1435,338L1497,364",1364.33,land-survey,SURVEY_CORRIDOR,False,534579.53,2.145,STANDARD_COMMODITIES_EXCLUDING_ELECTRICITY,False,False
ACCESS-017,SF020,SF018,"[""visual-territory-03""]","M1433,401L1497,364",1500.18,land-survey,SURVEY_CORRIDOR,False,510372.35,2.334,STANDARD_COMMODITIES_EXCLUDING_ELECTRICITY,False,False
ACCESS-018,SF021,H05,"[""visual-territory-04""]","M1510,368L1507,369",64.17,land-survey,SURVEY_CORRIDOR,False,951995.54,0.339,STANDARD_COMMODITIES_EXCLUDING_ELECTRICITY,False,False
ACCESS-019,SF022,H05,"[""visual-territory-04""]","M1515,307L1507,369",1268.6,land-survey,SURVEY_CORRIDOR,False,537846.9,2.012,STANDARD_COMMODITIES_EXCLUDING_ELECTRICITY,False,False
ACCESS-020,SF023,H05,"[""visual-territory-04""]","M1529,264L1507,369",2177.05,multimodal-survey,SURVEY_CORRIDOR,False,404967.76,5.789,STANDARD_COMMODITIES_EXCLUDING_ELECTRICITY,False,True
ACCESS-021,SF024,H05,"[""visual-territory-04""]","M1462,278L1507,369",2060.13,multimodal-survey,SURVEY_CORRIDOR,False,418267.47,5.519,STANDARD_COMMODITIES_EXCLUDING_ELECTRICITY,False,True
ACCESS-022,SF025,H05,"[""visual-territory-04""]","M1561,342L1507,369",1225.17,land-survey,SURVEY_CORRIDOR,False,546418.47,1.952,STANDARD_COMMODITIES_EXCLUDING_ELECTRICITY,False,False
ACCESS-023,SF026,H05,"[""visual-territory-04""]","M1559,224L1507,369",3126.0,multimodal-survey,SURVEY_CORRIDOR,False,321894.96,7.986,STANDARD_COMMODITIES_EXCLUDING_ELECTRICITY,False,True
ACCESS-024,SF027,H05,"[""visual-territory-04""]","M1481,334L1507,369",884.79,land-survey,SURVEY_CORRIDOR,False,624409.51,1.479,STANDARD_COMMODITIES_EXCLUDING_ELECTRICITY,False,False
ACCESS-025,SF028,SF034,"[""visual-territory-05""]","M1556,356L1628,413",1863.55,land-survey,SURVEY_CORRIDOR,False,287724.13,2.838,STANDARD_COMMODITIES_EXCLUDING_ELECTRICITY,False,False
ACCESS-026,SF029,SF034,"[""visual-territory-05""]","M1645,382L1628,413",717.47,multimodal-survey,SURVEY_CORRIDOR,False,436431.16,2.411,STANDARD_COMMODITIES_EXCLUDING_ELECTRICITY,False,True
ACCESS-027,SF030,SF034,"[""visual-territory-05""]","M1593,418L1628,413",717.47,multimodal-survey,SURVEY_CORRIDOR,False,436431.16,2.411,STANDARD_COMMODITIES_EXCLUDING_ELECTRICITY,False,True
ACCESS-028,SF031,SF034,"[""visual-territory-05""]","M1612,327L1628,413",1775.16,multimodal-survey,SURVEY_CORRIDOR,False,295489.22,4.859,STANDARD_COMMODITIES_EXCLUDING_ELECTRICITY,False,True
ACCESS-029,SF032,SF034,"[""visual-territory-05""]","M1600,372L1628,413",1007.53,land-survey,SURVEY_CORRIDOR,False,385947.0,1.649,STANDARD_COMMODITIES_EXCLUDING_ELECTRICITY,False,False
ACCESS-030,SF033,SF034,"[""visual-territory-05""]","M1574,323L1628,413",2129.91,land-survey,SURVEY_CORRIDOR,False,266610.92,3.208,STANDARD_COMMODITIES_EXCLUDING_ELECTRICITY,False,False
ACCESS-031,SF035,SF041,"[""visual-territory-06""]","M1378,444L1331,433",979.55,land-survey,SURVEY_CORRIDOR,False,392667.77,1.61,STANDARD_COMMODITIES_EXCLUDING_ELECTRICITY,False,False
ACCESS-032,SF036,SF041,"[""visual-territory-06""]","M1288,457L1331,433",999.32,multimodal-survey,SURVEY_CORRIDOR,False,389561.73,3.063,STANDARD_COMMODITIES_EXCLUDING_ELECTRICITY,False,True
ACCESS-033,SF037,SF041,"[""visual-territory-06""]","M1325,385L1331,433",981.65,multimodal-survey,SURVEY_CORRIDOR,False,392335.52,3.022,STANDARD_COMMODITIES_EXCLUDING_ELECTRICITY,False,True
ACCESS-034,SF038,SF041,"[""visual-territory-06""]","M1349,501L1331,433",1427.46,multimodal-survey,SURVEY_CORRIDOR,False,332588.6,4.054,STANDARD_COMMODITIES_EXCLUDING_ELECTRICITY,False,True
ACCESS-035,SF039,SF041,"[""visual-territory-06"",""visual-territory-14""]","M1429,473L1331,433",2148.01,land-survey,SURVEY_CORRIDOR,False,266896.39,3.233,STANDARD_COMMODITIES_EXCLUDING_ELECTRICITY,True,False
ACCESS-036,SF040,SF041,"[""visual-territory-06""]","M1404,396L1331,433",1660.82,multimodal-survey,SURVEY_CORRIDOR,False,308034.27,4.594,STANDARD_COMMODITIES_EXCLUDING_ELECTRICITY,False,True
ACCESS-037,SF042,P09,"[""visual-territory-07""]","M1446,427L1479,467",1052.31,land-survey,SURVEY_CORRIDOR,False,392558.08,1.712,STANDARD_COMMODITIES_EXCLUDING_ELECTRICITY,False,False
ACCESS-038,SF043,P09,"[""visual-territory-07""]","M1525,467L1479,467",933.48,multimodal-survey,SURVEY_CORRIDOR,False,411726.81,2.911,STANDARD_COMMODITIES_EXCLUDING_ELECTRICITY,False,True
ACCESS-039,SF044,P09,"[""visual-territory-07""]","M1437,486L1479,467",935.47,multimodal-survey,SURVEY_CORRIDOR,False,411391.56,2.915,STANDARD_COMMODITIES_EXCLUDING_ELECTRICITY,False,True
ACCESS-040,SF045,P09,"[""visual-territory-07""]","M1494,389L1479,467",1611.87,land-survey,SURVEY_CORRIDOR,False,321970.87,2.489,STANDARD_COMMODITIES_EXCLUDING_ELECTRICITY,False,False
ACCESS-041,SF046,P09,"[""visual-territory-07""]","M1502,431L1479,467",866.92,land-survey,SURVEY_CORRIDOR,False,423305.13,1.454,STANDARD_COMMODITIES_EXCLUDING_ELECTRICITY,False,False
ACCESS-042,SF047,P09,"[""visual-territory-07""]","M1428,454L1479,467",1068.04,multimodal-survey,SURVEY_CORRIDOR,False,390153.3,3.222,STANDARD_COMMODITIES_EXCLUDING_ELECTRICITY,False,True
ACCESS-043,SF048,SF054,"[""visual-territory-08""]","M1554,399L1591,414",810.2,land-survey,SURVEY_CORRIDOR,False,459713.09,1.375,STANDARD_COMMODITIES_EXCLUDING_ELECTRICITY,False,False
ACCESS-044,SF049,SF054,"[""visual-territory-08""]","M1546,482L1591,414",1654.73,multimodal-survey,SURVEY_CORRIDOR,False,336646.87,4.58,STANDARD_COMMODITIES_EXCLUDING_ELECTRICITY,False,True
ACCESS-045,SF050,SF054,"[""visual-territory-08""]","M1495,388L1591,414",2018.32,land-survey,SURVEY_CORRIDOR,False,301856.74,3.053,STANDARD_COMMODITIES_EXCLUDING_ELECTRICITY,False,False
ACCESS-046,SF051,SF054,"[""visual-territory-08""]","M1515,438L1591,414",1617.35,land-survey,SURVEY_CORRIDOR,False,340683.51,2.496,STANDARD_COMMODITIES_EXCLUDING_ELECTRICITY,False,False
ACCESS-047,SF052,SF054,"[""visual-territory-05"",""visual-territory-08""]","M1555,356L1591,414",1385.29,land-survey,SURVEY_CORRIDOR,False,368083.81,2.174,STANDARD_COMMODITIES_EXCLUDING_ELECTRICITY,True,False
ACCESS-048,SF053,SF054,"[""visual-territory-08""]","M1562,441L1591,414",804.08,multimodal-survey,SURVEY_CORRIDOR,False,460934.67,2.611,STANDARD_COMMODITIES_EXCLUDING_ELECTRICITY,False,True
ACCESS-049,SF056,SF055,"[""visual-territory-09""]","M1131,577L1111,527",1092.82,land-survey,SURVEY_CORRIDOR,False,136469.23,1.768,STANDARD_COMMODITIES_EXCLUDING_ELECTRICITY,False,False
ACCESS-050,SF057,SF055,"[""visual-territory-09""]","M1049,579L1111,527",1642.11,multimodal-survey,SURVEY_CORRIDOR,False,112612.06,4.551,STANDARD_COMMODITIES_EXCLUDING_ELECTRICITY,False,True
ACCESS-051,SF058,SF055,"[""visual-territory-09""]","M1091,600L1111,527",1535.99,land-survey,SURVEY_CORRIDOR,False,116548.45,2.383,STANDARD_COMMODITIES_EXCLUDING_ELECTRICITY,False,False
ACCESS-052,SF060,SF059,"[""visual-territory-10""]","M1226,420L1135,546",3154.06,multimodal-survey,SURVEY_CORRIDOR,False,41206.66,8.051,STANDARD_COMMODITIES_EXCLUDING_ELECTRICITY,False,True
ACCESS-053,SF061,SF059,"[""visual-territory-10""]","M1152,462L1135,546",1739.18,multimodal-survey,SURVEY_CORRIDOR,False,59205.82,4.776,STANDARD_COMMODITIES_EXCLUDING_ELECTRICITY,False,True
ACCESS-054,SF063,SF062,"[""visual-territory-11""]","M1214,594L1205,570",520.15,land-survey,SURVEY_CORRIDOR,False,87551.74,0.972,STANDARD_COMMODITIES_EXCLUDING_ELECTRICITY,False,False
ACCESS-055,SF064,SF062,"[""visual-territory-11""]","M1267,565L1205,570",1262.26,multimodal-survey,SURVEY_CORRIDOR,False,64030.2,3.672,STANDARD_COMMODITIES_EXCLUDING_ELECTRICITY,False,True
ACCESS-056,SF065,H06,"[""visual-territory-12""]","M1310,547L1265,554",924.17,land-survey,SURVEY_CORRIDOR,False,131081.87,1.534,STANDARD_COMMODITIES_EXCLUDING_ELECTRICITY,False,False
ACCESS-057,SF066,H06,"[""visual-territory-12""]","M1215,528L1265,554",1143.64,multimodal-survey,SURVEY_CORRIDOR,False,120199.88,3.397,STANDARD_COMMODITIES_EXCLUDING_ELECTRICITY,False,True
ACCESS-058,SF067,H06,"[""visual-territory-12""]","M1288,458L1265,554",2003.27,multimodal-survey,SURVEY_CORRIDOR,False,90705.26,5.387,STANDARD_COMMODITIES_EXCLUDING_ELECTRICITY,False,True
ACCESS-059,SF069,SF068,"[""visual-territory-13""]","M1337,563L1284,605",1372.3,land-survey,SURVEY_CORRIDOR,False,37006.84,2.156,STANDARD_COMMODITIES_EXCLUDING_ELECTRICITY,False,False
ACCESS-060,SF071,SF070,"[""visual-territory-14""]","M1383,561L1360,505",1228.53,land-survey,SURVEY_CORRIDOR,False,212266.83,1.956,STANDARD_COMMODITIES_EXCLUDING_ELECTRICITY,False,False
ACCESS-061,SF072,SF070,"[""visual-territory-14""]","M1448,513L1360,505",1793.16,land-survey,SURVEY_CORRIDOR,False,175872.62,2.74,STANDARD_COMMODITIES_EXCLUDING_ELECTRICITY,False,False
ACCESS-062,SF073,SF070,"[""visual-territory-14""]","M1407,472L1360,505",1165.4,land-survey,SURVEY_CORRIDOR,False,217294.57,1.869,STANDARD_COMMODITIES_EXCLUDING_ELECTRICITY,False,False
ACCESS-063,SF074,SF070,"[""visual-territory-14""]","M1337,546L1360,505",953.99,land-survey,SURVEY_CORRIDOR,False,236013.94,1.575,STANDARD_COMMODITIES_EXCLUDING_ELECTRICITY,False,False
ACCESS-064,SF075,SF081,"[""visual-territory-15""]","M1424,583L1434,629",955.29,land-survey,SURVEY_CORRIDOR,False,414359.24,1.577,STANDARD_COMMODITIES_EXCLUDING_ELECTRICITY,False,False
ACCESS-065,SF076,SF081,"[""visual-territory-15""]","M1478,521L1434,629",2366.56,multimodal-survey,SURVEY_CORRIDOR,False,263120.08,6.228,STANDARD_COMMODITIES_EXCLUDING_ELECTRICITY,False,True
ACCESS-066,SF077,SF081,"[""visual-territory-15""]","M1481,620L1434,629",971.11,land-survey,SURVEY_CORRIDOR,False,411706.65,1.599,STANDARD_COMMODITIES_EXCLUDING_ELECTRICITY,False,False
ACCESS-067,SF078,SF081,"[""visual-territory-15"",""visual-territory-23""]","M1369,619L1434,629",1334.57,land-survey,SURVEY_CORRIDOR,False,358915.15,2.104,STANDARD_COMMODITIES_EXCLUDING_ELECTRICITY,True,False
ACCESS-068,SF079,SF081,"[""visual-territory-15""]","M1365,560L1434,629",1980.22,land-survey,SURVEY_CORRIDOR,False,292329.62,3.0,STANDARD_COMMODITIES_EXCLUDING_ELECTRICITY,False,False
ACCESS-069,SF080,SF081,"[""visual-territory-15""]","M1427,531L1434,629",1993.79,land-survey,SURVEY_CORRIDOR,False,291193.78,3.019,STANDARD_COMMODITIES_EXCLUDING_ELECTRICITY,False,False
ACCESS-070,SF082,SF088,"[""visual-territory-16""]","M1522,613L1572,500",2507.58,multimodal-survey,SURVEY_CORRIDOR,False,343796.83,6.555,STANDARD_COMMODITIES_EXCLUDING_ELECTRICITY,False,True
ACCESS-071,SF083,SF088,"[""visual-territory-16""]","M1620,533L1572,500",1182.06,multimodal-survey,SURVEY_CORRIDOR,False,513705.99,3.486,STANDARD_COMMODITIES_EXCLUDING_ELECTRICITY,False,True
ACCESS-072,SF084,SF088,"[""visual-territory-16""]","M1520,510L1572,500",1074.58,multimodal-survey,SURVEY_CORRIDOR,False,535152.62,3.237,STANDARD_COMMODITIES_EXCLUDING_ELECTRICITY,False,True
ACCESS-073,SF085,SF088,"[""visual-territory-16""]","M1611,670L1572,500",3539.45,multimodal-survey,SURVEY_CORRIDOR,False,273401.35,8.943,STANDARD_COMMODITIES_EXCLUDING_ELECTRICITY,False,True
ACCESS-074,SF086,SF088,"[""visual-territory-16""]","M1466,568L1572,500",2555.64,multimodal-survey,SURVEY_CORRIDOR,False,339722.09,6.666,STANDARD_COMMODITIES_EXCLUDING_ELECTRICITY,False,True
ACCESS-075,SF087,SF088,"[""visual-territory-16""]","M1560,551L1572,500",1063.21,multimodal-survey,SURVEY_CORRIDOR,False,537525.51,3.211,STANDARD_COMMODITIES_EXCLUDING_ELECTRICITY,False,True
ACCESS-076,SF089,SF088,"[""visual-territory-16""]","M1514,565L1572,500",1767.83,multimodal-survey,SURVEY_CORRIDOR,False,421622.59,4.842,STANDARD_COMMODITIES_EXCLUDING_ELECTRICITY,False,True
ACCESS-077,SF090,P12,"[""visual-territory-17""]","M1006,635L1010,645",218.56,land-survey,SURVEY_CORRIDOR,False,232024.93,0.554,STANDARD_COMMODITIES_EXCLUDING_ELECTRICITY,False,False
ACCESS-078,SF091,P12,"[""visual-territory-17""]","M992,565L1010,645",1664.04,land-survey,SURVEY_CORRIDOR,False,126025.62,2.561,STANDARD_COMMODITIES_EXCLUDING_ELECTRICITY,False,False
ACCESS-079,SF092,P12,"[""visual-territory-17""]","M972,605L1010,645",1119.62,land-survey,SURVEY_CORRIDOR,False,152216.5,1.805,STANDARD_COMMODITIES_EXCLUDING_ELECTRICITY,False,False
ACCESS-080,SF094,SF093,"[""visual-territory-18""]","M1004,664L1044,717",1347.47,multimodal-survey,SURVEY_CORRIDOR,False,50215.73,3.869,STANDARD_COMMODITIES_EXCLUDING_ELECTRICITY,False,True
ACCESS-081,SF096,SF095,"[""visual-territory-19""]","M1015,651L1093,602",1869.28,land-survey,SURVEY_CORRIDOR,False,94501.53,2.846,STANDARD_COMMODITIES_EXCLUDING_ELECTRICITY,False,False
ACCESS-082,SF097,SF095,"[""visual-territory-19""]","M1072,655L1093,602",1156.89,land-survey,SURVEY_CORRIDOR,False,119840.4,1.857,STANDARD_COMMODITIES_EXCLUDING_ELECTRICITY,False,False
ACCESS-083,SF098,SF095,"[""visual-territory-09"",""visual-territory-19""]","M1031,574L1093,602",1380.53,multimodal-survey,SURVEY_CORRIDOR,False,110536.05,3.946,STANDARD_COMMODITIES_EXCLUDING_ELECTRICITY,True,True
ACCESS-084,SF100,SF099,"[""visual-territory-20""]","M1160,592L1122,648",1373.35,multimodal-survey,SURVEY_CORRIDOR,False,2240.74,3.929,STANDARD_COMMODITIES_EXCLUDING_ELECTRICITY,False,True
ACCESS-085,SF102,SF101,"[""visual-territory-21""]","M1264,623L1256,698",1530.62,land-survey,SURVEY_CORRIDOR,False,167398.29,2.376,STANDARD_COMMODITIES_EXCLUDING_ELECTRICITY,False,False
ACCESS-086,SF103,SF101,"[""visual-territory-21""]","M1187,704L1256,698",1405.51,land-survey,SURVEY_CORRIDOR,False,174606.32,2.202,STANDARD_COMMODITIES_EXCLUDING_ELECTRICITY,False,False
ACCESS-087,SF104,SF101,"[""visual-territory-21""]","M1184,616L1256,698",2214.46,land-survey,SURVEY_CORRIDOR,False,136579.74,3.326,STANDARD_COMMODITIES_EXCLUDING_ELECTRICITY,False,False
ACCESS-088,SF105,SF101,"[""visual-territory-21""]","M1220,657L1256,698",1107.23,land-survey,SURVEY_CORRIDOR,False,194582.01,1.788,STANDARD_COMMODITIES_EXCLUDING_ELECTRICITY,False,False
ACCESS-089,SF107,SF106,"[""visual-territory-22""]","M1274,613L1277,681",1381.27,multimodal-survey,SURVEY_CORRIDOR,False,137895.7,3.947,STANDARD_COMMODITIES_EXCLUDING_ELECTRICITY,False,True
ACCESS-090,SF108,SF106,"[""visual-territory-22""]","M1320,720L1277,681",1178.05,land-survey,SURVEY_CORRIDOR,False,148359.94,1.886,STANDARD_COMMODITIES_EXCLUDING_ELECTRICITY,False,False
ACCESS-091,SF109,SF106,"[""visual-territory-22""]","M1377,707L1277,681",2096.78,multimodal-survey,SURVEY_CORRIDOR,False,110464.15,5.604,STANDARD_COMMODITIES_EXCLUDING_ELECTRICITY,False,True
ACCESS-092,SF110,H07,"[""visual-territory-23""]","M1430,660L1450,676",519.76,land-survey,SURVEY_CORRIDOR,False,526386.67,0.972,STANDARD_COMMODITIES_EXCLUDING_ELECTRICITY,False,False
ACCESS-093,SF111,H07,"[""visual-territory-23""]","M1292,654L1450,676",3237.25,land-survey,SURVEY_CORRIDOR,False,224428.59,4.746,STANDARD_COMMODITIES_EXCLUDING_ELECTRICITY,False,False
ACCESS-094,SF112,H07,"[""visual-territory-23""]","M1441,728L1450,676",1070.93,land-survey,SURVEY_CORRIDOR,False,413536.37,1.737,STANDARD_COMMODITIES_EXCLUDING_ELECTRICITY,False,False
ACCESS-095,SF113,H07,"[""visual-territory-23""]","M1349,685L1450,676",2057.73,land-survey,SURVEY_CORRIDOR,False,298835.06,3.108,STANDARD_COMMODITIES_EXCLUDING_ELECTRICITY,False,False
ACCESS-096,SF114,H07,"[""visual-territory-15"",""visual-territory-23""]","M1372,620L1450,676",1948.56,land-survey,SURVEY_CORRIDOR,False,308294.67,2.956,STANDARD_COMMODITIES_EXCLUDING_ELECTRICITY,True,False
ACCESS-097,SF115,H07,"[""visual-territory-23""]","M1398,700L1450,676",1162.21,land-survey,SURVEY_CORRIDOR,False,399356.99,1.864,STANDARD_COMMODITIES_EXCLUDING_ELECTRICITY,False,False
ACCESS-098,SF116,P10,"[""visual-territory-24""]","M1542,695L1545,692",86.1,land-survey,SURVEY_CORRIDOR,False,445490.76,0.37,STANDARD_COMMODITIES_EXCLUDING_ELECTRICITY,False,False
ACCESS-099,SF117,P10,"[""visual-territory-24""]","M1479,682L1545,692",1354.63,land-survey,SURVEY_CORRIDOR,False,247524.44,2.131,STANDARD_COMMODITIES_EXCLUDING_ELECTRICITY,False,False
ACCESS-100,SF118,P10,"[""visual-territory-24""]","M1489,604L1545,692",2116.72,multimodal-survey,SURVEY_CORRIDOR,False,195368.01,5.65,STANDARD_COMMODITIES_EXCLUDING_ELECTRICITY,False,True
ACCESS-101,SF119,P10,"[""visual-territory-24""]","M1606,679L1545,692",1265.68,multimodal-survey,SURVEY_CORRIDOR,False,255485.62,3.68,STANDARD_COMMODITIES_EXCLUDING_ELECTRICITY,False,True
ACCESS-102,SF120,P10,"[""visual-territory-24""]","M1543,631L1545,692",1238.55,multimodal-survey,SURVEY_CORRIDOR,False,258016.99,3.617,STANDARD_COMMODITIES_EXCLUDING_ELECTRICITY,False,True
ACCESS-103,SF122,SF121,"[""visual-territory-25""]","M952,667L998,752",1961.31,multimodal-survey,SURVEY_CORRIDOR,False,84464.8,5.29,STANDARD_COMMODITIES_EXCLUDING_ELECTRICITY,False,True
ACCESS-104,SF123,SF121,"[""visual-territory-25""]","M923,749L998,752",1523.2,multimodal-survey,SURVEY_CORRIDOR,False,96704.98,4.276,STANDARD_COMMODITIES_EXCLUDING_ELECTRICITY,False,True
ACCESS-105,SF125,SF124,"[""visual-territory-26""]","M1088,793L1084,719",1503.88,land-survey,SURVEY_CORRIDOR,False,53772.55,2.339,STANDARD_COMMODITIES_EXCLUDING_ELECTRICITY,False,False
ACCESS-106,SF127,SF126,"[""visual-territory-27"",""visual-territory-28""]","M1158,779L1167,683",1956.68,multimodal-survey,SURVEY_CORRIDOR,False,100285.55,5.279,STANDARD_COMMODITIES_EXCLUDING_ELECTRICITY,True,True
ACCESS-107,SF128,SF126,"[""visual-territory-27""]","M1106,808L1167,683",2822.57,multimodal-survey,SURVEY_CORRIDOR,False,80196.6,7.284,STANDARD_COMMODITIES_EXCLUDING_ELECTRICITY,False,True
ACCESS-108,SF129,SF126,"[""visual-territory-20"",""visual-territory-27""]","M1084,718L1167,683",1827.96,land-survey,SURVEY_CORRIDOR,False,104164.54,2.789,STANDARD_COMMODITIES_EXCLUDING_ELECTRICITY,True,False
ACCESS-109,SF130,H08,"[""visual-territory-28""]","M1230,729L1195,750",828.3,land-survey,SURVEY_CORRIDOR,False,117405.46,1.4,STANDARD_COMMODITIES_EXCLUDING_ELECTRICITY,False,False
ACCESS-110,SF131,H08,"[""visual-territory-28""]","M1146,820L1195,750",1733.96,multimodal-survey,SURVEY_CORRIDOR,False,84526.25,4.764,STANDARD_COMMODITIES_EXCLUDING_ELECTRICITY,False,True
ACCESS-111,SF132,P11,"[""visual-territory-29""]","M1292,721L1313,812",1895.21,multimodal-survey,SURVEY_CORRIDOR,False,87721.1,5.137,STANDARD_COMMODITIES_EXCLUDING_ELECTRICITY,False,True
ACCESS-112,SF133,P11,"[""visual-territory-29""]","M1262,826L1313,812",1073.24,multimodal-survey,SURVEY_CORRIDOR,False,115741.99,3.234,STANDARD_COMMODITIES_EXCLUDING_ELECTRICITY,False,True
ACCESS-113,SF134,P11,"[""visual-territory-29""]","M1334,818L1313,812",443.21,land-survey,SURVEY_CORRIDOR,False,153267.86,0.866,STANDARD_COMMODITIES_EXCLUDING_ELECTRICITY,False,False
ACCESS-114,SF136,SF135,"[""visual-territory-30""]","M1424,811L1409,747",1333.95,multimodal-survey,SURVEY_CORRIDOR,False,115415.99,3.838,STANDARD_COMMODITIES_EXCLUDING_ELECTRICITY,False,True
ACCESS-115,SF137,SF135,"[""visual-territory-30""]","M1365,782L1409,747",1140.94,multimodal-survey,SURVEY_CORRIDOR,False,123851.43,3.391,STANDARD_COMMODITIES_EXCLUDING_ELECTRICITY,False,True
ACCESS-116,SF138,SF135,"[""visual-territory-30""]","M1385,706L1409,747",964.08,land-survey,SURVEY_CORRIDOR,False,132740.49,1.589,STANDARD_COMMODITIES_EXCLUDING_ELECTRICITY,False,False
ACCESS-117,SF140,SF139,"[""visual-territory-31""]","M1520,773L1510,714",1214.37,multimodal-survey,SURVEY_CORRIDOR,False,156496.55,3.561,STANDARD_COMMODITIES_EXCLUDING_ELECTRICITY,False,True
ACCESS-118,SF141,SF139,"[""visual-territory-31""]","M1568,720L1510,714",1183.28,multimodal-survey,SURVEY_CORRIDOR,False,158309.68,3.489,STANDARD_COMMODITIES_EXCLUDING_ELECTRICITY,False,True
ACCESS-119,SF142,SF139,"[""visual-territory-31""]","M1449,761L1510,714",1562.7,multimodal-survey,SURVEY_CORRIDOR,False,138697.63,4.367,STANDARD_COMMODITIES_EXCLUDING_ELECTRICITY,False,True
ACCESS-120,SF144,SF143,"[""visual-territory-32""]","M1773,806L1533,783",4892.66,multimodal-survey,SURVEY_CORRIDOR,False,10549.1,12.076,STANDARD_COMMODITIES_EXCLUDING_ELECTRICITY,False,True
ACCESS-121,SF146,SF145,"[""visual-territory-33""]","M114,176L188,178",1502.24,land-survey,SURVEY_CORRIDOR,False,152476.24,2.336,STANDARD_COMMODITIES_EXCLUDING_ELECTRICITY,False,False
ACCESS-122,SF147,SF145,"[""visual-territory-33""]","M155,130L188,178",1182.06,land-survey,SURVEY_CORRIDOR,False,170678.35,1.892,STANDARD_COMMODITIES_EXCLUDING_ELECTRICITY,False,False
ACCESS-123,SF148,SF145,"[""visual-territory-33""]","M220,216L188,178",1008.14,land-survey,SURVEY_CORRIDOR,False,182513.71,1.65,STANDARD_COMMODITIES_EXCLUDING_ELECTRICITY,False,False
ACCESS-124,SF150,SF149,"[""visual-territory-34""]","M322,247L409,181",2216.04,land-survey,SURVEY_CORRIDOR,False,175383.77,3.328,STANDARD_COMMODITIES_EXCLUDING_ELECTRICITY,False,False
ACCESS-125,SF151,SF149,"[""visual-territory-34""]","M384,239L409,181",1281.68,land-survey,SURVEY_CORRIDOR,False,234294.62,2.03,STANDARD_COMMODITIES_EXCLUDING_ELECTRICITY,False,False
ACCESS-126,SF152,SF149,"[""visual-territory-34""]","M362,195L409,181",995.19,land-survey,SURVEY_CORRIDOR,False,261195.86,1.632,STANDARD_COMMODITIES_EXCLUDING_ELECTRICITY,False,False
ACCESS-127,SF153,SF149,"[""visual-territory-34""]","M314,170L409,181",1940.73,land-survey,SURVEY_CORRIDOR,False,189417.39,2.945,STANDARD_COMMODITIES_EXCLUDING_ELECTRICITY,False,False
ACCESS-128,SF155,SF154,"[""visual-territory-35""]","M501,115L467,184",1560.99,multimodal-survey,SURVEY_CORRIDOR,False,190129.35,4.363,STANDARD_COMMODITIES_EXCLUDING_ELECTRICITY,False,True
ACCESS-129,SF156,SF154,"[""visual-territory-35""]","M419,211L467,184",1117.6,land-survey,SURVEY_CORRIDOR,False,222335.15,1.802,STANDARD_COMMODITIES_EXCLUDING_ELECTRICITY,False,False
ACCESS-130,SF157,SF154,"[""visual-territory-35""]","M503,217L467,184",991.04,land-survey,SURVEY_CORRIDOR,False,233630.42,1.626,STANDARD_COMMODITIES_EXCLUDING_ELECTRICITY,False,False
ACCESS-131,SF158,SF154,"[""visual-territory-35""]","M421,136L467,184",1349.15,multimodal-survey,SURVEY_CORRIDOR,False,204265.79,3.873,STANDARD_COMMODITIES_EXCLUDING_ELECTRICITY,False,True
ACCESS-132,SF160,SF159,"[""visual-territory-36""]","M585,113L566,184",1491.51,multimodal-survey,SURVEY_CORRIDOR,False,99367.53,4.203,STANDARD_COMMODITIES_EXCLUDING_ELECTRICITY,False,True
ACCESS-133,SF161,SF159,"[""visual-territory-36""]","M505,213L566,184",1370.65,multimodal-survey,SURVEY_CORRIDOR,False,103551.1,3.923,STANDARD_COMMODITIES_EXCLUDING_ELECTRICITY,False,True
ACCESS-134,SF162,SF159,"[""visual-territory-36""]","M513,139L566,184",1410.92,land-survey,SURVEY_CORRIDOR,False,102118.58,2.21,STANDARD_COMMODITIES_EXCLUDING_ELECTRICITY,False,False
ACCESS-135,SF164,SF163,"[""visual-territory-37""]","M665,186L592,183",1482.65,multimodal-survey,SURVEY_CORRIDOR,False,113866.12,4.182,STANDARD_COMMODITIES_EXCLUDING_ELECTRICITY,False,True
ACCESS-136,SF165,SF163,"[""visual-territory-37""]","M627,212L592,183",922.39,land-survey,SURVEY_CORRIDOR,False,140201.52,1.531,STANDARD_COMMODITIES_EXCLUDING_ELECTRICITY,False,False
ACCESS-137,SF166,SF163,"[""visual-territory-37""]","M630,155L592,183",957.87,multimodal-survey,SURVEY_CORRIDOR,False,138177.62,2.967,STANDARD_COMMODITIES_EXCLUDING_ELECTRICITY,False,True
ACCESS-138,SF167,SF172,"[""visual-territory-38""]","M216,241L57,242",3226.67,multimodal-survey,SURVEY_CORRIDOR,False,205701.57,8.219,STANDARD_COMMODITIES_EXCLUDING_ELECTRICITY,False,True
ACCESS-139,SF168,SF172,"[""visual-territory-38""]","M40,300L57,242",1226.52,multimodal-survey,SURVEY_CORRIDOR,False,356602.72,3.589,STANDARD_COMMODITIES_EXCLUDING_ELECTRICITY,False,True
ACCESS-140,SF169,SF172,"[""visual-territory-38""]","M143,299L57,242",2093.74,multimodal-survey,SURVEY_CORRIDOR,False,270549.59,5.597,STANDARD_COMMODITIES_EXCLUDING_ELECTRICITY,False,True
ACCESS-141,SF170,SF172,"[""visual-territory-38""]","M113,218L57,242",1236.38,multimodal-survey,SURVEY_CORRIDOR,False,355317.11,3.612,STANDARD_COMMODITIES_EXCLUDING_ELECTRICITY,False,True
ACCESS-142,SF171,SF172,"[""visual-territory-38""]","M218,320L57,242",3630.43,multimodal-survey,SURVEY_CORRIDOR,False,189513.15,9.154,STANDARD_COMMODITIES_EXCLUDING_ELECTRICITY,False,True
ACCESS-143,SF173,SF172,"[""visual-territory-38""]","M161,246L57,242",2112.05,multimodal-survey,SURVEY_CORRIDOR,False,269178.12,5.639,STANDARD_COMMODITIES_EXCLUDING_ELECTRICITY,False,True
ACCESS-144,SF175,SF174,"[""visual-territory-39""]","M222,214L285,225",1297.81,land-survey,SURVEY_CORRIDOR,False,213154.66,2.053,STANDARD_COMMODITIES_EXCLUDING_ELECTRICITY,False,False
ACCESS-145,SF176,SF174,"[""visual-territory-39""]","M290,169L285,225",1140.94,multimodal-survey,SURVEY_CORRIDOR,False,225816.13,3.391,STANDARD_COMMODITIES_EXCLUDING_ELECTRICITY,False,True
ACCESS-146,SF177,SF174,"[""visual-territory-39""]","M233,156L285,225",1753.33,multimodal-survey,SURVEY_CORRIDOR,False,183309.34,4.809,STANDARD_COMMODITIES_EXCLUDING_ELECTRICITY,False,True
ACCESS-147,SF178,SF174,"[""visual-territory-39""]","M247,260L285,225",1048.39,multimodal-survey,SURVEY_CORRIDOR,False,234016.65,3.177,STANDARD_COMMODITIES_EXCLUDING_ELECTRICITY,False,True
ACCESS-148,SF179,H01,"[""visual-territory-40""]","M314,341L365,295",1393.74,land-survey,SURVEY_CORRIDOR,False,78643.4,2.186,STANDARD_COMMODITIES_EXCLUDING_ELECTRICITY,False,False
ACCESS-149,SF180,H01,"[""visual-territory-40""]","M295,273L365,295",1489.02,land-survey,SURVEY_CORRIDOR,False,76136.44,2.318,STANDARD_COMMODITIES_EXCLUDING_ELECTRICITY,False,False
ACCESS-150,SF182,SF181,"[""visual-territory-41""]","M477,230L407,239",1432.21,multimodal-survey,SURVEY_CORRIDOR,False,190755.55,4.065,STANDARD_COMMODITIES_EXCLUDING_ELECTRICITY,False,True
ACCESS-151,SF183,SF181,"[""visual-territory-41""]","M447,270L407,239",1026.96,land-survey,SURVEY_CORRIDOR,False,221347.2,1.676,STANDARD_COMMODITIES_EXCLUDING_ELECTRICITY,False,False
ACCESS-152,SF184,SF181,"[""visual-territory-41""]","M372,307L407,239",1551.99,land-survey,SURVEY_CORRIDOR,False,183268.98,2.406,STANDARD_COMMODITIES_EXCLUDING_ELECTRICITY,False,False
ACCESS-153,SF185,SF181,"[""visual-territory-41""]","M363,260L407,239",989.38,land-survey,SURVEY_CORRIDOR,False,224688.65,1.624,STANDARD_COMMODITIES_EXCLUDING_ELECTRICITY,False,False
ACCESS-154,SF187,SF186,"[""visual-territory-42""]","M512,307L528,247",1260.14,land-survey,SURVEY_CORRIDOR,False,167025.69,2.0,STANDARD_COMMODITIES_EXCLUDING_ELECTRICITY,False,False
ACCESS-155,SF188,SF186,"[""visual-territory-42""]","M491,270L528,247",884.09,land-survey,SURVEY_CORRIDOR,False,193370.81,1.478,STANDARD_COMMODITIES_EXCLUDING_ELECTRICITY,False,False
ACCESS-156,SF189,SF186,"[""visual-territory-42""]","M482,227L528,247",1017.9,land-survey,SURVEY_CORRIDOR,False,183094.65,1.664,STANDARD_COMMODITIES_EXCLUDING_ELECTRICITY,False,False
ACCESS-157,SF190,SF186,"[""visual-territory-42"",""visual-territory-43""]","M540,281L528,247",731.68,land-survey,SURVEY_CORRIDOR,False,206577.04,1.266,STANDARD_COMMODITIES_EXCLUDING_ELECTRICITY,True,False
ACCESS-158,SF192,SF191,"[""visual-territory-43""]","M584,208L514,216",1429.77,land-survey,SURVEY_CORRIDOR,False,161337.06,2.236,STANDARD_COMMODITIES_EXCLUDING_ELECTRICITY,False,False
ACCESS-159,SF193,SF191,"[""visual-territory-42"",""visual-territory-43""]","M539,267L514,216",1152.61,land-survey,SURVEY_CORRIDOR,False,178194.44,1.851,STANDARD_COMMODITIES_EXCLUDING_ELECTRICITY,True,False
ACCESS-160,SF194,SF191,"[""visual-territory-43""]","M594,279L514,216",2066.41,land-survey,SURVEY_CORRIDOR,False,132536.42,3.12,STANDARD_COMMODITIES_EXCLUDING_ELECTRICITY,False,False
ACCESS-161,SF195,SF191,"[""visual-territory-43""]","M551,229L514,216",795.84,land-survey,SURVEY_CORRIDOR,False,205885.09,1.355,STANDARD_COMMODITIES_EXCLUDING_ELECTRICITY,False,False
ACCESS-162,SF196,P01,"[""visual-territory-44""]","M206,318L135,328",1455.03,land-survey,SURVEY_CORRIDOR,False,121940.33,2.271,STANDARD_COMMODITIES_EXCLUDING_ELECTRICITY,False,False
ACCESS-163,SF197,P01,"[""visual-territory-44""]","M79,358L135,328",1289.21,multimodal-survey,SURVEY_CORRIDOR,False,129189.75,3.734,STANDARD_COMMODITIES_EXCLUDING_ELECTRICITY,False,True
ACCESS-164,SF198,P01,"[""visual-territory-44""]","M192,397L135,328",1816.21,land-survey,SURVEY_CORRIDOR,False,108659.6,2.773,STANDARD_COMMODITIES_EXCLUDING_ELECTRICITY,False,False
ACCESS-165,SF200,SF199,"[""visual-territory-45""]","M313,322L228,327",1727.9,multimodal-survey,SURVEY_CORRIDOR,False,119869.04,4.75,STANDARD_COMMODITIES_EXCLUDING_ELECTRICITY,False,True
ACCESS-166,SF201,SF199,"[""visual-territory-45""]","M266,271L228,327",1373.35,land-survey,SURVEY_CORRIDOR,False,134659.81,2.157,STANDARD_COMMODITIES_EXCLUDING_ELECTRICITY,False,False
ACCESS-167,SF202,SF199,"[""visual-territory-45""]","M274,377L228,327",1378.74,land-survey,SURVEY_CORRIDOR,False,134407.82,2.165,STANDARD_COMMODITIES_EXCLUDING_ELECTRICITY,False,False
ACCESS-168,SF204,SF203,"[""visual-territory-46""]","M380,335L329,355",1111.69,multimodal-survey,SURVEY_CORRIDOR,False,197360.59,3.323,STANDARD_COMMODITIES_EXCLUDING_ELECTRICITY,False,True
ACCESS-169,SF205,SF203,"[""visual-territory-46""]","M402,323L329,355",1617.48,multimodal-survey,SURVEY_CORRIDOR,False,165340.0,4.494,STANDARD_COMMODITIES_EXCLUDING_ELECTRICITY,False,True
ACCESS-170,SF206,SF203,"[""visual-territory-46""]","M355,338L329,355",630.39,multimodal-survey,SURVEY_CORRIDOR,False,241947.55,2.209,STANDARD_COMMODITIES_EXCLUDING_ELECTRICITY,False,True
ACCESS-171,SF207,SF203,"[""visual-territory-46""]","M380,309L329,355",1393.74,multimodal-survey,SURVEY_CORRIDOR,False,178123.72,3.976,STANDARD_COMMODITIES_EXCLUDING_ELECTRICITY,False,True
ACCESS-172,SF208,SF212,"[""visual-territory-47""]","M497,343L426,343",1440.81,land-survey,SURVEY_CORRIDOR,False,317716.78,2.251,STANDARD_COMMODITIES_EXCLUDING_ELECTRICITY,False,False
ACCESS-173,SF209,SF212,"[""visual-territory-47""]","M473,372L426,343",1120.72,land-survey,SURVEY_CORRIDOR,False,356521.76,1.807,STANDARD_COMMODITIES_EXCLUDING_ELECTRICITY,False,False
ACCESS-174,SF210,SF212,"[""visual-territory-41"",""visual-territory-46"",""visual-territory-47""]","M406,291L426,343",1130.6,land-survey,SURVEY_CORRIDOR,False,355183.05,1.82,STANDARD_COMMODITIES_EXCLUDING_ELECTRICITY,True,False
ACCESS-175,SF211,SF212,"[""visual-territory-47""]","M476,275L426,343",1712.82,land-survey,SURVEY_CORRIDOR,False,290818.12,2.629,STANDARD_COMMODITIES_EXCLUDING_ELECTRICITY,False,False
ACCESS-176,SF213,SF212,"[""visual-territory-47""]","M461,316L426,343",897.04,land-survey,SURVEY_CORRIDOR,False,389791.48,1.496,STANDARD_COMMODITIES_EXCLUDING_ELECTRICITY,False,False
ACCESS-177,SF214,SF212,"[""visual-territory-47""]","M508,303L426,343",1851.46,land-survey,SURVEY_CORRIDOR,False,278787.32,2.821,STANDARD_COMMODITIES_EXCLUDING_ELECTRICITY,False,False
ACCESS-178,SF216,SF215,"[""visual-territory-48""]","M143,451L150,377",1508.39,multimodal-survey,SURVEY_CORRIDOR,False,6355.36,4.242,STANDARD_COMMODITIES_EXCLUDING_ELECTRICITY,False,True
ACCESS-179,SF218,SF217,"[""visual-territory-49""]","M195,431L258,400",1424.86,multimodal-survey,SURVEY_CORRIDOR,False,142591.7,4.048,STANDARD_COMMODITIES_EXCLUDING_ELECTRICITY,False,True
ACCESS-180,SF219,SF217,"[""visual-territory-49""]","M208,375L258,400",1134.42,land-survey,SURVEY_CORRIDOR,False,158312.2,1.826,STANDARD_COMMODITIES_EXCLUDING_ELECTRICITY,False,False
ACCESS-181,SF220,SF217,"[""visual-territory-49""]","M292,377L258,400",833.01,land-survey,SURVEY_CORRIDOR,False,178765.33,1.407,STANDARD_COMMODITIES_EXCLUDING_ELECTRICITY,False,False
ACCESS-182,SF222,SF221,"[""visual-territory-50""]","M332,525L270,455",1897.6,multimodal-survey,SURVEY_CORRIDOR,False,24010.57,5.143,STANDARD_COMMODITIES_EXCLUDING_ELECTRICITY,False,True
ACCESS-183,SF223,H02,"[""visual-territory-51""]","M308,456L303,425",637.22,land-survey,SURVEY_CORRIDOR,False,1431.48,1.135,STANDARD_COMMODITIES_EXCLUDING_ELECTRICITY,False,False
ACCESS-184,SF224,P02,"[""visual-territory-52""]","M519,387L539,388",406.37,land-survey,SURVEY_CORRIDOR,False,1336.1,0.814,STANDARD_COMMODITIES_EXCLUDING_ELECTRICITY,False,False
ACCESS-185,SF225,SF230,"[""visual-territory-53""]","M767,429L762,375",1100.52,land-survey,SURVEY_CORRIDOR,False,569370.48,1.778,STANDARD_COMMODITIES_EXCLUDING_ELECTRICITY,False,False
ACCESS-186,SF226,SF230,"[""visual-territory-53""]","M741,455L762,375",1678.45,multimodal-survey,SURVEY_CORRIDOR,False,465842.35,4.635,STANDARD_COMMODITIES_EXCLUDING_ELECTRICITY,False,True
ACCESS-187,SF227,SF230,"[""visual-territory-53""]","M816,376L762,375",1096.02,multimodal-survey,SURVEY_CORRIDOR,False,570357.35,3.287,STANDARD_COMMODITIES_EXCLUDING_ELECTRICITY,False,True
ACCESS-188,SF228,SF230,"[""visual-territory-53""]","M831,438L762,375",1896.08,multimodal-survey,SURVEY_CORRIDOR,False,435990.42,5.139,STANDARD_COMMODITIES_EXCLUDING_ELECTRICITY,False,True
ACCESS-189,SF229,SF230,"[""visual-territory-53""]","M693,430L762,375",1790.63,multimodal-survey,SURVEY_CORRIDOR,False,449961.46,4.895,STANDARD_COMMODITIES_EXCLUDING_ELECTRICITY,False,True
ACCESS-190,SF231,SF230,"[""visual-territory-53""]","M793,475L762,375",2124.58,land-survey,SURVEY_CORRIDOR,False,408503.98,3.201,STANDARD_COMMODITIES_EXCLUDING_ELECTRICITY,False,False
ACCESS-191,SF232,SF230,"[""visual-territory-53""]","M802,412L762,375",1105.74,multimodal-survey,SURVEY_CORRIDOR,False,568228.49,3.31,STANDARD_COMMODITIES_EXCLUDING_ELECTRICITY,False,True
ACCESS-192,SF233,SF238,"[""visual-territory-54""]","M884,471L924,440",1026.96,land-survey,SURVEY_CORRIDOR,False,684128.09,1.676,STANDARD_COMMODITIES_EXCLUDING_ELECTRICITY,False,False
ACCESS-193,SF234,SF238,"[""visual-territory-54""]","M821,497L924,440",2388.91,land-survey,SURVEY_CORRIDOR,False,444537.44,3.568,STANDARD_COMMODITIES_EXCLUDING_ELECTRICITY,False,False
ACCESS-194,SF235,SF238,"[""visual-territory-54""]","M862,457L924,440",1304.61,land-survey,SURVEY_CORRIDOR,False,616400.47,2.062,STANDARD_COMMODITIES_EXCLUDING_ELECTRICITY,False,False
ACCESS-195,SF236,SF238,"[""visual-territory-54"",""visual-territory-55""]","M914,536L924,440",1958.68,multimodal-survey,SURVEY_CORRIDOR,False,499833.54,5.284,STANDARD_COMMODITIES_EXCLUDING_ELECTRICITY,True,True
ACCESS-196,SF237,SF238,"[""visual-territory-54""]","M893,400L924,440",1026.96,multimodal-survey,SURVEY_CORRIDOR,False,684128.09,3.127,STANDARD_COMMODITIES_EXCLUDING_ELECTRICITY,False,True
ACCESS-197,SF239,SF238,"[""visual-territory-54""]","M843,413L924,440",1732.66,multimodal-survey,SURVEY_CORRIDOR,False,534781.28,4.761,STANDARD_COMMODITIES_EXCLUDING_ELECTRICITY,False,True
ACCESS-198,SF240,SF238,"[""visual-territory-54""]","M817,453L924,440",2187.33,land-survey,SURVEY_CORRIDOR,False,468838.95,3.288,STANDARD_COMMODITIES_EXCLUDING_ELECTRICITY,False,False
ACCESS-199,SF241,SF238,"[""visual-territory-54"",""visual-territory-55""]","M923,495L924,440",1116.31,multimodal-survey,SURVEY_CORRIDOR,False,660765.37,3.334,STANDARD_COMMODITIES_EXCLUDING_ELECTRICITY,True,True
ACCESS-200,SF242,P05,"[""visual-territory-55""]","M925,463L977,453",1074.58,land-survey,SURVEY_CORRIDOR,False,305752.26,1.742,STANDARD_COMMODITIES_EXCLUDING_ELECTRICITY,False,False
ACCESS-201,SF243,P05,"[""visual-territory-55""]","M1064,371L977,453",2426.11,multimodal-survey,SURVEY_CORRIDOR,False,200499.45,6.366,STANDARD_COMMODITIES_EXCLUDING_ELECTRICITY,False,True
ACCESS-202,SF244,P05,"[""visual-territory-55""]","M1005,433L977,453",698.27,multimodal-survey,SURVEY_CORRIDOR,False,358091.7,2.366,STANDARD_COMMODITIES_EXCLUDING_ELECTRICITY,False,True
ACCESS-203,SF245,P05,"[""visual-territory-55""]","M956,417L977,453",845.76,land-survey,SURVEY_CORRIDOR,False,335576.5,1.425,STANDARD_COMMODITIES_EXCLUDING_ELECTRICITY,False,False
ACCESS-204,SF246,P05,"[""visual-territory-55""]","M1022,380L977,453",1740.25,multimodal-survey,SURVEY_CORRIDOR,False,242939.26,4.778,STANDARD_COMMODITIES_EXCLUDING_ELECTRICITY,False,True
ACCESS-205,SF247,P04,"[""visual-territory-56""]","M710,529L637,548",1530.75,multimodal-survey,SURVEY_CORRIDOR,False,138197.16,4.293,STANDARD_COMMODITIES_EXCLUDING_ELECTRICITY,False,True
ACCESS-206,SF248,P04,"[""visual-territory-56""]","M572,557L637,548",1331.64,multimodal-survey,SURVEY_CORRIDOR,False,147914.93,3.832,STANDARD_COMMODITIES_EXCLUDING_ELECTRICITY,False,True
ACCESS-207,SF249,P04,"[""visual-territory-56""]","M693,434L637,548",2577.47,multimodal-survey,SURVEY_CORRIDOR,False,102721.0,6.716,STANDARD_COMMODITIES_EXCLUDING_ELECTRICITY,False,True
ACCESS-208,SF251,SF250,"[""visual-territory-57""]","M740,560L673,564",1362.06,land-survey,SURVEY_CORRIDOR,False,231053.26,2.142,STANDARD_COMMODITIES_EXCLUDING_ELECTRICITY,False,False
ACCESS-209,SF252,SF250,"[""visual-territory-57""]","M666,622L673,564",1185.54,land-survey,SURVEY_CORRIDOR,False,246240.16,1.897,STANDARD_COMMODITIES_EXCLUDING_ELECTRICITY,False,False
ACCESS-210,SF253,SF250,"[""visual-territory-57""]","M733,627L673,564",1765.5,land-survey,SURVEY_CORRIDOR,False,202507.42,2.702,STANDARD_COMMODITIES_EXCLUDING_ELECTRICITY,False,False
ACCESS-211,SF254,SF250,"[""visual-territory-56"",""visual-territory-57""]","M622,583L673,564",1104.44,land-survey,SURVEY_CORRIDOR,False,253908.25,1.784,STANDARD_COMMODITIES_EXCLUDING_ELECTRICITY,True,False
ACCESS-212,SF255,H03,"[""visual-territory-58""]","M745,480L791,478",934.37,land-survey,SURVEY_CORRIDOR,False,755965.34,1.548,STANDARD_COMMODITIES_EXCLUDING_ELECTRICITY,False,False
ACCESS-213,SF256,H03,"[""visual-territory-54"",""visual-territory-58""]","M821,553L791,478",1639.23,multimodal-survey,SURVEY_CORRIDOR,False,586225.81,4.545,STANDARD_COMMODITIES_EXCLUDING_ELECTRICITY,True,True
ACCESS-214,SF257,H03,"[""visual-territory-58""]","M765,495L791,478",630.39,land-survey,SURVEY_CORRIDOR,False,863828.66,1.126,STANDARD_COMMODITIES_EXCLUDING_ELECTRICITY,False,False
ACCESS-215,SF258,H03,"[""visual-territory-58""]","M739,559L791,478",1953.31,multimodal-survey,SURVEY_CORRIDOR,False,532907.55,5.272,STANDARD_COMMODITIES_EXCLUDING_ELECTRICITY,False,True
ACCESS-216,SF259,H03,"[""visual-territory-58""]","M779,538L791,478",1241.7,multimodal-survey,SURVEY_CORRIDOR,False,671224.33,3.624,STANDARD_COMMODITIES_EXCLUDING_ELECTRICITY,False,True
ACCESS-217,SF260,H03,"[""visual-territory-58""]","M722,518L791,478",1618.5,land-survey,SURVEY_CORRIDOR,False,590122.96,2.498,STANDARD_COMMODITIES_EXCLUDING_ELECTRICITY,False,False
ACCESS-218,SF261,H03,"[""visual-territory-54"",""visual-territory-58""]","M838,594L791,478",2539.89,multimodal-survey,SURVEY_CORRIDOR,False,455531.75,6.629,STANDARD_COMMODITIES_EXCLUDING_ELECTRICITY,True,True
ACCESS-219,SF262,H03,"[""visual-territory-54"",""visual-territory-58""]","M863,559L791,478",2199.25,multimodal-survey,SURVEY_CORRIDOR,False,497477.59,5.841,STANDARD_COMMODITIES_EXCLUDING_ELECTRICITY,True,True
ACCESS-220,SF264,SF263,"[""visual-territory-59""]","M653,682L624,653",832.27,multimodal-survey,SURVEY_CORRIDOR,False,92055.86,2.677,STANDARD_COMMODITIES_EXCLUDING_ELECTRICITY,False,True
ACCESS-221,SF265,SF263,"[""visual-territory-59""]","M606,678L624,653",625.15,land-survey,SURVEY_CORRIDOR,False,101027.71,1.118,STANDARD_COMMODITIES_EXCLUDING_ELECTRICITY,False,False
ACCESS-222,SF266,SF272,"[""visual-territory-60""]","M250,554L215,586",962.37,land-survey,SURVEY_CORRIDOR,False,551709.32,1.587,STANDARD_COMMODITIES_EXCLUDING_ELECTRICITY,False,False
ACCESS-223,SF267,SF272,"[""visual-territory-60""]","M231,534L215,586",1104.07,multimodal-survey,SURVEY_CORRIDOR,False,521689.83,3.306,STANDARD_COMMODITIES_EXCLUDING_ELECTRICITY,False,True
ACCESS-224,SF268,SF272,"[""visual-territory-60""]","M181,477L215,586",2317.06,multimodal-survey,SURVEY_CORRIDOR,False,355905.73,6.114,STANDARD_COMMODITIES_EXCLUDING_ELECTRICITY,False,True
ACCESS-225,SF269,SF272,"[""visual-territory-60""]","M171,553L215,586",1116.12,multimodal-survey,SURVEY_CORRIDOR,False,519285.6,3.334,STANDARD_COMMODITIES_EXCLUDING_ELECTRICITY,False,True
ACCESS-226,SF270,SF272,"[""visual-territory-60""]","M214,634L215,586",974.28,multimodal-survey,SURVEY_CORRIDOR,False,549054.14,3.005,STANDARD_COMMODITIES_EXCLUDING_ELECTRICITY,False,True
ACCESS-227,SF271,SF272,"[""visual-territory-60""]","M285,520L215,586",1952.36,multimodal-survey,SURVEY_CORRIDOR,False,393502.77,5.269,STANDARD_COMMODITIES_EXCLUDING_ELECTRICITY,False,True
ACCESS-228,SF273,SF272,"[""visual-territory-60""]","M179,610L215,586",878.01,multimodal-survey,SURVEY_CORRIDOR,False,571280.89,2.782,STANDARD_COMMODITIES_EXCLUDING_ELECTRICITY,False,True
ACCESS-229,SF274,H04,"[""visual-territory-61""]","M281,574L298,590",473.75,land-survey,SURVEY_CORRIDOR,False,701573.48,0.908,STANDARD_COMMODITIES_EXCLUDING_ELECTRICITY,False,False
ACCESS-230,SF275,H04,"[""visual-territory-61""]","M285,600L298,590",332.83,land-survey,SURVEY_CORRIDOR,False,755513.37,0.712,STANDARD_COMMODITIES_EXCLUDING_ELECTRICITY,False,False
ACCESS-231,SF276,H04,"[""visual-territory-61""]","M341,539L298,590",1353.72,land-survey,SURVEY_CORRIDOR,False,485236.46,2.13,STANDARD_COMMODITIES_EXCLUDING_ELECTRICITY,False,False
ACCESS-232,SF277,H04,"[""visual-territory-61""]","M227,649L298,590",1873.35,multimodal-survey,SURVEY_CORRIDOR,False,410490.4,5.086,STANDARD_COMMODITIES_EXCLUDING_ELECTRICITY,False,True
ACCESS-233,SF278,H04,"[""visual-territory-61""]","M287,520L298,590",1437.95,multimodal-survey,SURVEY_CORRIDOR,False,471324.81,4.079,STANDARD_COMMODITIES_EXCLUDING_ELECTRICITY,False,True
ACCESS-234,SF279,H04,"[""visual-territory-61""]","M277,649L298,590",1270.87,land-survey,SURVEY_CORRIDOR,False,499744.41,2.015,STANDARD_COMMODITIES_EXCLUDING_ELECTRICITY,False,False
ACCESS-235,SF280,H04,"[""visual-territory-61""]","M240,605L298,590",1215.73,land-survey,SURVEY_CORRIDOR,False,509892.82,1.939,STANDARD_COMMODITIES_EXCLUDING_ELECTRICITY,False,False
ACCESS-236,SF281,SF286,"[""visual-territory-62""]","M312,665L359,659",961.52,land-survey,SURVEY_CORRIDOR,False,300600.71,1.585,STANDARD_COMMODITIES_EXCLUDING_ELECTRICITY,False,False
ACCESS-237,SF282,SF286,"[""visual-territory-62""]","M417,760L359,659",2363.52,multimodal-survey,SURVEY_CORRIDOR,False,191518.18,6.221,STANDARD_COMMODITIES_EXCLUDING_ELECTRICITY,False,True
ACCESS-238,SF283,SF286,"[""visual-territory-62"",""visual-territory-63""]","M404,678L359,659",991.25,multimodal-survey,SURVEY_CORRIDOR,False,297012.83,3.045,STANDARD_COMMODITIES_EXCLUDING_ELECTRICITY,True,True
ACCESS-239,SF284,SF286,"[""visual-territory-62""]","M302,751L359,659",2196.26,land-survey,SURVEY_CORRIDOR,False,200184.68,3.3,STANDARD_COMMODITIES_EXCLUDING_ELECTRICITY,False,False
ACCESS-240,SF285,SF286,"[""visual-territory-62""]","M365,728L359,659",1405.51,multimodal-survey,SURVEY_CORRIDOR,False,254665.78,4.003,STANDARD_COMMODITIES_EXCLUDING_ELECTRICITY,False,True
ACCESS-241,SF287,P06,"[""visual-territory-63""]","M458,647L383,661",1548.27,multimodal-survey,SURVEY_CORRIDOR,False,335656.58,4.334,STANDARD_COMMODITIES_EXCLUDING_ELECTRICITY,False,True
ACCESS-242,SF288,P06,"[""visual-territory-63""]","M404,581L383,661",1678.45,multimodal-survey,SURVEY_CORRIDOR,False,321909.33,4.635,STANDARD_COMMODITIES_EXCLUDING_ELECTRICITY,False,True
ACCESS-243,SF289,P06,"[""visual-territory-63""]","M380,671L383,661",211.87,multimodal-survey,SURVEY_CORRIDOR,False,597694.45,1.24,STANDARD_COMMODITIES_EXCLUDING_ELECTRICITY,False,True
ACCESS-244,SF290,P06,"[""visual-territory-63""]","M326,604L383,661",1635.83,multimodal-survey,SURVEY_CORRIDOR,False,326284.38,4.537,STANDARD_COMMODITIES_EXCLUDING_ELECTRICITY,False,True
ACCESS-245,SF291,P06,"[""visual-territory-63""]","M352,545L383,661",2436.61,multimodal-survey,SURVEY_CORRIDOR,False,259912.11,6.39,STANDARD_COMMODITIES_EXCLUDING_ELECTRICITY,False,True
ACCESS-246,SF292,P06,"[""visual-territory-63""]","M372,615L383,661",959.8,land-survey,SURVEY_CORRIDOR,False,415957.4,1.583,STANDARD_COMMODITIES_EXCLUDING_ELECTRICITY,False,False
ACCESS-247,SF293,P03,"[""visual-territory-64""]","M657,295L691,334",1049.96,land-survey,SURVEY_CORRIDOR,False,671221.0,1.708,STANDARD_COMMODITIES_EXCLUDING_ELECTRICITY,False,False
ACCESS-248,SF294,P03,"[""visual-territory-64""]","M692,277L691,334",1156.89,land-survey,SURVEY_CORRIDOR,False,644208.0,1.857,STANDARD_COMMODITIES_EXCLUDING_ELECTRICITY,False,False
ACCESS-249,SF295,P03,"[""visual-territory-64""]","M686,320L691,334",301.68,land-survey,SURVEY_CORRIDOR,False,949995.67,0.669,STANDARD_COMMODITIES_EXCLUDING_ELECTRICITY,False,False
ACCESS-250,SF296,P03,"[""visual-territory-64""]","M830,217L691,334",3686.99,multimodal-survey,SURVEY_CORRIDOR,False,329977.13,9.285,STANDARD_COMMODITIES_EXCLUDING_ELECTRICITY,False,True
ACCESS-251,SF297,P03,"[""visual-territory-64""]","M710,179L691,334",3168.98,multimodal-survey,SURVEY_CORRIDOR,False,366587.15,8.086,STANDARD_COMMODITIES_EXCLUDING_ELECTRICITY,False,True
ACCESS-252,SF298,P03,"[""visual-territory-64""]","M772,283L691,334",1942.42,multimodal-survey,SURVEY_CORRIDOR,False,497204.07,5.246,STANDARD_COMMODITIES_EXCLUDING_ELECTRICITY,False,True
ACCESS-253,SF299,P03,"[""visual-territory-64""]","M774,185L691,334",3461.15,multimodal-survey,SURVEY_CORRIDOR,False,344997.9,8.762,STANDARD_COMMODITIES_EXCLUDING_ELECTRICITY,False,True
ACCESS-254,SF300,P03,"[""visual-territory-64""]","M654,247L691,334",1918.53,land-survey,SURVEY_CORRIDOR,False,500679.0,2.915,STANDARD_COMMODITIES_EXCLUDING_ELECTRICITY,False,False
ACCESS-255,SF301,SF304,"[""visual-territory-65""]","M536,328L602,380",1705.11,multimodal-survey,SURVEY_CORRIDOR,False,279839.26,4.697,STANDARD_COMMODITIES_EXCLUDING_ELECTRICITY,False,True
ACCESS-256,SF302,SF304,"[""visual-territory-65""]","M673,342L602,380",1634.19,multimodal-survey,SURVEY_CORRIDOR,False,286170.56,4.533,STANDARD_COMMODITIES_EXCLUDING_ELECTRICITY,False,True
ACCESS-257,SF303,SF304,"[""visual-territory-65""]","M625,258L602,380",2519.37,multimodal-survey,SURVEY_CORRIDOR,False,223147.82,6.582,STANDARD_COMMODITIES_EXCLUDING_ELECTRICITY,False,True
ACCESS-258,SF305,SF304,"[""visual-territory-65""]","M599,316L602,380",1300.19,multimodal-survey,SURVEY_CORRIDOR,False,320305.28,3.76,STANDARD_COMMODITIES_EXCLUDING_ELECTRICITY,False,True
ACCESS-259,SF306,SF304,"[""visual-territory-65""]","M654,297L602,380",1987.59,land-survey,SURVEY_CORRIDOR,False,257173.34,3.011,STANDARD_COMMODITIES_EXCLUDING_ELECTRICITY,False,False
ACCESS-260,SF307,P08,"[""visual-territory-66""]","M934,345L964,362",699.75,multimodal-survey,SURVEY_CORRIDOR,False,622616.09,2.37,STANDARD_COMMODITIES_EXCLUDING_ELECTRICITY,False,True
ACCESS-261,SF308,P08,"[""visual-territory-66""]","M988,343L964,362",621.18,multimodal-survey,SURVEY_CORRIDOR,False,645676.23,2.188,STANDARD_COMMODITIES_EXCLUDING_ELECTRICITY,False,True
ACCESS-262,SF309,P08,"[""visual-territory-66""]","M943,177L964,362",3778.34,multimodal-survey,SURVEY_CORRIDOR,False,259475.0,9.496,STANDARD_COMMODITIES_EXCLUDING_ELECTRICITY,False,True
ACCESS-263,SF310,P08,"[""visual-territory-66""]","M954,330L964,362",680.35,land-survey,SURVEY_CORRIDOR,False,628154.65,1.195,STANDARD_COMMODITIES_EXCLUDING_ELECTRICITY,False,False
ACCESS-264,SF311,P08,"[""visual-territory-66""]","M977,320L964,362",892.21,land-survey,SURVEY_CORRIDOR,False,572524.7,1.489,STANDARD_COMMODITIES_EXCLUDING_ELECTRICITY,False,False
ACCESS-265,SF312,P08,"[""visual-territory-66""]","M1092,327L964,362",2692.88,multimodal-survey,SURVEY_CORRIDOR,False,326648.56,6.984,STANDARD_COMMODITIES_EXCLUDING_ELECTRICITY,False,True
ACCESS-266,SF313,P08,"[""visual-territory-66""]","M910,403L964,362",1375.9,multimodal-survey,SURVEY_CORRIDOR,False,476232.74,3.935,STANDARD_COMMODITIES_EXCLUDING_ELECTRICITY,False,True
ACCESS-267,SF314,P07,"[""visual-territory-67""]","M496,698L539,693",878.48,land-survey,SURVEY_CORRIDOR,False,290261.36,1.47,STANDARD_COMMODITIES_EXCLUDING_ELECTRICITY,False,False
ACCESS-268,SF315,P07,"[""visual-territory-67""]","M511,718L539,693",761.74,land-survey,SURVEY_CORRIDOR,False,305244.27,1.308,STANDARD_COMMODITIES_EXCLUDING_ELECTRICITY,False,False
ACCESS-269,SF316,P07,"[""visual-territory-67""]","M398,708L539,693",2877.48,multimodal-survey,SURVEY_CORRIDOR,False,157712.32,7.411,STANDARD_COMMODITIES_EXCLUDING_ELECTRICITY,False,True
ACCESS-270,SF317,P07,"[""visual-territory-67""]","M448,791L539,693",2713.9,multimodal-survey,SURVEY_CORRIDOR,False,163834.54,7.032,STANDARD_COMMODITIES_EXCLUDING_ELECTRICITY,False,True
ACCESS-271,SF318,P07,"[""visual-territory-67""]","M562,755L539,693",1341.96,multimodal-survey,SURVEY_CORRIDOR,False,242924.81,3.856,STANDARD_COMMODITIES_EXCLUDING_ELECTRICITY,False,True
ACCESS-272,SF319,SF322,"[""visual-territory-68""]","M432,572L494,558",1289.85,multimodal-survey,SURVEY_CORRIDOR,False,194470.44,3.736,STANDARD_COMMODITIES_EXCLUDING_ELECTRICITY,False,True
ACCESS-273,SF320,SF322,"[""visual-territory-68""]","M576,622L494,558",2110.87,multimodal-survey,SURVEY_CORRIDOR,False,150252.66,5.636,STANDARD_COMMODITIES_EXCLUDING_ELECTRICITY,False,True
ACCESS-274,SF321,SF322,"[""visual-territory-68""]","M496,620L494,558",1258.83,land-survey,SURVEY_CORRIDOR,False,196657.26,1.998,STANDARD_COMMODITIES_EXCLUDING_ELECTRICITY,False,False
ACCESS-275,SF323,SF322,"[""visual-territory-68""]","M444,512L494,558",1378.74,multimodal-survey,SURVEY_CORRIDOR,False,188465.76,3.942,STANDARD_COMMODITIES_EXCLUDING_ELECTRICITY,False,True
ACCESS-276,SF324,SF327,"[""visual-territory-69""]","M200,692L152,638",1466.17,multimodal-survey,SURVEY_CORRIDOR,False,153267.75,4.144,STANDARD_COMMODITIES_EXCLUDING_ELECTRICITY,False,True
ACCESS-277,SF325,SF327,"[""visual-territory-69""]","M109,745L152,638",2340.14,multimodal-survey,SURVEY_CORRIDOR,False,118385.78,6.167,STANDARD_COMMODITIES_EXCLUDING_ELECTRICITY,False,True
ACCESS-278,SF326,SF327,"[""visual-territory-69""]","M253,756L152,638",3151.97,multimodal-survey,SURVEY_CORRIDOR,False,97725.86,8.046,STANDARD_COMMODITIES_EXCLUDING_ELECTRICITY,False,True
ACCESS-279,SF329,SF328,"[""visual-territory-70""]","M1101,309L1209,250",2497.37,multimodal-survey,SURVEY_CORRIDOR,False,65877.29,6.531,STANDARD_COMMODITIES_EXCLUDING_ELECTRICITY,False,True
ACCESS-280,SF330,SF328,"[""visual-territory-70""]","M1288,164L1209,250",2369.78,multimodal-survey,SURVEY_CORRIDOR,False,68049.35,6.236,STANDARD_COMMODITIES_EXCLUDING_ELECTRICITY,False,True
ACCESS-281,SF001,SF006,"[""visual-territory-01"",""visual-territory-02""]","M1599,307L1602,301",136.13,land-survey,SURVEY_CORRIDOR,False,323935.64,0.439,STANDARD_COMMODITIES_EXCLUDING_ELECTRICITY,True,False
ACCESS-282,SF001,SF054,"[""visual-territory-01"",""visual-territory-02"",""visual-territory-05"",""visual-territory-08""]","M1599,307L1591,414",2177.42,land-survey,SURVEY_CORRIDOR,False,144122.86,3.274,STANDARD_COMMODITIES_EXCLUDING_ELECTRICITY,True,False
ACCESS-283,SF018,H05,"[""visual-territory-03"",""visual-territory-04""]","M1497,364L1507,369",226.88,land-survey,SURVEY_CORRIDOR,False,862296.03,0.565,STANDARD_COMMODITIES_EXCLUDING_ELECTRICITY,True,False
ACCESS-284,H05,SF054,"[""visual-territory-04"",""visual-territory-08""]","M1507,369L1591,414",1933.82,land-survey,SURVEY_CORRIDOR,False,309285.38,2.936,STANDARD_COMMODITIES_EXCLUDING_ELECTRICITY,True,False
ACCESS-285,SF034,SF054,"[""visual-territory-05"",""visual-territory-08""]","M1628,413L1591,414",751.12,multimodal-survey,SURVEY_CORRIDOR,False,429907.44,2.489,STANDARD_COMMODITIES_EXCLUDING_ELECTRICITY,True,True
ACCESS-286,SF041,SF070,"[""visual-territory-06"",""visual-territory-14""]","M1331,433L1360,505",1575.17,multimodal-survey,SURVEY_CORRIDOR,False,188339.67,4.396,STANDARD_COMMODITIES_EXCLUDING_ELECTRICITY,True,True
ACCESS-287,SF041,SF328,"[""visual-territory-06"",""visual-territory-70""]","M1331,433L1209,250",4463.24,multimodal-survey,SURVEY_CORRIDOR,False,44159.9,11.082,STANDARD_COMMODITIES_EXCLUDING_ELECTRICITY,True,True
ACCESS-288,P09,SF070,"[""visual-territory-07"",""visual-territory-14""]","M1479,467L1360,505",2535.02,multimodal-survey,SURVEY_CORRIDOR,False,143537.58,6.618,STANDARD_COMMODITIES_EXCLUDING_ELECTRICITY,True,True
ACCESS-289,P09,SF088,"[""visual-territory-07"",""visual-territory-16""]","M1479,467L1572,500",2002.55,multimodal-survey,SURVEY_CORRIDOR,False,286057.28,5.386,STANDARD_COMMODITIES_EXCLUDING_ELECTRICITY,True,True
ACCESS-290,SF054,SF088,"[""visual-territory-08"",""visual-territory-16""]","M1591,414L1572,500",1787.29,multimodal-survey,SURVEY_CORRIDOR,False,323071.24,4.887,STANDARD_COMMODITIES_EXCLUDING_ELECTRICITY,True,True
ACCESS-291,SF055,SF059,"[""visual-territory-09"",""visual-territory-10""]","M1111,527L1135,546",621.18,land-survey,SURVEY_CORRIDOR,False,90411.1,1.113,STANDARD_COMMODITIES_EXCLUDING_ELECTRICITY,True,False
ACCESS-292,SF055,P05,"[""visual-territory-09"",""visual-territory-55""]","M1111,527L977,453",3106.37,multimodal-survey,SURVEY_CORRIDOR,False,76815.3,7.941,STANDARD_COMMODITIES_EXCLUDING_ELECTRICITY,True,True
ACCESS-293,SF059,SF062,"[""visual-territory-10"",""visual-territory-11""]","M1135,546L1205,570",1501.69,land-survey,SURVEY_CORRIDOR,False,58922.77,2.336,STANDARD_COMMODITIES_EXCLUDING_ELECTRICITY,True,False
ACCESS-294,SF059,SF095,"[""visual-territory-09"",""visual-territory-10"",""visual-territory-19""]","M1135,546L1093,602",1420.52,land-survey,SURVEY_CORRIDOR,False,65665.86,2.223,STANDARD_COMMODITIES_EXCLUDING_ELECTRICITY,True,False
ACCESS-295,SF062,H06,"[""visual-territory-11"",""visual-territory-12""]","M1205,570L1265,554",1260.14,land-survey,SURVEY_CORRIDOR,False,64079.44,2.0,STANDARD_COMMODITIES_EXCLUDING_ELECTRICITY,True,False
ACCESS-296,H06,SF068,"[""visual-territory-12"",""visual-territory-13""]","M1265,554L1284,605",1104.44,multimodal-survey,SURVEY_CORRIDOR,False,40812.95,3.307,STANDARD_COMMODITIES_EXCLUDING_ELECTRICITY,True,True
ACCESS-297,H06,SF070,"[""visual-territory-12"",""visual-territory-14""]","M1265,554L1360,505",2169.18,land-survey,SURVEY_CORRIDOR,False,86603.81,3.263,STANDARD_COMMODITIES_EXCLUDING_ELECTRICITY,True,False
ACCESS-298,SF068,SF106,"[""visual-territory-13"",""visual-territory-22""]","M1284,605L1277,681",1548.81,multimodal-survey,SURVEY_CORRIDOR,False,34864.41,4.335,STANDARD_COMMODITIES_EXCLUDING_ELECTRICITY,True,True
ACCESS-299,SF081,H07,"[""visual-territory-15"",""visual-territory-23""]","M1434,629L1450,676",1007.53,land-survey,SURVEY_CORRIDOR,False,405726.49,1.649,STANDARD_COMMODITIES_EXCLUDING_ELECTRICITY,True,False
ACCESS-300,P12,SF093,"[""visual-territory-17"",""visual-territory-18""]","M1010,645L1044,717",1615.82,multimodal-survey,SURVEY_CORRIDOR,False,45890.87,4.49,STANDARD_COMMODITIES_EXCLUDING_ELECTRICITY,True,True
ACCESS-301,SF093,SF121,"[""visual-territory-18"",""visual-territory-25"",""visual-territory-26""]","M1044,717L998,752",1172.97,land-survey,SURVEY_CORRIDOR,False,53493.95,1.879,STANDARD_COMMODITIES_EXCLUDING_ELECTRICITY,True,False
ACCESS-302,SF093,SF124,"[""visual-territory-18"",""visual-territory-26""]","M1044,717L1084,719",812.74,land-survey,SURVEY_CORRIDOR,False,61826.16,1.379,STANDARD_COMMODITIES_EXCLUDING_ELECTRICITY,True,False
ACCESS-303,SF095,SF099,"[""visual-territory-19"",""visual-territory-20""]","M1093,602L1122,648",1103.51,land-survey,SURVEY_CORRIDOR,False,2472.98,1.783,STANDARD_COMMODITIES_EXCLUDING_ELECTRICITY,True,False
ACCESS-304,SF099,SF124,"[""visual-territory-20"",""visual-territory-26"",""visual-territory-27""]","M1122,648L1084,719",1634.19,land-survey,SURVEY_CORRIDOR,False,2054.25,2.52,STANDARD_COMMODITIES_EXCLUDING_ELECTRICITY,True,False
ACCESS-305,SF099,SF126,"[""visual-territory-20"",""visual-territory-27""]","M1122,648L1167,683",1156.89,land-survey,SURVEY_CORRIDOR,False,2423.3,1.857,STANDARD_COMMODITIES_EXCLUDING_ELECTRICITY,True,False
ACCESS-306,SF101,SF106,"[""visual-territory-21"",""visual-territory-22""]","M1256,698L1277,681",548.29,land-survey,SURVEY_CORRIDOR,False,193974.19,1.012,STANDARD_COMMODITIES_EXCLUDING_ELECTRICITY,True,False
ACCESS-307,SF101,P11,"[""visual-territory-21"",""visual-territory-29""]","M1256,698L1313,812",2586.48,multimodal-survey,SURVEY_CORRIDOR,False,72882.18,6.737,STANDARD_COMMODITIES_EXCLUDING_ELECTRICITY,True,True
ACCESS-308,H07,SF135,"[""visual-territory-23"",""visual-territory-30""]","M1450,676L1409,747",1663.79,multimodal-survey,SURVEY_CORRIDOR,False,103383.54,4.601,STANDARD_COMMODITIES_EXCLUDING_ELECTRICITY,True,True
ACCESS-309,H07,SF139,"[""visual-territory-23"",""visual-territory-24"",""visual-territory-31""]","M1450,676L1510,714",1441.24,land-survey,SURVEY_CORRIDOR,False,144425.31,2.252,STANDARD_COMMODITIES_EXCLUDING_ELECTRICITY,True,False
ACCESS-310,P10,SF139,"[""visual-territory-24"",""visual-territory-31""]","M1545,692L1510,714",838.92,multimodal-survey,SURVEY_CORRIDOR,False,181617.91,2.692,STANDARD_COMMODITIES_EXCLUDING_ELECTRICITY,True,True
ACCESS-311,SF126,H08,"[""visual-territory-27"",""visual-territory-28""]","M1167,683L1195,750",1473.59,land-survey,SURVEY_CORRIDOR,False,91927.43,2.297,STANDARD_COMMODITIES_EXCLUDING_ELECTRICITY,True,False
ACCESS-312,P11,SF135,"[""visual-territory-29"",""visual-territory-30""]","M1313,812L1409,747",2352.69,multimodal-survey,SURVEY_CORRIDOR,False,77304.8,6.196,STANDARD_COMMODITIES_EXCLUDING_ELECTRICITY,True,True
ACCESS-313,SF139,SF143,"[""visual-territory-31"",""visual-territory-32""]","M1510,714L1533,783",1475.97,land-survey,SURVEY_CORRIDOR,False,22660.48,2.3,STANDARD_COMMODITIES_EXCLUDING_ELECTRICITY,True,False
ACCESS-314,SF145,SF174,"[""visual-territory-33"",""visual-territory-39""]","M188,178L285,225",2187.33,multimodal-survey,SURVEY_CORRIDOR,False,124146.75,5.813,STANDARD_COMMODITIES_EXCLUDING_ELECTRICITY,True,True
ACCESS-315,SF149,SF154,"[""visual-territory-34"",""visual-territory-35""]","M409,181L467,184",1178.57,land-survey,SURVEY_CORRIDOR,False,217273.68,1.887,STANDARD_COMMODITIES_EXCLUDING_ELECTRICITY,True,False
ACCESS-316,SF149,SF181,"[""visual-territory-34"",""visual-territory-41""]","M409,181L407,239",1177.7,land-survey,SURVEY_CORRIDOR,False,208886.53,1.886,STANDARD_COMMODITIES_EXCLUDING_ELECTRICITY,True,False
ACCESS-317,SF154,SF191,"[""visual-territory-35"",""visual-territory-36"",""visual-territory-42"",""visual-territory-43""]","M467,184L514,216",1153.86,multimodal-survey,SURVEY_CORRIDOR,False,178110.52,3.421,STANDARD_COMMODITIES_EXCLUDING_ELECTRICITY,True,True
ACCESS-318,SF159,SF163,"[""visual-territory-36"",""visual-territory-37""]","M566,184L592,183",528.01,land-survey,SURVEY_CORRIDOR,False,146576.58,0.983,STANDARD_COMMODITIES_EXCLUDING_ELECTRICITY,True,False
ACCESS-319,SF159,SF191,"[""visual-territory-36"",""visual-territory-43""]","M566,184L514,216",1239.04,multimodal-survey,SURVEY_CORRIDOR,False,108526.52,3.618,STANDARD_COMMODITIES_EXCLUDING_ELECTRICITY,True,True
ACCESS-320,SF172,P01,"[""visual-territory-38"",""visual-territory-44""]","M57,242L135,328",2356.1,multimodal-survey,SURVEY_CORRIDOR,False,93446.12,6.204,STANDARD_COMMODITIES_EXCLUDING_ELECTRICITY,True,True
ACCESS-321,SF174,H01,"[""visual-territory-39"",""visual-territory-40""]","M285,225L365,295",2157.19,land-survey,SURVEY_CORRIDOR,False,62226.37,3.246,STANDARD_COMMODITIES_EXCLUDING_ELECTRICITY,True,False
ACCESS-322,H01,SF181,"[""visual-territory-40"",""visual-territory-41""]","M365,295L407,239",1420.52,land-survey,SURVEY_CORRIDOR,False,77922.32,2.223,STANDARD_COMMODITIES_EXCLUDING_ELECTRICITY,True,False
ACCESS-323,H01,SF203,"[""visual-territory-40"",""visual-territory-46""]","M365,295L329,355",1419.94,multimodal-survey,SURVEY_CORRIDOR,False,77937.79,4.037,STANDARD_COMMODITIES_EXCLUDING_ELECTRICITY,True,True
ACCESS-324,H01,SF212,"[""visual-territory-40"",""visual-territory-41"",""visual-territory-46"",""visual-territory-47""]","M365,295L426,343",1575.17,land-survey,SURVEY_CORRIDOR,False,74003.58,2.438,STANDARD_COMMODITIES_EXCLUDING_ELECTRICITY,True,False
ACCESS-325,SF186,SF191,"[""visual-territory-42"",""visual-territory-43""]","M528,247L514,216",690.26,land-survey,SURVEY_CORRIDOR,False,210483.08,1.209,STANDARD_COMMODITIES_EXCLUDING_ELECTRICITY,True,False
ACCESS-326,P01,SF215,"[""visual-territory-44"",""visual-territory-48""]","M135,328L150,377",1039.91,land-survey,SURVEY_CORRIDOR,False,7527.6,1.694,STANDARD_COMMODITIES_EXCLUDING_ELECTRICITY,True,False
ACCESS-327,SF199,SF215,"[""visual-territory-44"",""visual-territory-45"",""visual-territory-48""]","M228,327L150,377",1880.16,land-survey,SURVEY_CORRIDOR,False,5656.37,2.861,STANDARD_COMMODITIES_EXCLUDING_ELECTRICITY,True,False
ACCESS-328,SF199,SF217,"[""visual-territory-45"",""visual-territory-49""]","M228,327L258,400",1601.61,land-survey,SURVEY_CORRIDOR,False,124749.51,2.474,STANDARD_COMMODITIES_EXCLUDING_ELECTRICITY,True,False
ACCESS-329,SF203,H02,"[""visual-territory-46"",""visual-territory-51""]","M329,355L303,425",1515.34,multimodal-survey,SURVEY_CORRIDOR,False,1014.61,4.258,STANDARD_COMMODITIES_EXCLUDING_ELECTRICITY,True,True
ACCESS-330,SF212,P02,"[""visual-territory-47"",""visual-territory-52""]","M426,343L539,388",2468.26,land-survey,SURVEY_CORRIDOR,False,641.87,3.678,STANDARD_COMMODITIES_EXCLUDING_ELECTRICITY,True,False
ACCESS-331,SF217,H02,"[""visual-territory-49"",""visual-territory-51""]","M258,400L303,425",1044.65,land-survey,SURVEY_CORRIDOR,False,1202.28,1.701,STANDARD_COMMODITIES_EXCLUDING_ELECTRICITY,True,False
ACCESS-332,SF221,H02,"[""visual-territory-50"",""visual-territory-51""]","M270,455L303,425",905.04,land-survey,SURVEY_CORRIDOR,False,1272.07,1.507,STANDARD_COMMODITIES_EXCLUDING_ELECTRICITY,True,False
ACCESS-333,SF221,H04,"[""visual-territory-50"",""visual-territory-60"",""visual-territory-61""]","M270,455L298,590",2797.88,multimodal-survey,SURVEY_CORRIDOR,False,18981.05,7.227,STANDARD_COMMODITIES_EXCLUDING_ELECTRICITY,True,True
ACCESS-334,P02,SF304,"[""visual-territory-52"",""visual-territory-65""]","M539,388L602,380",1288.73,multimodal-survey,SURVEY_CORRIDOR,False,913.35,3.733,STANDARD_COMMODITIES_EXCLUDING_ELECTRICITY,True,True
ACCESS-335,SF230,H03,"[""visual-territory-53"",""visual-territory-58""]","M762,375L791,478",2171.46,land-survey,SURVEY_CORRIDOR,False,403288.48,3.266,STANDARD_COMMODITIES_EXCLUDING_ELECTRICITY,True,False
ACCESS-336,SF230,P03,"[""visual-territory-53"",""visual-territory-64""]","M762,375L691,334",1663.79,multimodal-survey,SURVEY_CORRIDOR,False,468001.28,4.601,STANDARD_COMMODITIES_EXCLUDING_ELECTRICITY,True,True
ACCESS-337,SF238,P05,"[""visual-territory-54"",""visual-territory-55""]","M924,440L977,453",1107.42,multimodal-survey,SURVEY_CORRIDOR,False,301901.45,3.313,STANDARD_COMMODITIES_EXCLUDING_ELECTRICITY,True,True
ACCESS-338,SF238,H03,"[""visual-territory-54"",""visual-territory-58""]","M924,440L791,478",2806.99,multimodal-survey,SURVEY_CORRIDOR,False,401386.05,7.248,STANDARD_COMMODITIES_EXCLUDING_ELECTRICITY,True,True
ACCESS-339,SF238,P08,"[""visual-territory-54"",""visual-territory-66""]","M924,440L964,362",1778.86,multimodal-survey,SURVEY_CORRIDOR,False,417704.71,4.868,STANDARD_COMMODITIES_EXCLUDING_ELECTRICITY,True,True
ACCESS-340,P04,SF250,"[""visual-territory-56"",""visual-territory-57""]","M637,548L673,564",799.46,land-survey,SURVEY_CORRIDOR,False,182148.02,1.36,STANDARD_COMMODITIES_EXCLUDING_ELECTRICITY,True,False
ACCESS-341,SF250,H03,"[""visual-territory-56"",""visual-territory-57"",""visual-territory-58""]","M673,564L791,478",2963.07,land-survey,SURVEY_CORRIDOR,False,148168.81,4.365,STANDARD_COMMODITIES_EXCLUDING_ELECTRICITY,True,False
ACCESS-342,SF250,SF263,"[""visual-territory-57"",""visual-territory-59""]","M673,564L624,653",2061.73,multimodal-survey,SURVEY_CORRIDOR,False,60279.41,5.523,STANDARD_COMMODITIES_EXCLUDING_ELECTRICITY,True,True
ACCESS-343,SF263,P07,"[""visual-territory-59"",""visual-territory-67""]","M624,653L539,693",1906.37,multimodal-survey,SURVEY_CORRIDOR,False,63028.67,5.163,STANDARD_COMMODITIES_EXCLUDING_ELECTRICITY,True,True
ACCESS-344,SF272,H04,"[""visual-territory-60"",""visual-territory-61""]","M215,586L298,590",1686.28,multimodal-survey,SURVEY_CORRIDOR,False,426363.24,4.653,STANDARD_COMMODITIES_EXCLUDING_ELECTRICITY,True,True
ACCESS-345,SF272,SF327,"[""visual-territory-60"",""visual-territory-69""]","M215,586L152,638",1657.71,multimodal-survey,SURVEY_CORRIDOR,False,143970.66,4.587,STANDARD_COMMODITIES_EXCLUDING_ELECTRICITY,True,True
ACCESS-346,H04,SF286,"[""visual-territory-61"",""visual-territory-62"",""visual-territory-63""]","M298,590L359,659",1868.95,multimodal-survey,SURVEY_CORRIDOR,False,219633.27,5.076,STANDARD_COMMODITIES_EXCLUDING_ELECTRICITY,True,True
ACCESS-347,SF286,P06,"[""visual-territory-62"",""visual-territory-63""]","M359,659L383,661",488.72,multimodal-survey,SURVEY_CORRIDOR,False,372064.77,1.881,STANDARD_COMMODITIES_EXCLUDING_ELECTRICITY,True,True
ACCESS-348,P03,SF304,"[""visual-territory-64"",""visual-territory-65""]","M691,334L602,380",2033.06,multimodal-survey,SURVEY_CORRIDOR,False,253863.1,5.456,STANDARD_COMMODITIES_EXCLUDING_ELECTRICITY,True,True
ACCESS-349,P07,SF322,"[""visual-territory-67"",""visual-territory-68""]","M539,693L494,558",2887.76,multimodal-survey,SURVEY_CORRIDOR,False,123649.27,7.435,STANDARD_COMMODITIES_EXCLUDING_ELECTRICITY,True,True
