id,countryId,pathSha256,pathLength,pathSource,label,areaKm2,landUseKm2.croplandPotential,landUseKm2.forest,landUseKm2.urbanIndustrialPotential,landUseKm2.mountain,landUseKm2.inlandWater,landUseKm2.convertible,natural.meanElevationM,natural.temperatureC,natural.annualRainMm,natural.monthlyRainMm,natural.runoffM3Year,natural.environmentalFlowM3Year,natural.allocatableWaterM3Day,natural.drySeasonWaterM3Day,natural.grainPotentialTonnesYear,natural.grainYieldTonnesHa,natural.solarKwhM2Day,natural.windMps,natural.droughtExposure,natural.floodExposure,natural.stormExposure,initial.population,initial.workingAge,initial.labourForce,initial.skills.low,initial.skills.medium,initial.skills.high,initial.households,initial.housingUnits,initial.croplandHa,initial.grainTonnesDay,initial.grainDemandTonnesDay,initial.foodStockTonnes,initial.teachers,initial.medicalWorkers,initial.schoolSeats,initial.hospitalBeds,basis,settlementAccess,humanGeography.transportDistanceKm,humanGeography.riverDistanceKm,humanGeography.transportGravity,humanGeography.riverGravity,humanGeography.settlementType,humanGeography.scenarioUrbanShare,humanGeography.basis,basinId
visual-territory-01-E1,visual-territory-01,88c247d0deee9e5b8f4de0ca0649ee5c09fc70b1f73564a118b8d6e27bb425c3,4084,JSON_SOURCE_ONLY,"[1583.0,275.5]",1267965.565,1073590.851,0.0,0.0,194374.715,0.0,0.0,989,20.6,1646,"[66.53,75.99,101.84,137.15,172.46,198.31,207.77,198.31,172.46,137.15,101.84,75.99]",391133500683,254236775444,380268681,243210783,119649961,4.37,3.95,5.91,0.367,0.43,0.587,176666984,108508862,66075169,40913744,18580338,6581087,52610775,52821218,11964773.78,145239.059,117777.989,6017984.143,628934,430361,33566727,310934,GEOGRAPHIC_SCENARIO_ESTIMATE,0.68,2445,1863,0.2226,0.1183,农业河谷,0.38,HUMAN_GEOGRAPHY_SCENARIO_NOT_OBSERVED_HISTORY,BASIN-HL23
visual-territory-02-E1,visual-territory-02,4081978a01d2bff9ba4e31bdc5a531999e7bb26310ca76f6cb83dc150c64b4e9,3486,JSON_SOURCE_ONLY,"[1639.0,292.5]",1969691.231,1400156.844,0.0,0.0,552650.143,0.0,16884.244,1562,21.1,1662,"[63.1,73.2,100.79,138.47,176.16,203.75,213.85,203.75,176.16,138.47,100.79,73.2]",741248606638,481811594315,720658368,446078941,221018746,4.26,3.94,6.1,0.361,0.394,0.545,276124585,168899886,102010802,64336173,27999925,9674704,81616394,82399911,23183291.44,274335.615,184083.057,9687186.774,967541,655630,52463671,470516,GEOGRAPHIC_SCENARIO_ESTIMATE,0.6166,3096,2539,0.1844,0.0896,农业河谷,0.352,HUMAN_GEOGRAPHY_SCENARIO_NOT_OBSERVED_HISTORY,BASIN-HL23
visual-territory-03-E1,visual-territory-03,95e9067121c1e8f40bba8a5ba66716a57a4e409599d23bf5d9c49c599dca79b0,3344,JSON_SOURCE_ONLY,"[1436.75,370.0]",1307499.406,1062060.147,0.0,0.0,245439.259,0.0,0.0,1041,23.0,1734,"[58.52,70.04,101.51,144.5,187.5,218.97,230.49,218.97,187.5,144.5,101.51,70.04]",432980568986,281437369841,420953331,245614668,133695945,4.411,3.87,5.92,0.333,0.447,0.644,234670145,145232659,90452207,54079566,26564004,9808637,70871631,70418053,12693258.36,155527.674,156446.763,7326089.033,859831,598503,44587328,437425,GEOGRAPHIC_SCENARIO_ESTIMATE,0.6699,1426,503,0.3293,0.332,农业河谷,0.432,HUMAN_GEOGRAPHY_SCENARIO_NOT_OBSERVED_HISTORY,BASIN-HR34
visual-territory-03-E2,visual-territory-03,1c2af02d13402e08144d8aabbc571c04fa4cdf98a82b1db5e610c9cb75e11a1f,2955,JSON_SOURCE_ONLY,"[1473.25,375.5]",1391508.816,747848.479,0.0,0.0,643660.337,0.0,0.0,1946,20.3,1642,"[65.9,75.4,101.37,136.85,172.32,198.29,207.79,198.29,172.32,136.85,101.37,75.4]",577356822557,375281934662,561319133,357607134,166514492,4.12,3.96,6.08,0.368,0.316,0.426,275733174,172233970,111111062,63515527,34337763,13257772,84747103,83119959,16020497.11,183345.689,183822.116,7346267.044,1045580,742053,52389303,549260,GEOGRAPHIC_SCENARIO_ESTIMATE,0.5009,697,311,0.5009,0.446,农业河谷,0.496,HUMAN_GEOGRAPHY_SCENARIO_NOT_OBSERVED_HISTORY,BASIN-HR34
visual-territory-04-E1,visual-territory-04,0ebaf84bf4519f954f45475e8c3e772652bd753f23bc4a4b1cdf3067e74f2256,5039,JSON_SOURCE_ONLY,"[1509.75,319.0]",1579706.369,1314500.19,0.0,0.0,265206.179,0.0,0.0,865,22.4,1711,"[60.75,71.72,101.68,142.62,183.55,213.51,224.48,213.51,183.55,142.62,101.68,71.72]",483780620720,314457403468,470342270,281351365,149565811,4.417,3.89,5.9,0.342,0.467,0.664,276319021,172102539,108945554,63170990,33145595,12628969,84459904,83176113,13660997.16,167612.846,184212.681,8047146.742,1036749,731472,52500614,539375,GEOGRAPHIC_SCENARIO_ESTIMATE,0.7088,1016,689,0.4079,0.2663,农业河谷,0.476,HUMAN_GEOGRAPHY_SCENARIO_NOT_OBSERVED_HISTORY,BASIN-HL23
visual-territory-04-E2,visual-territory-04,8790a5b68dae62794d08c6f30b26ef6fade17aeaaea89cd9d64358c40e162b23,4231,JSON_SOURCE_ONLY,"[1535.75,295.0]",1607709.506,1078944.392,0.0,0.0,492525.76,36239.354,0.0,1358,18.8,1586,"[70.79,79.01,101.48,132.18,162.87,185.34,193.56,185.34,162.87,132.18,101.48,79.01]",542051173180,352333262567,526994196,355671137,159658313,4.208,4.01,5.86,0.39,0.336,0.436,220042721,135605728,83991069,51215234,24081919,8693916,65934354,65894793,16275899.55,190247.181,146695.147,7024350.435,793474,547158,41808117,397397,GEOGRAPHIC_SCENARIO_ESTIMATE,0.5508,1611,1095,0.3029,0.1859,农业河谷,0.403,HUMAN_GEOGRAPHY_SCENARIO_NOT_OBSERVED_HISTORY,BASIN-HL23
visual-territory-05-E1,visual-territory-05,2a2e250345aa93928d18da8c03bfc443c0ded451af9d25a1a105a7e87e06d7fc,1765,JSON_SOURCE_ONLY,"[1579.25,366.5]",1075238.094,891158.65,0.0,0.0,184079.444,0.0,0.0,1232,23.1,1738,"[58.15,69.77,101.5,144.86,188.21,219.95,231.57,219.95,188.21,144.86,101.5,69.77]",381280278776,247832181204,370689160,215367420,118091293,4.425,3.86,5.52,0.331,0.279,0.403,163135753,100432895,62468256,38270552,17805952,6391752,48790451,48829483,11513901.86,141525.044,108757.169,5120287.501,585984,403141,30995793,292339,GEOGRAPHIC_SCENARIO_ESTIMATE,0.4167,1467,1123,0.323,0.182,农业河谷,0.396,HUMAN_GEOGRAPHY_SCENARIO_NOT_OBSERVED_HISTORY,BASIN-HR24
visual-territory-05-E2,visual-territory-05,20c425ef96899c97a6e6dcb01446681d25683f699b62c6b199b5c693529e66c7,2675,JSON_SOURCE_ONLY,"[1607.75,367.5]",1152246.72,1138656.963,0.0,0.0,13589.758,0.0,0.0,350,24.8,1795,"[53.0,65.94,101.28,149.56,197.84,233.19,246.12,233.19,197.84,149.56,101.28,65.94]",297527437743,193392834533,289262787,158534719,95873878,4.603,3.81,5.61,0.31,0.488,0.683,159455285,98210105,60217526,36817598,17207760,6192168,47728242,47737788,8962865.31,114600.192,106303.523,5293915.462,573720,395098,30296504,286701,GEOGRAPHIC_SCENARIO_ESTIMATE,0.7073,2045,1685,0.255,0.1292,农业河谷,0.399,HUMAN_GEOGRAPHY_SCENARIO_NOT_OBSERVED_HISTORY,BASIN-HR24
visual-territory-06-E1,visual-territory-06,b5da75157aac4dac9a42e5b51e0994c4d3204b9ee55188bf2a5cab83c3b78abe,4707,JSON_SOURCE_ONLY,"[1347.75,441.0]",1985751.853,71243.275,1716839.377,0.0,197257.391,0.0,411.811,859,24.7,2185,"[148.01,152.58,165.05,182.08,199.12,211.58,216.15,211.58,199.12,182.08,165.05,152.58]",774655551317,503526108356,753137342,654498528,28471357,3.996,3.42,5.7,0.16,0.515,0.595,26250367,16080450,9755205,6112417,2701021,941767,7779731,7838857,3158214.38,35056.18,17500.245,906512.674,92506,62906,4987570,45256,GEOGRAPHIC_SCENARIO_ESTIMATE,0.6128,2715,636,0.205,0.2823,资源腹地,0.362,HUMAN_GEOGRAPHY_SCENARIO_NOT_OBSERVED_HISTORY,BASIN-HR05
visual-territory-06-E2,visual-territory-06,61826ae12130444217862b46a4d5c4351f30ce68b1d179379b2159205dae1adc,3223,JSON_SOURCE_ONLY,"[1399.25,435.5]",2057818.75,1175308.127,235555.798,0.0,610715.47,36239.354,0.0,1648,22.0,1752,"[72.27,82.14,109.13,145.99,182.86,209.85,219.72,209.85,182.86,145.99,109.13,82.14]",837753385328,544539700463,814482458,526555493,247548162,4.221,3.85,5.83,0.326,0.309,0.421,298296159,183294041,113146862,69921367,31898363,11327132,88902977,89205247,25565301.18,299753.156,198864.106,9649681.88,1063724,728618,56676270,526791,GEOGRAPHIC_SCENARIO_ESTIMATE,0.458,1740,1150,0.2869,0.1786,农业河谷,0.383,HUMAN_GEOGRAPHY_SCENARIO_NOT_OBSERVED_HISTORY,BASIN-HL05
visual-territory-07-E1,visual-territory-07,489c8441aa590cd3d6414b8f2ce746ddd98154137c6dad3b2bfe832ab15cf3b1,1713,JSON_SOURCE_ONLY,"[1450.25,444.5]",1049705.822,1049705.822,0.0,0.0,0.0,0.0,0.0,651,24.9,1797,"[52.82,65.8,101.27,149.73,198.18,233.65,246.64,233.65,198.18,149.73,101.27,65.8]",310009811338,201506377369,301398428,164841528,100030716,4.61,3.8,5.34,0.309,0.337,0.47,170218980,106172387,68285195,39314518,20938972,8031705,52172801,51275429,8678104.66,111127.951,113479.32,4603629.054,642066,454349,32341606,335672,GEOGRAPHIC_SCENARIO_ESTIMATE,0.4877,741,1301,0.4858,0.1612,农业河谷,0.486,HUMAN_GEOGRAPHY_SCENARIO_NOT_OBSERVED_HISTORY,BASIN-HL05
visual-territory-07-E2,visual-territory-07,c9afb0200ac167f5b40f8fdb242b9f96ae07433929a5b9d82de3408d8fd1357c,2077,JSON_SOURCE_ONLY,"[1491.25,427.5]",1088416.041,1088416.041,0.0,0.0,0.0,0.0,0.0,509,25.0,1800,"[52.5,65.56,101.25,150.0,198.75,234.44,247.5,234.44,198.75,150.0,101.25,65.56]",303149398138,197047108790,294728582,160627077,98038515,4.62,3.8,5.24,0.308,0.33,0.458,163757844,101891768,65121474,37946934,19703153,7471387,49958157,49268734,8612322.84,110524.81,109171.896,4564258.628,612127,430978,31113990,317363,GEOGRAPHIC_SCENARIO_ESTIMATE,0.4767,839,1149,0.4548,0.1787,农业河谷,0.469,HUMAN_GEOGRAPHY_SCENARIO_NOT_OBSERVED_HISTORY,BASIN-HR34
visual-territory-08-E1,visual-territory-08,e15a11c7c4446e65e233bb82f6f9447337d8426a588f913020663745d76314db,1869,JSON_SOURCE_ONLY,"[1523.25,419.5]",1288144.296,1187250.642,0.0,0.0,6177.163,0.0,94716.492,753,24.3,1692,"[52.41,64.28,96.72,141.04,185.36,217.8,229.67,217.8,185.36,141.04,96.72,64.28]",373483840086,242764496056,363109289,203379509,117033764,4.477,3.91,5.25,0.349,0.269,0.408,173777247,107531623,67876111,40609598,19917566,7348947,52467391,52142093,10958202.61,136277.425,115851.498,5125270.272,636372,442819,33017677,323573,GEOGRAPHIC_SCENARIO_ESTIMATE,0.4135,1077,1448,0.394,0.1472,农业河谷,0.431,HUMAN_GEOGRAPHY_SCENARIO_NOT_OBSERVED_HISTORY,BASIN-HR24
visual-territory-08-E2,visual-territory-08,1579dadd59b967f986b348b39b482a130fe79f3830bce1efb5add5398c45fbb6,3013,JSON_SOURCE_ONLY,"[1566.25,419.0]",1366800.166,1366800.166,0.0,0.0,0.0,0.0,0.0,367,25.0,1800,"[52.5,65.56,101.25,150.0,198.75,234.44,247.5,234.44,198.75,150.0,101.25,65.56]",356718268952,231866874819,346809428,189011138,115362688,4.62,3.8,5.27,0.308,0.37,0.512,180232712,111072013,68867647,41993425,19745732,7128490,54005547,53973144,10711001.1,137457.847,120155.141,5729477.759,649919,448167,34244215,325500,GEOGRAPHIC_SCENARIO_ESTIMATE,0.5338,1573,1642,0.3079,0.1321,农业河谷,0.403,HUMAN_GEOGRAPHY_SCENARIO_NOT_OBSERVED_HISTORY,BASIN-HR24
visual-territory-09-E1,visual-territory-09,386962643febd71a16644c5f80e02c75904cf40b8451fd44153513fb2b1125dc,3013,JSON_SOURCE_ONLY,"[1079.75,550.5]",1298851.378,555944.629,678252.448,0.0,0.0,0.0,64654.301,274,23.4,1553,"[77.69,84.61,103.54,129.38,155.23,174.15,181.08,174.15,155.23,129.38,103.54,84.61]",279662618409,181780701966,271894212,195848315,75365066,3.85,4.05,5.42,0.403,0.378,0.619,85754496,52639540,32084326,19919232,8991312,3173782,25510024,25632472,8582286.42,91782.785,57169.664,2911079.291,304600,208143,16293354,150242,GEOGRAPHIC_SCENARIO_ESTIMATE,0.6333,2383,1531,0.227,0.1404,农业河谷,0.376,HUMAN_GEOGRAPHY_SCENARIO_NOT_OBSERVED_HISTORY,BASIN-HR35
visual-territory-09-E2,visual-territory-09,d5caf9eb343ad87a4da90244609b88858e8cc1c1b9cf52feb662bdf964b905ab,2155,JSON_SOURCE_ONLY,"[1121.75,557.0]",1339620.651,275501.45,406457.296,0.0,0.0,0.0,657661.906,472,23.3,945,"[41.2,46.24,59.99,78.79,97.58,111.34,116.37,111.34,97.58,78.79,59.99,46.24]",192783651801,125309373671,187428550,124837325,38229603,2.833,4.65,4.96,0.636,0.128,0.341,32192135,19607264,11869767,7627156,3175400,1067211,9442447,9587861,6166474.27,48526.727,21461.423,1120114.607,110934,74383,6116506,52988,GEOGRAPHIC_SCENARIO_ESTIMATE,0.3508,2886,783,0.1952,0.2421,资源腹地,0.323,HUMAN_GEOGRAPHY_SCENARIO_NOT_OBSERVED_HISTORY,BASIN-HR35
visual-territory-10-E1,visual-territory-10,22d98c1b0965b840f1c114c527eb7fba250d9d2b21042bb02d65de89fda145af,3508,JSON_SOURCE_ONLY,"[1132.75,517.0]",1312441.136,88539.33,1106535.718,0.0,0.0,0.0,117366.088,236,25.6,2019,"[130.47,135.53,149.36,168.24,187.13,200.96,206.02,200.96,187.13,168.24,149.36,135.53]",360596841632,234387947060,350580263,295481300,33802994,3.818,3.58,5.26,0.223,0.437,0.526,31506781,19274903,11682596,7363190,3209443,1109963,9315194,9402757,3952838.39,41922.047,21004.521,1091562.93,110463,74879,5986288,53751,GEOGRAPHIC_SCENARIO_ESTIMATE,0.5622,2787,564,0.2008,0.307,资源腹地,0.353,HUMAN_GEOGRAPHY_SCENARIO_NOT_OBSERVED_HISTORY,BASIN-HR35
visual-territory-10-E2,visual-territory-10,f5e3bf0d03c99a148b7fe216220df2812e56a0e753cd63a156663df5c12de1bb,4418,JSON_SOURCE_ONLY,"[1202.5,445.0]",1379978.113,103776.331,1012642.847,0.0,0.0,0.0,263558.935,163,25.1,1802,"[109.92,115.32,130.06,150.19,170.32,185.05,190.45,185.05,170.32,150.19,130.06,115.32]",326109859866,211971408913,317051253,257553761,37615894,3.625,3.8,5.51,0.307,0.49,0.676,32419344,19911961,12106512,7496352,3404351,1205809,9654361,9692978,4535025.66,45665.189,21612.896,1110557.048,115413,78974,6159675,57058,GEOGRAPHIC_SCENARIO_ESTIMATE,0.7073,2550,2084,0.2154,0.1071,资源腹地,0.38,HUMAN_GEOGRAPHY_SCENARIO_NOT_OBSERVED_HISTORY,BASIN-HR35
visual-territory-11-E1,visual-territory-11,a3f01b951daadeadf4cd583ff328b9049a1a1940ffd0c3d34b8d47dfeee98ba8,3901,JSON_SOURCE_ONLY,"[1198.0,581.0]",1944982.581,400691.944,568298.954,0.0,0.0,0.0,975991.682,275,21.5,1027,"[52.12,56.6,68.84,85.55,102.27,114.5,118.98,114.5,102.27,85.55,68.84,56.6]",277020474122,180063308180,269325461,195656707,57609037,2.971,4.57,5.2,0.605,0.207,0.471,58955987,36369948,22622690,13729710,6524384,2368596,17699186,17663788,8270446.26,68254.155,39303.991,1850117.48,213421,147508,11201638,107300,GEOGRAPHIC_SCENARIO_ESTIMATE,0.5238,1466,1292,0.3232,0.1622,资源腹地,0.41,HUMAN_GEOGRAPHY_SCENARIO_NOT_OBSERVED_HISTORY,BASIN-HR35
visual-territory-12-E1,visual-territory-12,f933e00a9e292083529bb685a37a8d45469d6c7bdfc7961cba860583245514b2,2802,JSON_SOURCE_ONLY,"[1269.25,522.0]",1644772.481,147428.279,926574.382,0.0,0.0,0.0,570769.819,196,24.2,1476,"[82.24,87.71,102.64,123.03,143.42,158.35,163.81,158.35,143.42,123.03,102.64,87.71]",323891934867,210529757663,314894937,241824174,49719179,3.372,4.12,5.38,0.432,0.359,0.627,61848785,38772385,25091859,14086319,7904939,3100601,19141712,18678483,5715057.24,53531.036,41232.523,1621922.538,237623,169849,11751269,126295,GEOGRAPHIC_SCENARIO_ESTIMATE,0.633,655,1154,0.5166,0.1781,资源腹地,0.521,HUMAN_GEOGRAPHY_SCENARIO_NOT_OBSERVED_HISTORY,BASIN-HL13
visual-territory-12-E2,visual-territory-12,405395b558cbfce5031977f14d5e18ded5ded7c75649b38f1c52c89a527f92ff,2151,JSON_SOURCE_ONLY,"[1321.75,511.0]",1718898.431,158135.361,622246.174,0.0,0.0,33768.489,904748.408,371,24.1,1010,"[47.1,52.07,65.64,84.18,102.72,116.29,121.25,116.29,102.72,84.18,65.64,52.07]",252228329861,163948414410,245221987,169615889,42833293,2.709,4.59,5.04,0.611,0.161,0.413,44072926,27137023,16890951,10341146,4818651,1731154,13184828,13192739,6816424.74,51293.596,29381.951,1379306.292,158398,109010,8373856,79067,GEOGRAPHIC_SCENARIO_ESTIMATE,0.4147,1445,436,0.3264,0.3645,资源腹地,0.397,HUMAN_GEOGRAPHY_SCENARIO_NOT_OBSERVED_HISTORY,BASIN-HL13
visual-territory-13-E1,visual-territory-13,fc907178990b48cfe3ad8750bbfc12a8875e9501fd36cc7a74aa1d77f09de9ef,1895,JSON_SOURCE_ONLY,"[1294.25,598.0]",1606062.262,415105.323,164724.335,0.0,0.0,20178.731,1006053.874,258,19.8,713,"[33.56,37.02,46.49,59.41,72.34,81.81,85.27,81.81,72.34,59.41,46.49,37.02]",157571089210,102421207986,153194115,106521760,30522558,2.767,4.89,5.21,0.726,0.146,0.444,35430889,21975300,13874106,8209725,4124494,1539887,10744121,10643126,4561446.69,35059.786,23620.593,1044030.196,130882,91532,6731869,67106,GEOGRAPHIC_SCENARIO_ESTIMATE,0.5327,1072,1125,0.395,0.1818,资源腹地,0.447,HUMAN_GEOGRAPHY_SCENARIO_NOT_OBSERVED_HISTORY,BASIN-HL18
visual-territory-13-E2,visual-territory-13,8cc00797cc6e8c4f1702464b86b061af86257525396b19d01e432768bd40fa15,1687,JSON_SOURCE_ONLY,"[1350.25,592.5]",1670716.564,0.0,0.0,0.0,0.0,16884.244,1653832.319,532,22.9,154,"[5.17,6.2,9.01,12.85,16.69,19.51,20.53,19.51,16.69,12.85,9.01,6.2]",40268459546,26174498705,39149891,22764692,0,1.6,5.45,4.91,0.941,0.018,0.294,709,434,267,169,73,25,210,212,0.0,0.0,0.473,23.267,2,2,135,1,GEOGRAPHIC_SCENARIO_ESTIMATE,0.3069,1898,413,0.2694,0.3769,资源腹地,0.355,HUMAN_GEOGRAPHY_SCENARIO_NOT_OBSERVED_HISTORY,BASIN-HR19
visual-territory-14-E1,visual-territory-14,0970f2eb30ad22aea558d7b5a794be59ebdd487a0994ad1f49712bd0e25fda37,1739,JSON_SOURCE_ONLY,"[1369.75,521.0]",1271260.052,498702.923,11118.893,0.0,0.0,0.0,761438.237,618,23.4,808,"[26.78,32.22,47.06,67.33,87.61,102.45,107.89,102.45,87.61,67.33,47.06,32.22]",166529525554,108244191610,161903705,93652666,33746427,2.895,4.79,4.89,0.689,0.085,0.266,31186330,19028339,11627647,7414369,3144116,1069162,9176498,9295792,5277736.98,42441.802,20790.887,1048692.323,108217,72882,5925403,52081,GEOGRAPHIC_SCENARIO_ESTIMATE,0.273,2229,932,0.239,0.2115,农业河谷,0.335,HUMAN_GEOGRAPHY_SCENARIO_NOT_OBSERVED_HISTORY,BASIN-HR14
visual-territory-14-E2,visual-territory-14,12121391f5a6a82892847877148353b8d030501d3857065cc3b56e6901f3b071,1999,JSON_SOURCE_ONLY,"[1419.75,515.0]",1321912.785,1312852.947,0.0,0.0,0.0,0.0,9059.838,320,25.0,1791,"[52.43,65.4,100.83,149.23,197.63,233.06,246.02,233.06,197.63,149.23,100.83,65.4]",335716823592,218215935335,326391356,178196462,108313768,4.609,3.81,5.11,0.311,0.32,0.447,161872496,99655183,61835543,37882927,17625603,6327013,48412638,48451368,10137976.63,129794.262,107914.997,5130278.973,581446,400019,30755774,290076,GEOGRAPHIC_SCENARIO_ESTIMATE,0.4647,1547,1578,0.3115,0.1368,农业河谷,0.396,HUMAN_GEOGRAPHY_SCENARIO_NOT_OBSERVED_HISTORY,BASIN-HL08
visual-territory-15-E1,visual-territory-15,ae6d7928e1cea02d1a895731999b7635529f822f4530e1797d0d6ebe9d045b46,1895,JSON_SOURCE_ONLY,"[1401.75,578.5]",1756373.218,1200428.588,0.0,0.0,0.0,33768.489,522176.141,522,23.8,1345,"[43.47,52.67,77.8,112.12,146.44,171.56,180.76,171.56,146.44,112.12,77.8,52.67]",367690573043,238998872478,357476946,204273977,100811689,3.917,4.25,4.91,0.483,0.161,0.309,111688662,68207149,41694416,26483876,11334210,3876330,32916407,33304821,11598982.97,126203.379,74459.108,3750654.188,388900,262491,21220846,187860,GEOGRAPHIC_SCENARIO_ESTIMATE,0.3115,2208,1180,0.2407,0.1748,农业河谷,0.341,HUMAN_GEOGRAPHY_SCENARIO_NOT_OBSERVED_HISTORY,BASIN-HL08
visual-territory-15-E2,visual-territory-15,c92407bbbc37cc63cac1b67f76f59c57323a864eb8bb3b0e3004d2122bd518b9,2779,JSON_SOURCE_ONLY,"[1445.75,573.0]",1814438.545,1814438.545,0.0,0.0,0.0,0.0,0.0,205,24.7,1782,"[53.74,66.43,101.11,148.47,195.84,230.52,243.21,230.52,195.84,148.47,101.11,66.43]",433071468747,281496454686,421041706,232989630,139846149,4.613,3.82,5.35,0.315,0.422,0.6,227434923,139792875,85635857,52850169,24183566,8602122,67820165,68023625,13194604.98,169074.202,151623.282,7576918.648,811943,556533,43212635,402560,GEOGRAPHIC_SCENARIO_ESTIMATE,0.6158,2092,1097,0.2507,0.1856,农业河谷,0.385,HUMAN_GEOGRAPHY_SCENARIO_NOT_OBSERVED_HISTORY,BASIN-HL08
visual-territory-16-E1,visual-territory-16,7bdb6aaa64c7dfb8246d072851b2c2e909490372995d216b7ed41ea944a97706,2512,JSON_SOURCE_ONLY,"[1495.25,571.5]",1690071.673,1651773.265,0.0,0.0,0.0,38298.408,0.0,184,25.0,1800,"[52.5,65.56,101.25,150.0,198.75,234.44,247.5,234.44,198.75,150.0,101.25,65.56]",403170623614,262060905349,391971440,213624435,130385380,4.62,3.8,5.42,0.308,0.456,0.632,227801460,140100176,85736684,52771786,24294347,8670551,68002466,68152071,12244090.27,157132.492,151867.64,7618288.293,815074,559435,43282277,405031,GEOGRAPHIC_SCENARIO_ESTIMATE,0.6584,2146,581,0.2459,0.3009,农业河谷,0.389,HUMAN_GEOGRAPHY_SCENARIO_NOT_OBSERVED_HISTORY,BASIN-HL11
visual-territory-16-E2,visual-territory-16,6eca3bbf04280d98bc783a6aff0c20553bc09348b777ad2726ad84ad78e8a1cf,7376,JSON_SOURCE_ONLY,"[1547.25,533.0]",1744842.514,1744842.514,0.0,0.0,0.0,0.0,0.0,124,24.6,1784,"[54.13,66.8,101.42,148.7,195.99,230.6,243.27,230.6,195.99,148.7,101.42,66.8]",399855725665,259906221682,388748622,215683002,128981981,4.608,3.82,5.71,0.314,0.564,0.803,231462573,142997578,87892746,52981747,25559211,9351788,69675669,69396966,11839728.03,151548.519,154308.382,7613575.568,842524,584212,43977889,425891,GEOGRAPHIC_SCENARIO_ESTIMATE,0.8211,1927,1755,0.2665,0.1247,农业河谷,0.42,HUMAN_GEOGRAPHY_SCENARIO_NOT_OBSERVED_HISTORY,BASIN-HL11
visual-territory-17-E1,visual-territory-17,47a0a36ed7dc60c3fe9b7083920f5633e18e7d597c554e20c579a864056790c5,4194,JSON_SOURCE_ONLY,"[984.0,608.5]",1892682.604,1886917.253,0.0,0.0,0.0,0.0,5765.352,329,17.7,949,"[29.45,36.1,54.28,79.11,103.95,122.13,128.78,122.13,103.95,79.11,54.28,36.1]",255898775812,166334204278,248790476,139457726,73414310,4.098,4.65,5.58,0.635,0.255,0.524,132916537,82929286,52787559,30348624,16212115,6226820,40761941,40044531,7150835.38,81400.343,88611.025,3775184.095,501893,355366,25254142,262643,GEOGRAPHIC_SCENARIO_ESTIMATE,0.6986,909,2706,0.4349,0.0846,农业河谷,0.488,HUMAN_GEOGRAPHY_SCENARIO_NOT_OBSERVED_HISTORY,BASIN-HR21
visual-territory-18-E1,visual-territory-18,04575a0e5bea611e00d66b010a995dc2774b642014ccc238da43172ebd61fd0e,2809,JSON_SOURCE_ONLY,"[1053.0,685.0]",1752255.109,1013878.279,0.0,0.0,0.0,0.0,738376.83,347,11.5,626,"[24.19,27.94,38.2,52.21,66.22,76.47,80.23,76.47,66.22,52.21,38.2,27.94]",157689957981,102498472687,153309681,95715504,36582457,3.314,4.97,5.16,0.759,0.117,0.242,47662589,29480265,18516554,11101044,5420166,1995344,14378722,14298201,4638292.41,42698.058,31775.059,1436232.682,174254,121139,9055892,88462,GEOGRAPHIC_SCENARIO_ESTIMATE,0.4851,1192,1088,0.37,0.1868,农业河谷,0.428,HUMAN_GEOGRAPHY_SCENARIO_NOT_OBSERVED_HISTORY,BASIN-HR21
visual-territory-19-E1,visual-territory-19,7359962fa361394336d9e3474152c5e62dcf063df1a556aab52d502d55555724,2368,JSON_SOURCE_ONLY,"[1062.5,616.0]",1944158.959,1143598.693,7000.784,0.0,656014.662,0.0,137544.819,1891,12.3,769,"[28.55,33.32,46.33,64.1,81.88,94.89,99.65,94.89,81.88,64.1,46.33,33.32]",372257229634,241967199262,361916751,221419687,85266256,3.272,4.83,5.94,0.704,0.131,0.235,106134098,65569646,41142527,24800715,11964247,4377565,31948856,31821061,11022536.57,100182.61,70756.065,3212042.342,386328,267882,20165479,195287,GEOGRAPHIC_SCENARIO_ESTIMATE,0.4424,1217,1335,0.3651,0.1577,农业河谷,0.42,HUMAN_GEOGRAPHY_SCENARIO_NOT_OBSERVED_HISTORY,BASIN-HR21
visual-territory-20-E1,visual-territory-20,3b137fc63b27bf0871602425b165ace464f4f2df6232be5bef3dbfb33ea44fcf,1297,JSON_SOURCE_ONLY,"[1105.25,650.5]",1608944.938,2059.054,0.0,0.0,409751.782,4118.108,1193015.993,1872,10.5,468,"[20.01,22.55,29.49,38.97,48.45,55.38,57.92,55.38,48.45,38.97,29.49,22.55]",186289321047,121088058680,181114618,119426478,457979,2.224,5.13,5.52,0.82,0.044,0.111,381996,233384,143418,90921,39090,13407,112670,113932,92575.07,571.908,254.664,12575.308,1332,900,72579,645,GEOGRAPHIC_SCENARIO_ESTIMATE,0.2419,1936,344,0.2655,0.421,资源腹地,0.344,HUMAN_GEOGRAPHY_SCENARIO_NOT_OBSERVED_HISTORY,BASIN-HR21
visual-territory-20-E2,visual-territory-20,c831865350b0172aec4f40707e7789564b4a45b73e05aa9886662eab3f1e0bf4,1791,JSON_SOURCE_ONLY,"[1151.75,642.0]",1657950.428,14001.568,0.0,0.0,387513.997,823.622,1255611.24,1894,13.9,394,"[15.77,18.06,24.31,32.86,41.4,47.65,49.94,47.65,41.4,32.86,24.31,18.06]",162880102576,105872066674,158355655,100711994,2750704,1.965,5.21,5.5,0.848,0.034,0.134,1764147,1074648,655246,420772,175449,59025,517588,525455,639311.59,3489.576,1176.098,59806.935,6083,4080,335188,2907,GEOGRAPHIC_SCENARIO_ESTIMATE,0.2243,2361,1104,0.2287,0.1847,资源腹地,0.324,HUMAN_GEOGRAPHY_SCENARIO_NOT_OBSERVED_HISTORY,BASIN-HL20
visual-territory-21-E1,visual-territory-21,010a1aaaf4084aa2f6136d864c96ca3f380b4e0e3d39007b7ee1f887ae0b9529,1739,JSON_SOURCE_ONLY,"[1195.25,671.0]",2192892.704,700490.233,0.0,0.0,632541.445,0.0,859861.027,1910,12.1,618,"[27.67,30.86,39.58,51.49,63.41,72.13,75.32,72.13,63.41,51.49,39.58,30.86]",339101989169,220416292960,329682489,222917988,64608214,2.722,4.98,5.61,0.762,0.065,0.142,68331499,41889259,25950689,16206983,7216368,2527338,20278214,20412050,10481133.82,79249.017,45554.333,2179501.492,241484,164501,12982985,118487,GEOGRAPHIC_SCENARIO_ESTIMATE,0.2723,1603,393,0.3039,0.3886,资源腹地,0.367,HUMAN_GEOGRAPHY_SCENARIO_NOT_OBSERVED_HISTORY,BASIN-HR02
visual-territory-21-E2,visual-territory-21,cd74253acf96faeecefc66993f02748ae26c8c46c7a71a7178c991f96b6abc3d,1167,JSON_SOURCE_ONLY,"[1251.25,667.0]",2218424.976,1080179.824,0.0,0.0,499114.734,37062.975,602067.443,1397,11.8,840,"[44.36,47.8,57.2,70.04,82.88,92.28,95.72,92.28,82.88,70.04,57.2,47.8]",401372233008,260891951455,390223004,290059851,91783187,3.267,4.76,5.59,0.677,0.132,0.209,100775263,61723841,37853997,23734077,10471930,3647990,29858452,30091348,12464815.37,113118.2,67183.509,3343051.391,354930,241276,19147300,173535,GEOGRAPHIC_SCENARIO_ESTIMATE,0.4091,2035,967,0.256,0.2054,农业河谷,0.361,HUMAN_GEOGRAPHY_SCENARIO_NOT_OBSERVED_HISTORY,BASIN-HL02
visual-territory-22-E1,visual-territory-22,8e8ccce9dee2f2e88a0498afcfa800e107e7d02642fc0e1dad6c22fdf14fa227,3693,JSON_SOURCE_ONLY,"[1298.0,673.0]",1903801.497,981345.223,0.0,11942.514,809208.294,0.0,101305.466,1803,8.3,1076,"[62.97,66.54,76.31,89.65,102.99,112.76,116.33,112.76,102.99,89.65,76.31,66.54]",497595734535,323437227448,483773631,382986934,114649265,3.292,4.52,6.15,0.586,0.237,0.213,132438465,81152994,49371777,30894883,13693756,4783138,39271280,39554033,15416511.05,140975.429,88292.31,4526570.149,467243,317958,25163308,228854,GEOGRAPHIC_SCENARIO_ESTIMATE,0.5734,2506,1180,0.2183,0.1749,农业河谷,0.364,HUMAN_GEOGRAPHY_SCENARIO_NOT_OBSERVED_HISTORY,BASIN-HL02
visual-territory-23-E1,visual-territory-23,b1aae62b4bd0998c6cf1f9e67282093837af1109d99c28370032722cec614298,2259,JSON_SOURCE_ONLY,"[1355.75,664.0]",2262488.736,1899683.389,0.0,0.0,0.0,34592.11,328213.237,369,12.9,1056,"[63.96,67.18,75.98,88.01,100.03,108.83,112.06,108.83,100.03,88.01,75.98,67.18]",346856048128,225456431283,337221158,272718558,98471733,4.056,4.54,5.15,0.594,0.193,0.265,148269816,91000600,55931881,34747681,15660927,5523273,44095113,44315589,10652816.38,120021.731,98846.544,4877483.867,526358,359554,28171265,259472,GEOGRAPHIC_SCENARIO_ESTIMATE,0.4744,1928,496,0.2664,0.3352,农业河谷,0.375,HUMAN_GEOGRAPHY_SCENARIO_NOT_OBSERVED_HISTORY,BASIN-R05
visual-territory-23-E2,visual-territory-23,5bc392f5566cb6a2b9c636dfdbb2835823ea255b663c236296a68f43f631ec80,1817,JSON_SOURCE_ONLY,"[1434.25,679.0]",2286373.764,2286373.764,0.0,0.0,0.0,0.0,0.0,365,12.0,1054,"[65.55,68.54,76.71,87.87,99.03,107.2,110.19,107.2,99.03,87.87,76.71,68.54]",349268570036,227024570523,339566665,279183492,106125274,4.341,4.55,5.03,0.594,0.168,0.215,206121337,130217155,87082853,46959428,28563176,11560249,64767113,62500264,9015494.96,108711.843,137414.225,4492345.833,814179,590538,39163054,443161,GEOGRAPHIC_SCENARIO_ESTIMATE,0.4145,325,577,0.6827,0.3022,贸易城市带,0.575,HUMAN_GEOGRAPHY_SCENARIO_NOT_OBSERVED_HISTORY,BASIN-HR01
visual-territory-24-E1,visual-territory-24,9e3ec469332de75070617f267b457939851ebdf6f449abde6e62857e86a2e565,2230,JSON_SOURCE_ONLY,"[1473.5,651.5]",1060001.093,1060001.093,0.0,0.0,0.0,0.0,0.0,198,13.7,1338,"[80.71,84.83,96.09,111.48,126.87,138.13,142.25,138.13,126.87,111.48,96.09,84.83]",189262432270,123020580975,184005142,148449044,57416038,4.334,4.26,5.37,0.485,0.324,0.37,114237166,71542168,46181900,26058599,14471560,5651741,35286701,34482164,5168189.22,62219.256,76158.111,3034139.129,437300,311959,21705062,231673,GEOGRAPHIC_SCENARIO_ESTIMATE,0.6299,689,635,0.504,0.2823,农业河谷,0.514,HUMAN_GEOGRAPHY_SCENARIO_NOT_OBSERVED_HISTORY,BASIN-R06
visual-territory-24-E2,visual-territory-24,ed450160d4b465ae56b29389795fabf66e8bea65678c7d3d65e111141f630726,5224,JSON_SOURCE_ONLY,"[1516.75,625.0]",1101182.177,1101182.177,0.0,0.0,0.0,0.0,0.0,129,13.4,1384,"[83.55,87.81,99.44,115.33,131.22,142.85,147.11,142.85,131.22,115.33,99.44,87.81]",196304342347,127597822526,190851444,154037599,59139921,4.304,4.22,5.68,0.468,0.427,0.461,121293267,75207890,46766823,27711681,13880393,5174749,36761105,36430255,5692335.17,68055.029,80862.178,3810872.725,447572,312815,23045721,229244,GEOGRAPHIC_SCENARIO_ESTIMATE,0.8025,1476,428,0.3218,0.3687,农业河谷,0.445,HUMAN_GEOGRAPHY_SCENARIO_NOT_OBSERVED_HISTORY,BASIN-R06
visual-territory-25-E1,visual-territory-25,e141115e85d5b2a937c9e7cc2f5f3c0c416b97ef3dba2aea3bb5461c6f120bb5,6644,JSON_SOURCE_ONLY,"[927.0,677.0]",1925627.471,1289791.54,0.0,305975.451,0.0,0.0,329860.48,128,8.5,1067,"[66.66,69.65,77.8,88.95,100.09,108.24,111.23,108.24,100.09,88.95,77.8,69.65]",264631736606,172010628794,257280855,212160418,68175228,3.68,4.53,5.68,0.589,0.331,0.307,97452872,60241467,37128141,22319954,10832506,3975681,29367428,29226464,7809811.81,79833.632,64968.581,3172026.015,355508,246829,18516046,180093,GEOGRAPHIC_SCENARIO_ESTIMATE,0.8052,1805,3590,0.2794,0.0651,农业河谷,0.424,HUMAN_GEOGRAPHY_SCENARIO_NOT_OBSERVED_HISTORY,BASIN-HR21
visual-territory-26-E1,visual-territory-26,5502afeeedb20a573a6db33f03d2d1ba3137c0df8dd27310645ed7f74c2408c6,1699,JSON_SOURCE_ONLY,"[1020.25,756.5]",1197545.912,383807.7,0.0,252440.043,0.0,0.0,561298.17,190,7.0,775,"[44.04,46.79,54.32,64.61,74.9,82.43,85.19,82.43,74.9,64.61,54.32,46.79]",123438761902,80235195236,120009907,93256530,26917189,3.115,4.82,5.4,0.702,0.193,0.207,27044362,16615515,10145683,6273887,2857836,1013960,8058031,8087040,3769943.21,32620.481,18029.575,911935.887,96386,65999,5138429,47706,GEOGRAPHIC_SCENARIO_ESTIMATE,0.6457,2272,2477,0.2355,0.0917,资源腹地,0.382,HUMAN_GEOGRAPHY_SCENARIO_NOT_OBSERVED_HISTORY,BASIN-HL27
visual-territory-26-E2,visual-territory-26,0b36ac4462ee5cd71d0952c28f5ac5561be075b6c56413ef92e197559f5bd191,1687,JSON_SOURCE_ONLY,"[1066.25,751.5]",1238315.185,452580.109,0.0,238026.663,0.0,0.0,547708.413,253,7.3,723,"[40.45,43.1,50.35,60.24,70.14,77.39,80.04,77.39,70.14,60.24,50.35,43.1]",122842571543,79847671503,119430278,91960321,27385884,3.185,4.88,5.21,0.722,0.149,0.179,26797795,16413381,9994731,6266597,2764942,963192,7939852,8001783,3814937.48,33751.6,17865.197,912840.089,94382,64159,5091581,46146,GEOGRAPHIC_SCENARIO_ESTIMATE,0.5373,2444,1868,0.2226,0.118,农业河谷,0.361,HUMAN_GEOGRAPHY_SCENARIO_NOT_OBSERVED_HISTORY,BASIN-HL27
visual-territory-27-E1,visual-territory-27,ece48f3b9c8d39e81630bca8f08558f087e7f30a5289a7b467e0c9b3b08eaf89,1996,JSON_SOURCE_ONLY,"[1108.75,743.0]",1494461.526,653955.608,0.0,198492.823,0.0,25120.461,616892.633,383,7.3,704,"[37.73,40.54,48.19,58.65,69.1,76.76,79.56,76.76,69.1,58.65,48.19,40.54]",153691394671,99899406536,149422189,112124904,35661553,3.315,4.9,5.01,0.729,0.108,0.132,37482602,23004947,14195203,8818770,3974657,1401776,11147242,11202978,4720246.95,43465.607,24988.401,1214436.305,133063,90895,7121694,65595,GEOGRAPHIC_SCENARIO_ESTIMATE,0.4,1756,1091,0.285,0.1865,农业河谷,0.375,HUMAN_GEOGRAPHY_SCENARIO_NOT_OBSERVED_HISTORY,BASIN-HL27
visual-territory-27-E2,visual-territory-27,e093b9c4ba373f9fc6159b441837884c8b7eec8e3f53e943330feff1ceda82b1,2204,JSON_SOURCE_ONLY,"[1153.25,733.0]",1566116.611,1145245.936,0.0,105835.385,0.0,9883.46,305151.83,456,9.0,828,"[45.77,48.88,57.39,69.0,80.61,89.12,92.23,89.12,80.61,69.0,57.39,48.88]",195922343869,127349523515,190480057,145593529,52555198,3.832,4.77,4.99,0.682,0.118,0.147,78069157,48406781,30803897,18252849,9142597,3408451,23660905,23447957,5681258.18,60473.837,52046.105,2220286.825,288075,201340,14833140,147551,GEOGRAPHIC_SCENARIO_ESTIMATE,0.369,915,446,0.4335,0.359,农业河谷,0.445,HUMAN_GEOGRAPHY_SCENARIO_NOT_OBSERVED_HISTORY,BASIN-HR28
visual-territory-28-E1,visual-territory-28,b269e11baffd815910bd717beecf5f52c3904a6a2877fb2596513615397c6e4d,3977,JSON_SOURCE_ONLY,"[1184.25,773.5]",1580118.18,340567.562,0.0,776675.238,0.0,0.0,462875.38,193,4.9,682,"[38.05,40.57,47.44,56.82,66.21,73.08,75.59,73.08,66.21,56.82,47.44,40.57]",143489469596,93268155237,139503651,107245477,29371550,2.924,4.92,5.4,0.738,0.169,0.153,43203604,27196669,17795352,9778546,5730103,2286703,13480064,13075662,3791709.23,30797.105,28802.403,1069490.816,168494,121402,8208685,90728,GEOGRAPHIC_SCENARIO_ESTIMATE,0.6457,524,670,0.5717,0.2718,贸易城市带,0.55,HUMAN_GEOGRAPHY_SCENARIO_NOT_OBSERVED_HISTORY,BASIN-HR22
visual-territory-28-E2,visual-territory-28,85bd19f2106914cb381bf8c9b225648afd285e3c0a395c92b4a03d3158fde3ea,1427,JSON_SOURCE_ONLY,"[1223.75,765.5]",1640654.373,561709.981,0.0,227731.393,0.0,23061.407,828151.592,324,5.7,702,"[38.25,40.96,48.36,58.46,68.57,75.97,78.68,75.97,68.57,58.46,48.36,40.96]",163515246721,106284910368,158973157,120496784,35891666,3.136,4.9,5.11,0.73,0.126,0.126,47914677,29938048,19362971,11052771,5993227,2316973,14734817,14446015,4529208.83,39454.441,31943.118,1260347.664,181884,129159,9103789,95638,GEOGRAPHIC_SCENARIO_ESTIMATE,0.4673,663,687,0.5136,0.2667,资源腹地,0.498,HUMAN_GEOGRAPHY_SCENARIO_NOT_OBSERVED_HISTORY,BASIN-HL21
visual-territory-29-E1,visual-territory-29,19e14d3e524a2a5dacb07c2b54e61f369b537cb99df0c705c1dcaaf44d10bf48,3211,JSON_SOURCE_ONLY,"[1274.25,749.0]",1608121.316,569946.198,0.0,349627.4,15237.001,35415.732,637894.986,527,6.7,745,"[41.56,44.31,51.81,62.07,72.32,79.83,82.57,79.83,72.32,62.07,51.81,44.31]",186725645113,121371669324,181538822,139552913,41563977,3.18,4.86,5.33,0.714,0.149,0.159,46209585,28494216,17704596,10766696,5093258,1844642,13861351,13841945,5588418.48,49364.363,30806.39,1456526.119,167001,115311,8779821,83824,GEOGRAPHIC_SCENARIO_ESTIMATE,0.52,1501,1415,0.318,0.1501,农业河谷,0.407,HUMAN_GEOGRAPHY_SCENARIO_NOT_OBSERVED_HISTORY,BASIN-HL19
visual-territory-29-E2,visual-territory-29,c129e51caf85638e9e0712f32d3d3f17245e5e99421939aa1ffa683c1188db74,3102,JSON_SOURCE_ONLY,"[1325.75,768.0]",1661656.725,455874.596,0.0,508586.383,40769.273,0.0,656426.473,571,5.7,741,"[42.54,45.12,52.16,61.78,71.4,78.44,81.01,78.44,71.4,61.78,52.16,45.12]",195774961815,127253725180,190336768,148848778,41466166,3.026,4.86,5.54,0.715,0.174,0.164,53067553,33043043,21009923,12199622,6381974,2428327,16211753,15971819,5537886.33,46549.011,35378.369,1514901.746,198897,140247,10082835,103376,GEOGRAPHIC_SCENARIO_ESTIMATE,0.6116,930,1059,0.4295,0.191,资源腹地,0.474,HUMAN_GEOGRAPHY_SCENARIO_NOT_OBSERVED_HISTORY,BASIN-HR20
visual-territory-30-E1,visual-territory-30,58fce8d64e9efa6e1a2a5fe20f2c2b05aa2640ff1cc6fab0c6feb6876a4a4724,1999,JSON_SOURCE_ONLY,"[1373.75,743.0]",1351151.354,726846.126,0.0,212494.392,19766.92,0.0,392043.916,573,7.8,911,"[55.39,58.15,65.68,75.96,86.24,93.77,96.52,93.77,86.24,75.96,65.68,58.15]",195883373169,127324192560,190442168,154349866,47827085,3.488,4.69,5.52,0.649,0.211,0.213,68709690,42294250,26030588,15958052,7413511,2659025,20544084,20564628,5920085.23,57359.048,45806.46,2248547.508,246668,169644,13054841,122990,GEOGRAPHIC_SCENARIO_ESTIMATE,0.6008,1866,443,0.2728,0.3608,农业河谷,0.395,HUMAN_GEOGRAPHY_SCENARIO_NOT_OBSERVED_HISTORY,BASIN-HR33
visual-territory-30-E2,visual-territory-30,1b1a64cf98aa71b978d52055f476f7c1b6c5d4169a97353bcd2852764c4bc3d9,2858,JSON_SOURCE_ONLY,"[1422.75,759.5]",1363093.869,488407.652,0.0,405633.674,0.0,0.0,469052.543,167,5.9,844,"[49.51,52.31,59.94,70.36,80.78,88.41,91.2,88.41,80.78,70.36,59.94,52.31]",151217715955,98291515371,147017224,116529138,33310056,3.147,4.76,5.52,0.675,0.232,0.197,40318198,24886811,15346701,9288745,4440721,1617235,12117028,12083100,4499785.58,39335.626,26878.799,1309535.071,146274,101231,7660458,73702,GEOGRAPHIC_SCENARIO_ESTIMATE,0.7135,1782,1446,0.282,0.1474,农业河谷,0.414,HUMAN_GEOGRAPHY_SCENARIO_NOT_OBSERVED_HISTORY,BASIN-HR33
visual-territory-31-E1,visual-territory-31,ccca88b2161f59b7e1ad78da973d9622f749f4c3a075e9cfd4df5c591397538f,5926,JSON_SOURCE_ONLY,"[1469.75,720.0]",1257670.295,767615.399,0.0,432813.189,0.0,0.0,57241.706,151,8.0,1003,"[62.01,64.91,72.82,83.62,94.43,102.34,105.23,102.34,94.43,83.62,72.82,64.91]",164403685203,106862395382,159836916,130920251,41300251,3.589,4.6,5.56,0.614,0.285,0.267,64329620,40119168,25443978,14659548,7796035,2988395,19711849,19376748,4606180.25,45921.058,42886.413,1857839.426,242523,171567,12222628,126729,GEOGRAPHIC_SCENARIO_ESTIMATE,0.7393,979,1666,0.417,0.1305,农业河谷,0.485,HUMAN_GEOGRAPHY_SCENARIO_NOT_OBSERVED_HISTORY,BASIN-HR01
visual-territory-31-E2,visual-territory-31,1bf7a81c21a6dfc917a76c4a1354c88e9b37c0ad5d5c6e19977ec2c93522063e,3760,JSON_SOURCE_ONLY,"[1523.25,740.0]",1301734.054,918749.976,0.0,227319.582,0.0,0.0,155664.496,149,8.6,1094,"[68.91,71.9,80.04,91.17,102.3,110.45,113.43,110.45,102.3,91.17,80.04,71.9]",185356181367,120481517889,180207399,149411374,48486022,3.737,4.51,5.57,0.579,0.313,0.287,77266897,48117960,30383027,17629752,9236440,3516835,23610969,23256804,5238629.09,54379.88,51511.265,2275561.628,289751,204371,14680710,150670,GEOGRAPHIC_SCENARIO_ESTIMATE,0.7438,1069,2051,0.3956,0.1087,农业河谷,0.475,HUMAN_GEOGRAPHY_SCENARIO_NOT_OBSERVED_HISTORY,BASIN-R06
visual-territory-32-E1,visual-territory-32,fa7c5b1484e2ee1fb302ed827031eab5864086d76e8837b8ce136daf8214751e,3503,JSON_SOURCE_ONLY,"[1515.75,784.0]",1193839.615,11118.893,0.0,475641.516,0.0,0.0,707079.206,149,3.1,607,"[32.92,35.28,41.73,50.54,59.35,65.8,68.16,65.8,59.35,50.54,41.73,35.28]",94255156170,61265851510,91636957,69275517,2830788,2.546,4.99,5.57,0.767,0.173,0.121,2353384,1451379,891479,541769,256675,93035,706128,704998,474999.11,3359.299,1568.923,77611.466,8510,5878,447143,4274,GEOGRAPHIC_SCENARIO_ESTIMATE,0.743,1959,2913,0.2633,0.079,资源腹地,0.408,HUMAN_GEOGRAPHY_SCENARIO_NOT_OBSERVED_HISTORY,BASIN-R06
visual-territory-32-E2,visual-territory-32,2b89d27cab295a9928ce42d9625eaf9a8905c3a58cb4b55f507e233598c0f41e,8060,JSON_SOURCE_ONLY,"[1643.0,778.0]",1221019.13,189844.796,0.0,906807.462,0.0,0.0,124366.873,108,4.2,709,"[39.77,42.36,49.42,59.07,68.72,75.78,78.37,75.78,68.72,59.07,49.42,42.36]",110244814981,71659129737,107182459,82672560,21576126,2.796,4.89,5.81,0.727,0.239,0.184,20125562,12395535,7526519,4601789,2150778,773952,6023994,6025199,3321069.93,25793.643,13417.041,692748.678,72412,49867,3823857,36186,GEOGRAPHIC_SCENARIO_ESTIMATE,0.8765,2646,3975,0.2092,0.0592,资源腹地,0.399,HUMAN_GEOGRAPHY_SCENARIO_NOT_OBSERVED_HISTORY,BASIN-R06
visual-territory-33-E1,visual-territory-33,15263b650127472ca58ae660ead0912208afcbd262449864d85f40ffa3c3d6ea,2758,JSON_SOURCE_ONLY,"[154.25,175.0]",1508874.905,1189309.696,0.0,66301.545,135485.765,11942.514,105835.385,826,9.1,1102,"[66.35,69.76,79.09,91.83,104.57,113.9,117.31,113.9,104.57,91.83,79.09,69.76]",293207122572,190584629672,285062480,229692361,76316214,3.718,4.5,5.84,0.576,0.293,0.278,106254418,65079768,39292821,24636206,10869966,3786649,31481858,31727416,9105693.79,94041.582,70836.279,3732221.85,374228,254394,20188339,182970,GEOGRAPHIC_SCENARIO_ESTIMATE,0.6909,3129,1859,0.1828,0.1185,农业河谷,0.361,HUMAN_GEOGRAPHY_SCENARIO_NOT_OBSERVED_HISTORY,BASIN-HL28
visual-territory-33-E2,visual-territory-33,20bd2eecff5f069cbdcc1bf6e5dd377348d9a16b8a7e053d8f3e889c40f7052f,1557,JSON_SOURCE_ONLY,"[205.25,174.0]",1551291.421,399044.701,0.0,129308.603,667133.555,0.0,355804.563,1943,3.6,750,"[38.51,41.73,50.51,62.5,74.5,83.28,86.5,83.28,74.5,62.5,50.51,41.73]",293753147124,190939545630,285593337,208853869,50633704,2.462,4.85,6.09,0.712,0.146,0.093,46335645,28250843,17007262,10879545,4578355,1549362,13616117,13806743,9345756.36,63914.589,30890.43,1644235.808,160321,107777,8803773,76917,GEOGRAPHIC_SCENARIO_ESTIMATE,0.5046,3435,987,0.1693,0.2021,资源腹地,0.33,HUMAN_GEOGRAPHY_SCENARIO_NOT_OBSERVED_HISTORY,BASIN-HL28
visual-territory-34-E1,visual-territory-34,be00d4e3a8922c53870059ca3100aa6c4dbf4d6ddfd2dd07a243c2115f62a637,1821,JSON_SOURCE_ONLY,"[339.75,205.0]",1654655.941,1101182.177,0.0,3294.487,470287.975,0.0,79891.302,1618,7.1,931,"[51.44,54.95,64.52,77.6,90.68,100.25,103.76,100.25,90.68,77.6,64.52,54.95]",354882947988,230673916192,345025088,263613594,85299690,3.434,4.67,5.75,0.642,0.153,0.139,115148859,70620795,43435179,27073147,12109728,4252304,34199245,34404440,10942815.69,104382.303,76765.906,3778110.83,407627,277969,21878283,200359,GEOGRAPHIC_SCENARIO_ESTIMATE,0.4271,1897,478,0.2696,0.3434,农业河谷,0.37,HUMAN_GEOGRAPHY_SCENARIO_NOT_OBSERVED_HISTORY,BASIN-HR17
visual-territory-34-E2,visual-territory-34,a6debc814b277451c859904e71b2baae1303536489f0c8e539f62264fc73e1b0,2373,JSON_SOURCE_ONLY,"[390.25,207.5]",1678129.159,1099123.123,0.0,11530.703,487584.03,10707.082,69184.221,1642,7.2,878,"[47.55,50.98,60.36,73.17,85.98,95.36,98.79,95.36,85.98,73.17,60.36,50.98]",341783895085,222159531805,332289898,250836063,82222466,3.437,4.72,5.72,0.662,0.137,0.133,102095657,62615266,38552908,24030027,10748551,3774330,30322440,30504375,10538906.4,100617.281,68063.771,3335941.561,361419,246459,19398175,177646,GEOGRAPHIC_SCENARIO_ESTIMATE,0.4055,1848,847,0.2747,0.2278,农业河谷,0.37,HUMAN_GEOGRAPHY_SCENARIO_NOT_OBSERVED_HISTORY,BASIN-HL16
visual-territory-35-E1,visual-territory-35,d66ef21b975e8478b33de3deb0fa12f74c4773cd7ad697695192e99fcbcb4190,1989,JSON_SOURCE_ONLY,"[435.75,179.5]",1525759.149,922044.463,0.0,2059.054,473994.273,37474.786,90186.573,1750,7.9,984,"[58.02,61.24,70.02,82.01,94.0,102.78,106.0,102.78,94.0,82.01,70.02,61.24]",359388414569,233602469470,349405403,277868773,85484902,3.398,4.62,5.97,0.621,0.19,0.179,117408467,71763577,43516715,27534331,11892248,4090136,34657280,35024647,11284257.13,106510.849,78272.311,4060767.512,410225,277483,22307609,198890,GEOGRAPHIC_SCENARIO_ESTIMATE,0.501,2749,334,0.203,0.4282,农业河谷,0.347,HUMAN_GEOGRAPHY_SCENARIO_NOT_OBSERVED_HISTORY,BASIN-HR27
visual-territory-35-E2,visual-territory-35,4bb0e39d826bfa8af4a64c987214caa267b3ad67dc2839f2a9f39fc07915973a,2469,JSON_SOURCE_ONLY,"[478.75,171.0]",1540584.339,777498.859,0.0,184491.255,372276.996,0.0,206317.229,1294,5.6,934,"[54.39,57.54,66.13,77.87,89.61,98.2,101.35,98.2,89.61,77.87,66.13,57.54]",299771096366,194851212638,291444121,229935467,64567545,3.077,4.67,6.03,0.641,0.236,0.174,76586113,46832408,28198402,17807291,7726362,2664749,22625144,22851395,9390329.58,80261.234,51057.409,2716049.911,268051,181509,14551361,130196,GEOGRAPHIC_SCENARIO_ESTIMATE,0.6561,3415,1101,0.1701,0.1851,农业河谷,0.35,HUMAN_GEOGRAPHY_SCENARIO_NOT_OBSERVED_HISTORY,BASIN-HL26
visual-territory-36-E1,visual-territory-36,34450f85c5dd9cdc1b087351d1bbb871e2e1ef56aba2546b5e222deff64d143c,4057,JSON_SOURCE_ONLY,"[549.0,163.5]",1941688.094,898159.434,0.0,126837.738,799736.644,0.0,116954.278,1882,4.8,979,"[56.74,60.07,69.16,81.59,94.01,103.1,106.43,103.1,94.01,81.59,69.16,60.07]",472038038863,306824725261,458925871,361107014,96269192,2.913,4.62,6.44,0.623,0.263,0.161,99086318,60484270,36138444,22999228,9797855,3341361,29179079,29540900,14925370.75,120771.125,66057.545,3608063.126,344424,232219,18826400,166069,GEOGRAPHIC_SCENARIO_ESTIMATE,0.6991,4503,2496,0.1345,0.091,农业河谷,0.338,HUMAN_GEOGRAPHY_SCENARIO_NOT_OBSERVED_HISTORY,BASIN-HL26
visual-territory-37-E1,visual-territory-37,4f73688bac7452e7a1d70b7ece8dd4f11ca2b63cfb654041c9db696623902735,3459,JSON_SOURCE_ONLY,"[608.5,178.0]",1351974.976,1295556.892,0.0,12354.325,34180.299,0.0,9883.46,514,10.5,1271,"[83.85,86.81,94.88,105.92,116.95,125.03,127.99,125.03,116.95,105.92,94.88,86.81]",266380757381,173147492298,258981292,221210886,77059330,4.133,4.33,5.71,0.511,0.349,0.328,113207534,69277350,41653353,26218703,11463003,3971647,33488399,33789795,8311745.59,95423.457,75471.689,4034716.512,397358,269547,21509431,193585,GEOGRAPHIC_SCENARIO_ESTIMATE,0.7143,3581,2647,0.1635,0.0863,农业河谷,0.355,HUMAN_GEOGRAPHY_SCENARIO_NOT_OBSERVED_HISTORY,BASIN-HR11
visual-territory-38-E1,visual-territory-38,572451633804f672aac3e34c3b6e343c269ec6dd0f79c94ac7d3b25853760614,5909,JSON_SOURCE_ONLY,"[157.75,266.5]",2152535.242,2146769.891,5765.352,0.0,0.0,0.0,0.0,164,11.2,1286,"[85.75,88.62,96.46,107.16,117.87,125.71,128.58,125.71,117.87,107.16,96.46,88.62]",363208579696,236085576802,353119452,303715832,108056304,4.25,4.31,5.57,0.505,0.365,0.359,192686613,119527360,74682009,44160966,22219391,8301652,58446558,57885471,10505444.94,124022.614,128457.742,5936289.173,712170,498211,36610456,365334,GEOGRAPHIC_SCENARIO_ESTIMATE,0.7386,1331,1694,0.3447,0.1286,农业河谷,0.448,HUMAN_GEOGRAPHY_SCENARIO_NOT_OBSERVED_HISTORY,BASIN-HL03
visual-territory-38-E2,visual-territory-38,9fc8270cbd985d4c9a72a92a909c8545cbc2739a96aa9c200d983712bbc2c499,1989,JSON_SOURCE_ONLY,"[216.75,269.0]",2153770.675,1284849.81,40357.462,4941.73,699666.611,34592.11,89362.952,1690,12.5,902,"[40.24,44.91,57.68,75.13,92.58,105.35,110.03,105.35,92.58,75.13,57.68,44.91]",456803190968,296922074129,444114213,299718502,110806088,3.465,4.7,5.8,0.653,0.15,0.234,131407898,80521504,49370713,30894217,13693461,4783035,38965691,39246244,14152676.45,136219.511,87605.265,4363092.635,463607,315484,24967501,227073,GEOGRAPHIC_SCENARIO_ESTIMATE,0.4325,2046,833,0.2549,0.2309,农业河谷,0.364,HUMAN_GEOGRAPHY_SCENARIO_NOT_OBSERVED_HISTORY,BASIN-HL03
visual-territory-39-E1,visual-territory-39,19c6dc44ed19c9df2b893c8277bb80d2a6321900528547368aa7755bcd5b4805,3357,JSON_SOURCE_ONLY,"[248.75,204.0]",1732076.378,980521.602,0.0,12766.136,230202.258,21002.353,487584.03,1345,10.2,737,"[31.81,35.78,46.63,61.46,76.28,87.13,91.1,87.13,76.28,61.46,46.63,35.78]",270418158363,175771802936,262906543,174124954,61620070,3.255,4.86,5.86,0.716,0.158,0.25,89657054,54801081,33133939,20964837,9054843,3114259,26465464,26745998,8490724.55,76770.301,59771.369,3133454.266,313262,211895,17034840,151879,GEOGRAPHIC_SCENARIO_ESTIMATE,0.5585,2996,209,0.1894,0.5451,农业河谷,0.347,HUMAN_GEOGRAPHY_SCENARIO_NOT_OBSERVED_HISTORY,BASIN-HR29
visual-territory-39-E2,visual-territory-39,33152af885feeecdf08caefc93076da5222f9da510555610eb42f4e6edfd74dc,1749,JSON_SOURCE_ONLY,"[296.25,220.0]",1765844.867,1239550.618,0.0,31297.624,436519.487,16472.433,42004.705,1329,9.2,886,"[47.99,51.46,60.93,73.87,86.81,96.29,99.76,96.29,86.81,73.87,60.93,51.46]",329659292152,214278539899,320502090,241895364,81332818,3.525,4.71,5.74,0.659,0.171,0.205,109131569,66950035,41034748,25543310,11460184,4031254,32429445,32611050,10148890.98,99374.558,72754.379,3628406.406,386762,263924,20734998,190325,GEOGRAPHIC_SCENARIO_ESTIMATE,0.5007,2065,694,0.2532,0.2647,农业河谷,0.372,HUMAN_GEOGRAPHY_SCENARIO_NOT_OBSERVED_HISTORY,BASIN-HL09
visual-territory-40-E1,visual-territory-40,14b68e851965ac9ff860c211adcc34b5d65ed917229150a3180778ed352f6f44,1485,JSON_SOURCE_ONLY,"[316.75,297.5]",1013878.279,702549.287,105835.385,0.0,0.0,0.0,205493.607,402,17.9,834,"[34.93,39.56,52.22,69.51,86.8,99.46,104.1,99.46,86.8,69.51,52.22,39.56]",124642588140,81017682291,121180294,78979084,32461983,3.721,4.77,5.0,0.679,0.125,0.294,45236073,28024200,17771771,10574382,5249070,1948319,13687577,13580814,3632645.91,37547.432,30157.382,1306900.306,166378,116067,8594854,84953,GEOGRAPHIC_SCENARIO_ESTIMATE,0.3888,980,707,0.4166,0.2613,农业河谷,0.439,HUMAN_GEOGRAPHY_SCENARIO_NOT_OBSERVED_HISTORY,BASIN-HR25
visual-territory-40-E2,visual-territory-40,e903eb7fe507ac8a78e3b697e2ac905217e6f3b39b8d86a070c76c42710213dd,1413,JSON_SOURCE_ONLY,"[350.75,296.5]",1090475.095,519293.465,33356.678,0.0,0.0,0.0,537824.952,428,18.6,585,"[25.5,28.61,37.11,48.72,60.32,68.82,71.93,68.82,60.32,48.72,37.11,28.61]",95122002720,61829301768,92479725,61632428,20443966,3.07,5.02,4.97,0.775,0.083,0.287,30621784,19361848,13008161,6982650,4285409,1740102,9638281,9289375,2441353.76,20819.322,20414.523,647956.949,121324,88136,5818139,66204,GEOGRAPHIC_SCENARIO_ESTIMATE,0.3674,291,787,0.7065,0.2411,贸易城市带,0.581,HUMAN_GEOGRAPHY_SCENARIO_NOT_OBSERVED_HISTORY,BASIN-HR26
visual-territory-41-E1,visual-territory-41,ce9b6857496ce4c6475ffe8197b85c6f0df7f6c92516c876a8fcf6e2292ab52c,1797,JSON_SOURCE_ONLY,"[385.75,263.5]",1197957.723,1085533.365,11530.703,0.0,0.0,0.0,100893.655,297,12.4,1072,"[67.26,70.21,78.29,89.32,100.35,108.42,111.38,108.42,100.35,89.32,78.29,70.21]",180045185629,117029370659,175043930,144781910,52877985,4.196,4.53,5.14,0.588,0.201,0.262,87059284,54271016,34847474,20120234,10652176,4075064,26654609,26217473,5057649.3,58949.712,58039.523,2373352.161,327691,231613,16541264,170984,GEOGRAPHIC_SCENARIO_ESTIMATE,0.4875,765,1097,0.4777,0.1856,农业河谷,0.482,HUMAN_GEOGRAPHY_SCENARIO_NOT_OBSERVED_HISTORY,BASIN-HR17
visual-territory-41-E2,visual-territory-41,21c3b3d88538858b32adb3fb9aced654ca66e80794e3abc78cef363701232e22,1725,JSON_SOURCE_ONLY,"[432.75,249.0]",1248198.645,1248198.645,0.0,0.0,0.0,0.0,0.0,247,11.5,1203,"[79.62,82.38,89.93,100.23,110.53,118.08,120.84,118.08,110.53,100.23,89.93,82.38]",205435274820,133532928633,199728739,170982561,61743928,4.294,4.4,5.28,0.537,0.265,0.288,99385919,61248560,37884194,23100645,10862156,3921393,29780337,29762469,6168502.27,73576.524,66257.279,3189890.456,358386,247133,18883325,179491,GEOGRAPHIC_SCENARIO_ESTIMATE,0.5737,1662,1098,0.2964,0.1854,农业河谷,0.403,HUMAN_GEOGRAPHY_SCENARIO_NOT_OBSERVED_HISTORY,BASIN-HR27
visual-territory-42-E1,visual-territory-42,c574cdf66165b337fa22ad5e3f36919a1e65da025b01654b5ed97076fa3981a1,2929,JSON_SOURCE_ONLY,"[499.5,260.5]",1688836.24,1688836.24,0.0,0.0,0.0,0.0,0.0,194,11.3,1258,"[83.85,86.66,94.33,104.81,115.29,122.96,125.77,122.96,115.29,104.81,94.33,86.66]",283040946641,183976615317,275178698,236653680,84537118,4.267,4.34,5.42,0.516,0.316,0.321,153671207,94218890,57162789,35676440,15909547,5576802,45616008,45907950,8741436.59,103610.305,102447.471,5305139.856,543381,370286,29197529,266773,GEOGRAPHIC_SCENARIO_ESTIMATE,0.6535,2709,304,0.2054,0.4512,农业河谷,0.368,HUMAN_GEOGRAPHY_SCENARIO_NOT_OBSERVED_HISTORY,BASIN-R01
visual-territory-43-E1,visual-territory-43,36fc4a6b7f1f198018944627c6184ffb076994a6237ef4f760b2c6f43b5ae77e,3553,JSON_SOURCE_ONLY,"[558.0,242.0]",2000577.044,2000577.044,0.0,0.0,0.0,0.0,0.0,238,11.2,1264,"[84.27,87.09,94.8,105.34,115.87,123.58,126.41,123.58,115.87,105.34,94.8,87.09]",344542475354,223952608980,334971851,288075792,102809191,4.263,4.34,5.44,0.514,0.318,0.32,157559906,96489686,58344804,36605530,16126504,5612770,46670588,47043953,10708380.13,126805.068,105039.937,5504933.036,554611,376883,29936382,271003,GEOGRAPHIC_SCENARIO_ESTIMATE,0.6542,2988,1470,0.1898,0.1453,农业河谷,0.36,HUMAN_GEOGRAPHY_SCENARIO_NOT_OBSERVED_HISTORY,BASIN-R01
visual-territory-44-E1,visual-territory-44,9edc958d871523afd7308743663ff09768331316b373ff5997aa6acce9279383,3026,JSON_SOURCE_ONLY,"[149.75,340.0]",1441749.738,22649.596,1419100.142,0.0,0.0,0.0,0.0,200,25.8,2284,"[161.65,165.5,176.01,190.36,204.71,215.22,219.06,215.22,204.71,190.36,176.01,165.5]",440218977125,286142335131,427990672,382816324,9179847,4.053,3.32,5.44,0.121,0.583,0.617,12149294,7690625,5105021,2723580,1691600,689841,3832706,3687830,824105.55,9278.055,8099.529,277133.496,48330,35182,2308366,26461,GEOGRAPHIC_SCENARIO_ESTIMATE,0.6636,386,1577,0.6446,0.1368,贸易城市带,0.589,HUMAN_GEOGRAPHY_SCENARIO_NOT_OBSERVED_HISTORY,BASIN-HR32
visual-territory-44-E2,visual-territory-44,1bf98b07faa37b80c7e80ae29237443e2cc4884789c6eacc7701bb418192ce87,2133,JSON_SOURCE_ONLY,"[197.25,354.5]",1457398.55,258205.394,859861.027,0.0,339332.129,0.0,0.0,1355,23.1,1891,"[111.53,117.71,134.57,157.61,180.65,197.51,203.68,197.51,180.65,157.61,134.57,117.71]",585425152161,380526348904,569163342,452689910,99918191,3.87,3.71,5.86,0.273,0.401,0.531,107963252,66699697,41614008,25084924,12101354,4427730,32499474,32369476,10922088.17,117412.448,71975.501,3346285.008,392986,272499,20513018,198652,GEOGRAPHIC_SCENARIO_ESTIMATE,0.5511,1373,909,0.3377,0.2157,资源腹地,0.42,HUMAN_GEOGRAPHY_SCENARIO_NOT_OBSERVED_HISTORY,BASIN-HR32
visual-territory-45-E1,visual-territory-45,f0e0f18417da4ef5ffab731354c5ffedd800035d333c84c2b969a420bf52d4b9,1749,JSON_SOURCE_ONLY,"[242.75,322.5]",1561174.881,360334.482,0.0,0.0,499526.545,35415.732,665898.123,1790,17.7,814,"[34.03,38.56,50.94,67.85,84.76,97.14,101.67,97.14,84.76,67.85,50.94,38.56]",307659069930,199978395454,299112985,194738254,69166839,3.212,4.79,5.8,0.687,0.126,0.3,74114972,45341316,27726169,17474973,7616933,2634263,21912596,22118574,9614807.44,85785.449,49409.981,2485717.341,259847,176142,14081845,126440,GEOGRAPHIC_SCENARIO_ESTIMATE,0.4012,2189,376,0.2423,0.3996,资源腹地,0.353,HUMAN_GEOGRAPHY_SCENARIO_NOT_OBSERVED_HISTORY,BASIN-HL24
visual-territory-45-E2,visual-territory-45,1a57031cb150f55a57a4d44b9a7075573eb530cf78901e92aa940f4820a6794d,1605,JSON_SOURCE_ONLY,"[290.75,331.5]",1617592.966,522587.951,357863.617,0.0,0.0,0.0,737141.397,334,21.5,862,"[35.64,40.48,53.72,71.8,89.88,103.11,107.95,103.11,89.88,71.8,53.72,40.48]",199021997547,129364298406,193493609,125281200,43727011,3.139,4.74,5.18,0.669,0.165,0.448,54860004,33754263,20868438,12819064,5928306,2121068,16389820,16416044,6029570.45,52574.505,36573.336,1764005.142,196618,135087,10423401,97870,GEOGRAPHIC_SCENARIO_ESTIMATE,0.4982,1679,398,0.2942,0.3856,资源腹地,0.392,HUMAN_GEOGRAPHY_SCENARIO_NOT_OBSERVED_HISTORY,BASIN-HR25
visual-territory-46-E1,visual-territory-46,b49fd094a78a578538f86376f5f5d27a748e020edb3ac770ed11aa90762936c8,3361,JSON_SOURCE_ONLY,"[377.5,366.5]",1582589.045,264794.368,755261.074,0.0,0.0,0.0,562533.603,210,24.2,1340,"[68.94,74.66,90.29,111.64,132.99,148.62,154.34,148.62,132.99,111.64,90.29,74.66]",284755415048,185091019781,276845542,202717501,64956538,3.259,4.26,5.33,0.485,0.312,0.6,75235355,46480402,28904907,17423878,8405547,3075482,22647608,22557018,8431607.83,76329.472,50156.903,2363192.657,273857,189894,14294717,138433,GEOGRAPHIC_SCENARIO_ESTIMATE,0.6064,1473,764,0.3221,0.2465,资源腹地,0.42,HUMAN_GEOGRAPHY_SCENARIO_NOT_OBSERVED_HISTORY,BASIN-HL25
visual-territory-46-E2,visual-territory-46,9ae18a6955d484ddd7490c9e49cb8f2e4a0b0564ced2dda4cac62e31574733cf,3915,JSON_SOURCE_ONLY,"[411.5,364.5]",1582589.045,248733.745,1005230.252,0.0,0.0,34592.11,294032.937,211,24.9,1677,"[95.26,101.22,117.51,139.77,162.02,178.32,184.28,178.32,162.02,139.77,117.51,101.22]",356781035209,231907672886,346870451,269548036,89840816,3.612,3.92,5.32,0.355,0.389,0.581,96579233,59527576,36785661,22415711,10556013,3813937,28947139,28923981,10660728.31,106962.641,64386.155,3111139.026,348458,240366,18350054,174615,GEOGRAPHIC_SCENARIO_ESTIMATE,0.6035,1697,1000,0.292,0.2,资源腹地,0.404,HUMAN_GEOGRAPHY_SCENARIO_NOT_OBSERVED_HISTORY,BASIN-HL25
visual-territory-47-E1,visual-territory-47,9c6e92f0720927d8095aba3e2fcfcb1c1a7899cc0a1514eec092464a6f80bf30,1629,JSON_SOURCE_ONLY,"[445.75,326.0]",1891447.172,1062471.958,728493.37,0.0,0.0,0.0,100481.844,262,20.4,1535,"[89.01,94.22,108.46,127.91,147.35,161.59,166.8,161.59,147.35,127.91,108.46,94.22]",400224314836,260145804644,389106973,306279628,110241989,3.935,4.07,5.19,0.41,0.309,0.448,145038719,89226370,55058292,33843781,15627746,5586765,43319709,43397684,12135001.35,132642.306,96692.479,4698867.726,519529,356824,27557357,258459,GEOGRAPHIC_SCENARIO_ESTIMATE,0.5237,1755,514,0.2851,0.3272,农业河谷,0.391,HUMAN_GEOGRAPHY_SCENARIO_NOT_OBSERVED_HISTORY,BASIN-HR06
visual-territory-47-E2,visual-territory-47,7e558d4bf641c7323e3d01f897dbbebdc5d8b46ac13f4e1f2621eade6be829b7,2421,JSON_SOURCE_ONLY,"[492.75,331.0]",1893094.415,438990.352,1454104.064,0.0,0.0,0.0,0.0,208,22.6,2063,"[143.78,147.56,157.86,171.94,186.02,196.33,200.1,196.33,186.02,171.94,157.86,147.56]",524045563881,340629616523,509488743,451081516,150133115,4.093,3.54,5.34,0.206,0.487,0.579,166409695,102807910,63901387,38519756,18582523,6799108,50093225,49892852,15516989.16,176419.546,110939.797,5237689.68,605731,420018,31617842,306194,GEOGRAPHIC_SCENARIO_ESTIMATE,0.6132,1490,787,0.3197,0.2412,低密度腹地,0.42,HUMAN_GEOGRAPHY_SCENARIO_NOT_OBSERVED_HISTORY,BASIN-HR06
visual-territory-48-E1,visual-territory-48,964b41f4ab5f43fcb4a6576f2b1978dfe0fefc8f16aed7c39641cba7fd61f888,5051,JSON_SOURCE_ONLY,"[125.0,411.0]",1636536.264,17296.055,1492402.471,0.0,126837.738,0.0,0.0,548,25.1,2230,"[153.84,158.12,169.82,185.8,201.78,213.47,217.76,213.47,201.78,185.8,169.82,158.12]",574296172384,373292512049,558343501,491111862,6947017,4.017,3.37,5.84,0.142,0.66,0.735,6373142,3940769,2435289,1462001,711689,261599,1921589,1911597,727990.95,8123.166,4248.761,205283.153,23275,16170,1210897,11803,GEOGRAPHIC_SCENARIO_ESTIMATE,0.7695,1697,2589,0.2921,0.0881,资源腹地,0.426,HUMAN_GEOGRAPHY_SCENARIO_NOT_OBSERVED_HISTORY,BASIN-R02
visual-territory-49-E1,visual-territory-49,82a82489cd54ddcaa325fbc765a1fb2505eb74d6a93c474015ddb2771d86550a,2185,JSON_SOURCE_ONLY,"[218.5,398.0]",1067413.688,246674.691,253675.475,0.0,303504.586,0.0,263558.935,1581,20.7,1323,"[65.44,71.45,87.86,110.29,132.71,149.13,155.14,149.13,132.71,110.29,87.86,71.45]",321811706756,209177609391,312872493,223814883,80348437,3.567,4.28,6.18,0.491,0.331,0.565,91183568,56201904,34642854,21109970,9941113,3591771,27329927,27308063,9654994.84,95664.907,60789.045,2966505.412,328990,226938,17324878,164860,GEOGRAPHIC_SCENARIO_ESTIMATE,0.65,1800,846,0.28,0.228,资源腹地,0.404,HUMAN_GEOGRAPHY_SCENARIO_NOT_OBSERVED_HISTORY,BASIN-R02
visual-territory-49-E2,visual-territory-49,6415bcb84ca6ad19c6a6cb2ce0772f77162295ab38bebb32090db7fd8df6a00f,1561,JSON_SOURCE_ONLY,"[267.0,400.0]",1067413.688,433225.0,247498.313,0.0,0.0,0.0,386690.375,303,23.6,1023,"[42.51,48.23,63.87,85.24,106.6,122.24,127.96,122.24,106.6,85.24,63.87,48.23]",153532262779,99795970806,149267478,96888817,35039736,3.26,4.58,5.26,0.607,0.215,0.537,47836708,29773089,18972961,11040176,5749566,2183219,14601724,14394380,4354251.75,39430.169,31891.139,1351674.021,179005,126107,9088975,92899,GEOGRAPHIC_SCENARIO_ESTIMATE,0.5463,889,850,0.4404,0.2273,农业河谷,0.471,HUMAN_GEOGRAPHY_SCENARIO_NOT_OBSERVED_HISTORY,BASIN-R02
visual-territory-50-E1,visual-territory-50,65193cce5913c70b57b92731f78419cc6e4b5a58744fd52f722be2e69095d450,3381,JSON_SOURCE_ONLY,"[279.75,466.0]",1055882.985,61771.625,994111.359,0.0,0.0,0.0,0.0,160,25.9,2218,"[151.17,155.68,168.0,184.84,201.68,214.0,218.52,214.0,201.68,184.84,168.0,155.68]",306524780858,199241107557,298010204,260006929,24811522,4.017,3.38,5.59,0.147,0.642,0.694,27192127,16968159,10773729,6189615,3311413,1272701,8341399,8192922,2463761.26,27491.469,18128.085,781247.937,102732,72761,5166504,53786,GEOGRAPHIC_SCENARIO_ESTIMATE,0.7526,956,2174,0.4226,0.1031,资源腹地,0.489,HUMAN_GEOGRAPHY_SCENARIO_NOT_OBSERVED_HISTORY,BASIN-R02
visual-territory-50-E2,visual-territory-50,9e173515d94e805b85d5a794ca196a7d93f9251cb71dbdcf7b3709b0074bd022,3311,JSON_SOURCE_ONLY,"[314.25,482.0]",1059589.282,0.0,1059589.282,0.0,0.0,0.0,0.0,194,26.0,2300,"[162.92,166.77,177.29,191.67,206.04,216.56,220.42,216.56,206.04,191.67,177.29,166.77]",324720446671,211068290336,315700434,282551889,0,4.05,3.3,5.39,0.115,0.565,0.588,614,381,239,141,71,27,186,184,0.0,0.0,0.409,18.461,2,2,117,1,GEOGRAPHIC_SCENARIO_ESTIMATE,0.6392,1179,2130,0.3725,0.105,资源腹地,0.449,HUMAN_GEOGRAPHY_SCENARIO_NOT_OBSERVED_HISTORY,BASIN-HR18
visual-territory-51-E1,visual-territory-51,b19b5524ae1b6126d7d0e856e47122ea6cadccbc4567cf59f18198f75073f102,2325,JSON_SOURCE_ONLY,"[308.75,438.0]",1032821.578,4131.286,1026624.649,2065.643,0.0,0.0,0.0,221,26.0,2300,"[162.92,166.77,177.29,191.67,206.04,216.56,220.42,216.56,206.04,191.67,177.29,166.77]",320931463552,208605451309,312016701,279254947,1673171,4.05,3.3,5.3,0.115,0.519,0.539,642295,407793,274064,143856,92195,38013,203838,195277,147280.35,1656.904,428.197,13561.845,2582,1890,122036,1426,GEOGRAPHIC_SCENARIO_ESTIMATE | V2_FOREST_SETTLEMENT_CLEARING_0.6_PERCENT_SCENARIO,0.5862,288,1980,0.7082,0.1121,贸易城市带,0.61,HUMAN_GEOGRAPHY_SCENARIO_NOT_OBSERVED_HISTORY,BASIN-R02
visual-territory-51-E2,visual-territory-51,6ac54db397caa910de2c71ccf96a2c53bd9ba298fc0868ed754e9b4c967c22f7,3286,JSON_SOURCE_ONLY,"[347.25,448.0]",1051353.066,4205.412,1045044.948,2102.706,0.0,0.0,0.0,138,26.0,2300,"[162.92,166.77,177.29,191.67,206.04,216.56,220.42,216.56,206.04,191.67,177.29,166.77]",312844076941,203348650011,304153964,272217798,1703192,4.05,3.3,5.63,0.115,0.687,0.715,377502,235429,149064,85883,45673,17508,115674,113708,168321.62,1893.618,251.668,10983.798,1423,1007,71725,744,GEOGRAPHIC_SCENARIO_ESTIMATE | V2_FOREST_SETTLEMENT_CLEARING_0.6_PERCENT_SCENARIO,0.7767,1012,2308,0.4089,0.0977,资源腹地,0.485,HUMAN_GEOGRAPHY_SCENARIO_NOT_OBSERVED_HISTORY,BASIN-HL25
visual-territory-52-E1,visual-territory-52,0e92c7c4b30921df36250075b0a3e41f779190eb8e68daebb332b58d200355c0,4706,JSON_SOURCE_ONLY,"[534.0,401.0]",1607709.506,6430.838,1598063.249,3215.419,0.0,0.0,0.0,142,26.0,2300,"[162.92,166.77,177.29,191.67,206.04,216.56,220.42,216.56,206.04,191.67,177.29,166.77]",479594892357,311736680032,466272812,417314167,2604489,4.05,3.3,5.63,0.115,0.685,0.713,849031,541113,363959,187013,124794,52152,271542,258671,223182.23,2510.8,566.021,17831.915,3459,2548,161316,1931,GEOGRAPHIC_SCENARIO_ESTIMATE | V2_FOREST_SETTLEMENT_CLEARING_0.6_PERCENT_SCENARIO,0.7749,283,1878,0.7124,0.1175,贸易城市带,0.637,HUMAN_GEOGRAPHY_SCENARIO_NOT_OBSERVED_HISTORY,BASIN-HR06
visual-territory-53-E1,visual-territory-53,7be03ec171e7c294d6890cb4f87b3c68268bb2fe70639bcc55a2f27905dad677,3069,JSON_SOURCE_ONLY,"[762.25,421.0]",1578882.747,1263435.646,112012.548,0.0,203434.553,0.0,0.0,968,23.6,1787,"[63.41,74.87,106.17,148.93,191.69,222.99,234.44,222.99,191.69,148.93,106.17,74.87]",524801857239,341121207205,510224028,305133664,162609979,4.426,3.81,5.78,0.313,0.426,0.61,260218838,161137913,100808523,60106074,29702223,11000226,78673007,78106561,15333660.67,188518.839,173479.225,7974493.03,955524,665952,49441579,487130,GEOGRAPHIC_SCENARIO_ESTIMATE,0.6195,1296,862,0.3508,0.2248,农业河谷,0.436,HUMAN_GEOGRAPHY_SCENARIO_NOT_OBSERVED_HISTORY,BASIN-HL22
visual-territory-53-E2,visual-territory-53,949545c790832e9d607df319532262827b4ff80baeaf957b92d64a84aa3ee71c,2109,JSON_SOURCE_ONLY,"[803.75,429.0]",1613886.668,1577235.504,0.0,0.0,0.0,36651.164,0.0,225,25.0,1800,"[52.5,65.56,101.25,150.0,198.75,234.44,247.5,234.44,198.75,150.0,101.25,65.56]",393131742919,255535632897,382211417,208305222,127138806,4.62,3.8,5.44,0.308,0.456,0.632,233333531,145161456,91840169,53553839,27765120,10521210,71164307,70196472,11178307.99,143454.952,155555.687,6812094.66,871734,613574,44333371,451734,GEOGRAPHIC_SCENARIO_ESTIMATE,0.6585,1027,894,0.4052,0.2186,农业河谷,0.468,HUMAN_GEOGRAPHY_SCENARIO_NOT_OBSERVED_HISTORY,BASIN-HL22
visual-territory-54-E1,visual-territory-54,6270a6a8a24c127cb7233c3ba1ef45f98bfb1a960d28904ee759248cc58ae704,2853,JSON_SOURCE_ONLY,"[836.75,465.0]",2070996.697,1891035.361,38710.219,0.0,0.0,13589.758,127661.359,309,24.7,1728,"[53.86,65.94,98.95,144.03,189.12,222.13,234.21,222.13,189.12,144.03,98.95,65.94]",505049254836,328282015643,491020109,275841701,159385983,4.508,3.87,5.45,0.335,0.425,0.623,305638125,190281127,120762298,70171348,36653773,13937177,93344570,91981739,14298701.98,179051.524,203758.75,8799117.86,1144920,807068,58071244,594772,GEOGRAPHIC_SCENARIO_ESTIMATE,0.6401,965,419,0.4204,0.3738,农业河谷,0.473,HUMAN_GEOGRAPHY_SCENARIO_NOT_OBSERVED_HISTORY,BASIN-R03
visual-territory-54-E2,visual-territory-54,a59226882fa2a552650744600a2efd968a5ba6965e09c011804d5931f9b050a7,3165,JSON_SOURCE_ONLY,"[896.75,472.5]",2100235.266,2064819.534,21825.974,0.0,0.0,0.0,13589.758,186,25.0,1796,"[53.37,66.28,101.54,149.71,197.87,233.14,246.04,233.14,197.87,149.71,101.54,66.28]",500594226855,325386247456,486688832,267456507,161322726,4.604,3.8,5.41,0.309,0.452,0.629,270616728,166992171,103250925,62578321,29827127,10845477,81285813,81090727,14920711.54,190819.322,180411.152,8698704.105,980715,678274,51417178,493605,GEOGRAPHIC_SCENARIO_ESTIMATE,0.6547,1676,1097,0.2946,0.1856,农业河谷,0.412,HUMAN_GEOGRAPHY_SCENARIO_NOT_OBSERVED_HISTORY,BASIN-HL04
visual-territory-55-E1,visual-territory-55,f5c411afbdce61b5b397b0b3284ae15a6d88f6c832963e8ba048b94928366f54,5270,JSON_SOURCE_ONLY,"[965.5,442.0]",1561998.503,1365564.734,196433.769,0.0,0.0,0.0,0.0,129,25.1,1863,"[64.1,76.31,109.67,155.24,200.81,234.17,246.38,234.17,200.81,155.24,109.67,76.31]",374755081381,243590802898,364345218,214604905,119315369,4.548,3.74,5.68,0.284,0.576,0.767,262394337,166995628,111713228,57859632,38036120,15817476,83679669,79880612,9195927.56,116175.218,174929.558,5707601.618,1063747,781778,49854924,591437,GEOGRAPHIC_SCENARIO_ESTIMATE,0.8035,323,1809,0.6843,0.1214,贸易城市带,0.627,HUMAN_GEOGRAPHY_SCENARIO_NOT_OBSERVED_HISTORY,BASIN-HR16
visual-territory-56-E1,visual-territory-56,b2057ac3a5e567f9ce86e709ab51aac49f4dda4f28b320dc8710415448bb3aab,5373,JSON_SOURCE_ONLY,"[656.75,534.0]",1836264.52,53123.598,1783140.922,0.0,0.0,0.0,0.0,197,25.6,2271,"[160.59,164.43,174.92,189.26,203.59,214.08,217.92,214.08,203.59,189.26,174.92,164.43]",556315407738,361605015030,540862202,483524016,21544258,4.055,3.33,5.5,0.127,0.608,0.652,28839567,18190845,11940252,6492632,3884880,1562740,9033820,8737511,1979385.26,22295.576,19226.378,701685.891,113282,81927,5479518,61371,GEOGRAPHIC_SCENARIO_ESTIMATE,0.6955,491,1068,0.5876,0.1897,贸易城市带,0.564,HUMAN_GEOGRAPHY_SCENARIO_NOT_OBSERVED_HISTORY,BASIN-HL07
visual-territory-56-E2,visual-territory-56,ed6d41994e7b9744ee197a21ff01ba3a2b708f2e1b2a20101b5443ceedb7ce5a,2346,JSON_SOURCE_ONLY,"[699.75,503.0]",1866738.522,230614.068,1319853.731,0.0,280443.18,35827.543,0.0,933,24.1,2069,"[130.2,135.85,151.3,172.39,193.48,208.92,214.58,208.92,193.48,172.39,151.3,135.85]",709037705037,460874508274,689342213,571256812,91901410,3.985,3.53,5.63,0.204,0.443,0.554,110774240,68306720,42360003,25760388,12186126,4413489,33228617,33182097,9859904.48,109143.665,73849.493,3518780.658,400338,276426,21047106,200944,GEOGRAPHIC_SCENARIO_ESTIMATE,0.5567,1567,307,0.3088,0.4487,资源腹地,0.407,HUMAN_GEOGRAPHY_SCENARIO_NOT_OBSERVED_HISTORY,BASIN-HR08
visual-territory-57-E1,visual-territory-57,696eab30ef2070057e5fe704e36e9147dde13329dd6177901b5230c96d51bb1b,2082,JSON_SOURCE_ONLY,"[665.75,594.5]",1186838.831,861920.081,324918.75,0.0,0.0,0.0,0.0,224,15.3,1545,"[104.74,107.95,116.73,128.72,140.71,149.49,152.7,149.49,140.71,128.72,116.73,107.95]",248027599685,161217939795,241137944,209689189,73031985,4.206,4.06,5.29,0.406,0.345,0.379,106779070,66246803,41755161,24673542,12433017,4648602,32397545,32080049,7167873.61,83744.657,71186.047,3169487.542,394869,276323,20288023,202667,GEOGRAPHIC_SCENARIO_ESTIMATE,0.5809,1109,1783,0.3869,0.123,农业河谷,0.449,HUMAN_GEOGRAPHY_SCENARIO_NOT_OBSERVED_HISTORY,BASIN-HL07
visual-territory-57-E2,visual-territory-57,530236d7ab029febc4834a422e6435bf6dca386b0b264cbef3b2274d3e7dc59c,2681,JSON_SOURCE_ONLY,"[708.25,609.0]",1194663.237,922868.085,271795.152,0.0,0.0,0.0,0.0,146,17.2,1623,"[97.57,102.62,116.43,135.29,154.15,167.95,173.01,167.95,154.15,135.29,116.43,102.62]",252021860665,163814209432,245021253,197199879,75287678,4.268,3.98,5.59,0.376,0.471,0.549,113650376,70131374,43127779,26138884,12458753,4530142,34137443,34055513,7511763.57,89056.13,75766.917,3731066.077,411869,284853,21593571,207298,GEOGRAPHIC_SCENARIO_ESTIMATE,0.7542,1903,1876,0.2689,0.1176,农业河谷,0.412,HUMAN_GEOGRAPHY_SCENARIO_NOT_OBSERVED_HISTORY,BASIN-HL07
visual-territory-58-E1,visual-territory-58,a88e6788c62d66691a2c568aba00da084e4b886ada93e30d8da1997a5729a2b5,2466,JSON_SOURCE_ONLY,"[748.0,518.0]",1863855.846,1051353.066,212082.581,0.0,523411.573,0.0,77008.626,1429,22.0,1705,"[70.4,80.0,106.22,142.05,177.88,204.1,213.7,204.1,177.88,142.05,106.22,80.0]",690755296686,448990942846,671567650,434441653,202288476,4.184,3.9,5.86,0.344,0.351,0.492,277168197,171608689,107787418,64311363,31732616,11743439,83774580,83188158,20199411.78,234762.052,184778.798,8352001.67,1017207,708719,52661957,518305,GEOGRAPHIC_SCENARIO_ESTIMATE,0.5352,1192,845,0.37,0.2284,农业河谷,0.435,HUMAN_GEOGRAPHY_SCENARIO_NOT_OBSERVED_HISTORY,BASIN-HR08
visual-territory-58-E2,visual-territory-58,f57d6b11b875925f28a5156758d29a43279b3be0633163e907c8422625898c96,4410,JSON_SOURCE_ONLY,"[809.75,544.0]",1901742.443,1301734.054,0.0,0.0,561709.981,38298.408,0.0,1626,21.6,1687,"[62.47,72.93,101.51,140.55,179.59,208.17,218.64,208.17,179.59,140.55,101.51,72.93]",740419782209,481272858436,719852566,439921419,220846265,4.261,3.91,6.37,0.351,0.475,0.661,336263799,208409577,129942954,77157527,38473510,14311917,101830234,100974860,21524743.49,254769.256,224175.866,10450182.169,1238796,865005,63890122,633521,GEOGRAPHIC_SCENARIO_ESTIMATE,0.7316,1392,1489,0.3346,0.1438,农业河谷,0.442,HUMAN_GEOGRAPHY_SCENARIO_NOT_OBSERVED_HISTORY,BASIN-HL06
visual-territory-59-E1,visual-territory-59,798e969cc217c8e99c779a39b17b0eededd776b9291177e07490087e0c62df38,3386,JSON_SOURCE_ONLY,"[635.5,648.5]",835975.998,835975.998,0.0,0.0,0.0,0.0,0.0,114,11.0,1300,"[86.67,89.57,97.5,108.33,119.17,127.1,130.0,127.1,119.17,108.33,97.5,89.57]",138851094758,90253211592,134994120,116094943,41211005,4.24,4.3,5.77,0.5,0.428,0.41,71566237,44207180,27108506,16352121,7876648,2879737,21537283,21455441,4114782.77,48462.997,47710.825,2375044.852,260358,180476,13597585,131539,GEOGRAPHIC_SCENARIO_ESTIMATE,0.8551,2040,3039,0.2555,0.076,农业河谷,0.419,HUMAN_GEOGRAPHY_SCENARIO_NOT_OBSERVED_HISTORY,BASIN-HL07
visual-territory-60-E1,visual-territory-60,2472f9370ddf8beea6ae7bf00d7269f77f695540f4a3833e772a78052ae60900,4965,JSON_SOURCE_ONLY,"[198.25,555.5]",1647655.157,421282.486,891570.461,0.0,308034.506,26767.704,0.0,1124,20.5,1903,"[124.06,128.68,141.32,158.57,175.83,188.47,193.09,188.47,175.83,158.57,141.32,128.68]",616587528776,400781893704,599460097,508120717,168694838,4.004,3.7,6.19,0.268,0.572,0.672,191671351,118155804,72313597,44035365,20768465,7509767,57464054,57406590,18041422.46,200660.71,127780.901,6407956.607,691934,477453,36417557,346925,GEOGRAPHIC_SCENARIO_ESTIMATE,0.7813,2142,1345,0.2463,0.1567,资源腹地,0.405,HUMAN_GEOGRAPHY_SCENARIO_NOT_OBSERVED_HISTORY,BASIN-HL17
visual-territory-60-E2,visual-territory-60,51006f7f2bdcf71dc2c664e4596c04581381acecb160094caf2a187e73108367,2973,JSON_SOURCE_ONLY,"[245.25,568.0]",1683070.889,507762.761,585183.199,0.0,590124.929,0.0,0.0,1690,18.4,1709,"[103.71,108.89,123.04,142.38,161.71,175.87,181.05,175.87,161.71,142.38,123.04,108.89]",676337609421,439619446124,657550454,532534619,186673801,3.943,3.89,6.1,0.343,0.381,0.451,261166772,161889447,101817454,60415423,30170548,11231483,79110281,78429933,19645240.38,215169.952,174111.181,7825252.934,962661,672400,49621687,492561,GEOGRAPHIC_SCENARIO_ESTIMATE,0.5792,1160,358,0.3764,0.4111,资源腹地,0.443,HUMAN_GEOGRAPHY_SCENARIO_NOT_OBSERVED_HISTORY,BASIN-HR18
visual-territory-61-E1,visual-territory-61,efb05defd809860e68ee7b12c3169542e07558f2faca9c0061b803b79d76ad04,2949,JSON_SOURCE_ONLY,"[267.75,594.0]",1659597.671,1235844.32,150722.766,0.0,239262.096,26355.894,7412.595,1066,14.0,1320,"[80.14,84.14,95.06,109.97,124.88,135.8,139.79,135.8,124.88,109.97,95.06,84.14]",421979355752,274286581239,410257707,332369823,121482797,4.113,4.28,5.61,0.492,0.259,0.306,216047227,135262848,87782613,49604199,27465424,10712990,66697711,65203682,11543667.26,131886.398,144031.485,5584964.849,826165,589031,41048973,437280,GEOGRAPHIC_SCENARIO_ESTIMATE,0.5098,619,438,0.5306,0.3631,农业河谷,0.512,HUMAN_GEOGRAPHY_SCENARIO_NOT_OBSERVED_HISTORY,BASIN-HL14
visual-territory-61-E2,visual-territory-61,6a5f1554580881c3e8770e208df2803bf16f1a6f231f2b2ca361a2aa0e59c98c,2614,JSON_SOURCE_ONLY,"[308.25,585.0]",1701602.376,406869.106,828975.214,0.0,418399.81,0.0,47358.246,1383,18.1,1681,"[106.89,111.34,123.5,140.11,156.72,168.88,173.33,168.88,156.72,140.11,123.5,111.34]",613134871152,398537666249,596103347,497172841,152534027,3.749,3.92,5.79,0.353,0.33,0.39,245529126,156151614,105823168,55025931,35903684,14893553,78189009,74717417,14333998.6,149272.669,163686.084,4900761.355,992920,728829,46650534,550967,GEOGRAPHIC_SCENARIO_ESTIMATE,0.5108,231,568,0.7515,0.3055,贸易城市带,0.622,HUMAN_GEOGRAPHY_SCENARIO_NOT_OBSERVED_HISTORY,BASIN-HR30
visual-territory-62-E1,visual-territory-62,aea07efa075567c13c721abd123af697265e7a21131ab08b1aabf5e2cfa7b85f,4058,JSON_SOURCE_ONLY,"[317.25,687.0]",1427748.17,1035292.443,0.0,18531.488,308446.317,0.0,65477.923,1323,9.3,1176,"[73.02,76.37,85.51,98.01,110.5,119.65,122.99,119.65,110.5,98.01,85.51,76.37]",352981545462,229438004550,343176503,281935780,91349883,3.697,4.42,6.15,0.548,0.321,0.294,143661321,88960836,55389418,33025387,16319938,6044093,43433704,43120981,10313414.81,105913.04,95774.214,4490278.249,527524,367658,27295651,268934,GEOGRAPHIC_SCENARIO_ESTIMATE,0.7092,1435,1042,0.3279,0.1936,农业河谷,0.436,HUMAN_GEOGRAPHY_SCENARIO_NOT_OBSERVED_HISTORY,BASIN-HL30
visual-territory-62-E2,visual-territory-62,e9b8fb896fdb5e23b28161929c77484377fdaf85de6e88ddc45e3d4221b35541,6534,JSON_SOURCE_ONLY,"[389.5,746.0]",1503521.364,818268.132,0.0,190668.417,427047.837,17707.866,49829.111,1206,8.0,1062,"[63.3,66.68,75.91,88.52,101.12,110.35,113.73,110.35,101.12,88.52,75.91,66.68]",323004686826,209953046437,314032334,251406064,76117190,3.366,4.54,6.28,0.591,0.329,0.288,102983284,63706489,39335763,23566449,11523805,4245509,31076159,30895917,9492946.23,88759.047,68655.523,3328145.117,376713,261969,19566824,191343,GEOGRAPHIC_SCENARIO_ESTIMATE,0.8043,1730,2660,0.2881,0.0859,农业河谷,0.429,HUMAN_GEOGRAPHY_SCENARIO_NOT_OBSERVED_HISTORY,BASIN-HL30
visual-territory-63-E1,visual-territory-63,71deb99919b8d384c1a79a47d3ea3284e95a0b726d2b1c9ae7921a2adfce8633,3382,JSON_SOURCE_ONLY,"[347.75,606.5]",1468517.443,973520.817,227731.393,11530.703,191080.228,35827.543,28826.759,921,12.5,1366,"[88.39,91.81,101.13,113.87,126.61,135.94,139.36,135.94,126.61,113.87,101.13,91.81]",366822659943,238434728963,356633142,300771450,100407268,3.91,4.23,5.85,0.474,0.352,0.362,179658235,111736643,70572529,41210123,21301612,8060794,54763834,54040951,10448209.83,113479.168,119772.157,5284826.641,670485,471639,34135065,347100,GEOGRAPHIC_SCENARIO_ESTIMATE,0.6706,1064,316,0.3969,0.442,农业河谷,0.466,HUMAN_GEOGRAPHY_SCENARIO_NOT_OBSERVED_HISTORY,BASIN-R04
visual-territory-63-E2,visual-territory-63,ce7ab76c3a83f0f6769fd7824c05812b03330623d5dd8734b554d59eb1a1d896,4847,JSON_SOURCE_ONLY,"[397.25,620.0]",1529053.636,1504344.986,23473.218,0.0,0.0,1235.433,0.0,180,11.2,1315,"[87.77,90.7,98.69,109.61,120.53,128.53,131.45,128.53,120.53,109.61,98.69,90.7]",266053498156,172934773802,258663123,222589266,78910357,4.237,4.28,5.67,0.494,0.398,0.385,161399450,100932760,64351094,36574588,20010616,7765890,49716440,48682338,7330305.98,86273.629,107599.633,4550173.294,614609,437199,30665896,324090,GEOGRAPHIC_SCENARIO_ESTIMATE,0.7871,881,817,0.4428,0.2343,农业河谷,0.504,HUMAN_GEOGRAPHY_SCENARIO_NOT_OBSERVED_HISTORY,BASIN-HL29
visual-territory-64-E1,visual-territory-64,e6356f41771bd9f43fda3e4eb835566a52988c9d1bd306ac718bf80e0adab941,2349,JSON_SOURCE_ONLY,"[675.75,291.0]",1715603.945,902689.354,312564.425,0.0,461228.137,5353.541,33768.489,1473,15.1,1507,"[93.66,97.95,109.64,125.62,141.6,153.3,157.58,153.3,141.6,125.62,109.64,97.95]",570023942814,370515562829,554189944,455497974,159072619,3.987,4.09,5.97,0.42,0.333,0.368,316535880,196980278,125272562,72946213,37932532,14393817,96593189,95240884,16180129.61,179194.935,211023.92,9027603.298,1183844,833756,60141817,614080,GEOGRAPHIC_SCENARIO_ESTIMATE,0.5739,926,43,0.4305,0.854,农业河谷,0.47,HUMAN_GEOGRAPHY_SCENARIO_NOT_OBSERVED_HISTORY,BASIN-HR11
visual-territory-64-E2,visual-territory-64,dd6b0f1bdc60e6dbf76232b15c548f3cc0db0e71a279fc021d55e648cc567304,7441,JSON_SOURCE_ONLY,"[724.25,297.0]",1765844.867,1232138.023,200963.688,10707.082,269736.098,29238.569,23061.407,1028,16.1,1515,"[82.52,88.38,104.39,126.25,148.12,164.13,169.99,164.13,148.12,126.25,104.39,88.38]",508496662667,330522830733,494371755,374485452,144454054,4.058,4.08,6.16,0.417,0.462,0.542,253993192,158471432,100349657,57693024,30819387,11837246,77892907,76521992,14209430.73,160171.861,169328.795,7386122.023,959078,679076,48258706,501891,GEOGRAPHIC_SCENARIO_ESTIMATE,0.7921,1009,1034,0.4095,0.1947,农业河谷,0.488,HUMAN_GEOGRAPHY_SCENARIO_NOT_OBSERVED_HISTORY,BASIN-HL10
visual-territory-65-E1,visual-territory-65,416e5abc7c0ecbe28b1f09fc151febcbd5773755716a5b393414ee63abb214b3,3253,JSON_SOURCE_ONLY,"[577.25,330.5]",1647655.157,238850.285,923279.895,0.0,452991.92,32533.056,0.0,1526,21.1,1930,"[122.0,127.2,141.41,160.81,180.21,194.41,199.61,194.41,180.21,160.81,141.41,127.2]",712306267475,462999073859,692519982,575539320,94009884,3.936,3.67,6.33,0.258,0.549,0.655,93120107,57722361,35978521,21348575,10661155,3968791,28207102,27964521,9911092.58,108361.279,62080.071,2897649.41,343241,239747,17692820,175625,GEOGRAPHIC_SCENARIO_ESTIMATE,0.7394,1401,1637,0.3331,0.1325,低密度腹地,0.443,HUMAN_GEOGRAPHY_SCENARIO_NOT_OBSERVED_HISTORY,BASIN-HL12
visual-territory-65-E2,visual-territory-65,5585c022fb1e7dc193b6344a42ab42677d3fe03238a44211eef5bf55e8db203e,2344,JSON_SOURCE_ONLY,"[641.75,315.5]",1727958.27,402339.187,871803.541,0.0,448050.19,2470.865,3294.487,1415,20.1,1864,"[118.74,123.64,137.03,155.32,173.61,187.0,191.9,187.0,173.61,155.32,137.03,123.64]",697148471821,453146506684,677783236,566051575,159650567,3.968,3.74,5.96,0.283,0.42,0.493,205851341,127804864,80706216,47524663,24127930,9053623,62542183,61866727,16540163.98,182309.363,137234.227,6060263.479,763297,534966,39111755,392764,GEOGRAPHIC_SCENARIO_ESTIMATE,0.5854,1068,330,0.396,0.4311,低密度腹地,0.454,HUMAN_GEOGRAPHY_SCENARIO_NOT_OBSERVED_HISTORY,BASIN-HR13
visual-territory-66-E1,visual-territory-66,cb03c32ba442a986fad5bbf11700b1dd11c642b7e9775e8b475cdda4f0d9b338,4339,JSON_SOURCE_ONLY,"[929.75,180.0]",1636536.264,1634889.021,0.0,0.0,0.0,1647.243,0.0,135,21.4,1671,"[64.9,74.86,102.08,139.25,176.43,203.64,213.6,203.64,176.43,139.25,102.08,74.86]",353388929374,229702804093,343572570,215161241,111861433,4.522,3.93,5.64,0.357,0.504,0.702,177198306,108516243,65154237,40877768,18008631,6267838,52487650,52907551,10983327.92,137962.802,118132.204,6346061.999,623738,423858,33667678,304781,GEOGRAPHIC_SCENARIO_ESTIMATE,0.7835,3758,3675,0.157,0.0637,农业河谷,0.36,HUMAN_GEOGRAPHY_SCENARIO_NOT_OBSERVED_HISTORY,BASIN-HL15
visual-territory-66-E2,visual-territory-66,9356c0bcccd0b8d5e2b29d5f3e59c6b819e3d4835eb2d26f3160d091971b613f,5137,JSON_SOURCE_ONLY,"[972.75,341.5]",1722604.729,1542231.583,147428.279,0.0,0.0,32944.867,0.0,135,23.9,1799,"[64.78,76.19,107.35,149.93,192.51,223.67,235.08,223.67,192.51,149.93,107.35,76.19]",400398968474,260259329508,389276775,234516224,127192385,4.538,3.8,5.64,0.308,0.543,0.781,279333907,176745736,116471021,62281714,38509978,15679329,88045738,84770437,10227390.85,128921.944,186222.605,6648146.987,1109514,807052,53073442,606713,GEOGRAPHIC_SCENARIO_ESTIMATE,0.7849,452,990,0.6075,0.2017,贸易城市带,0.586,HUMAN_GEOGRAPHY_SCENARIO_NOT_OBSERVED_HISTORY,BASIN-HL15
visual-territory-67-E1,visual-territory-67,ccd42024127bc85fbad1b5ba717ae4dbd2165a704c395bf90580a6b9a367dad3,3431,JSON_SOURCE_ONLY,"[461.75,703.0]",1258905.727,1170366.397,0.0,88539.33,0.0,0.0,0.0,148,10.5,1248,"[82.08,85.01,93.02,103.97,114.91,122.93,125.86,122.93,114.91,103.97,93.02,85.01]",204330099849,132814564902,198654264,169375666,58953458,4.122,4.35,5.57,0.52,0.358,0.342,95049742,58807275,36454453,21825281,10688446,3940726,28689931,28517791,6000153.39,68701.756,63366.495,3024102.591,347882,241997,18059451,176793,GEOGRAPHIC_SCENARIO_ESTIMATE,0.7463,1581,2725,0.3069,0.084,农业河谷,0.43,HUMAN_GEOGRAPHY_SCENARIO_NOT_OBSERVED_HISTORY,BASIN-HL30
visual-territory-67-E2,visual-territory-67,4f20cd70071a0bd9bef90afd835db0f7329dbdc5e9a7c38538fb77219cfd6f12,3954,JSON_SOURCE_ONLY,"[526.25,696.0]",1276201.782,1245727.78,0.0,30474.002,0.0,0.0,0.0,142,10.8,1282,"[85.1,88.01,95.98,106.85,117.73,125.69,128.6,125.69,117.73,106.85,95.98,88.01]",212257047591,137967080934,206361018,176953075,62401223,4.2,4.32,5.6,0.507,0.376,0.36,135077556,86137607,58076042,29745968,19968866,8361208,43251115,41166411,5135665.38,59916.096,90051.704,2792323.238,551387,406610,25664736,308247,GEOGRAPHIC_SCENARIO_ESTIMATE,0.7621,266,3773,0.7248,0.0621,贸易城市带,0.641,HUMAN_GEOGRAPHY_SCENARIO_NOT_OBSERVED_HISTORY,BASIN-HL29
visual-territory-68-E1,visual-territory-68,700115d4c9fd966ab3bd2820611e5b590a0988c05b3c7ed824660fbb465dedef,3744,JSON_SOURCE_ONLY,"[476.75,587.5]",1166248.289,512292.681,653955.608,0.0,0.0,0.0,0.0,136,19.4,1861,"[128.4,131.97,141.73,155.06,168.39,178.15,181.73,178.15,168.39,155.06,141.73,131.97]",280548704559,182356657963,272755685,239922912,81174588,4.133,3.74,5.64,0.284,0.559,0.638,88056397,54195190,33014897,20253319,9394719,3366859,26321635,26353221,8485756.67,97421.201,58704.265,2995091.583,315946,217218,16730715,157445,GEOGRAPHIC_SCENARIO_ESTIMATE,0.7809,2417,2513,0.2245,0.0905,农业河谷,0.394,HUMAN_GEOGRAPHY_SCENARIO_NOT_OBSERVED_HISTORY,BASIN-HL29
visual-territory-68-E2,visual-territory-68,8ed87ed1766a778d14d8b46dc656305a54dfbda3966a67cd43d54cd0d1587a83,2805,JSON_SOURCE_ONLY,"[523.25,596.0]",1174484.506,1086356.987,88127.519,0.0,0.0,0.0,0.0,144,12.1,1375,"[92.1,95.11,103.34,114.59,125.83,134.06,137.07,134.06,125.83,114.59,103.34,95.11]",209597877400,136238620310,203775714,175782275,61999478,4.226,4.22,5.6,0.471,0.401,0.398,92791462,57234702,35129172,21334298,10122822,3672052,27849414,27799285,6262679.77,73516.902,61860.975,3068799.231,335720,231960,17630378,168695,GEOGRAPHIC_SCENARIO_ESTIMATE,0.759,1994,3406,0.2598,0.0684,农业河谷,0.409,HUMAN_GEOGRAPHY_SCENARIO_NOT_OBSERVED_HISTORY,BASIN-HL29
visual-territory-69-E1,visual-territory-69,991f37cdbcdb47c5d4a8e8055da9b4eeacb3fb17ea086066bb9b0649c175db64,5717,JSON_SOURCE_ONLY,"[211.0,702.0]",2026932.937,2017049.477,0.0,9883.46,0.0,0.0,0.0,141,11.0,1297,"[86.36,89.27,97.2,108.05,118.89,126.83,129.74,126.83,118.89,108.05,97.2,89.27]",340601100147,221390715095,331139958,284610825,100891610,4.232,4.3,5.61,0.501,0.383,0.367,151539363,93048200,56333986,34928198,15814077,5591711,45103686,45302142,10435677.09,122677.182,101026.242,5271145.203,538874,368483,28792479,266103,GEOGRAPHIC_SCENARIO_ESTIMATE,0.7677,2878,2549,0.1956,0.0893,农业河谷,0.378,HUMAN_GEOGRAPHY_SCENARIO_NOT_OBSERVED_HISTORY,BASIN-HL30
visual-territory-70-E1,visual-territory-70,53a55d5dd59c3360f7c4c90d758a773e1f003257004f24277b651d703ea46896,6301,JSON_SOURCE_ONLY,"[1211.0,255.0]",1246551.402,1185603.398,60948.004,0.0,0.0,0.0,0.0,118,11.7,1349,"[90.2,93.18,101.3,112.41,123.51,131.64,134.61,131.64,123.51,112.41,101.3,93.18]",215264692055,139922049836,209285117,180343343,63750578,4.231,4.25,5.75,0.481,0.437,0.429,87778709,53645080,31906377,20201204,8711717,2993456,25904122,26183887,6764262.41,79498.873,58519.139,3245237.391,306523,207263,16677955,148522,GEOGRAPHIC_SCENARIO_ESTIMATE,0.8415,5463,5279,0.1136,0.0452,农业河谷,0.346,HUMAN_GEOGRAPHY_SCENARIO_NOT_OBSERVED_HISTORY,BASIN-HR05
