countryId,landJurisdiction,resourceDevelopment,facilityOperation,transit,portUse,marineOverlap,navigation,sharedWater
visual-territory-01,visual-territory-01,SEPARATE_REGISTERED_LICENSE_REQUIRED,SEPARATE_OPERATOR_LICENSE_REQUIRED,CORRIDOR_CONSENT_REQUIRED,CAPACITY_AND_ACCESS_CONTRACT_REQUIRED,DEVELOPMENT_FROZEN_UNTIL_DELIMITATION_OR_JOINT_REGISTER,SEPARATE_FROM_RESOURCE_DEVELOPMENT,BASIN_ALLOCATION_REQUIRED
visual-territory-02,visual-territory-02,SEPARATE_REGISTERED_LICENSE_REQUIRED,SEPARATE_OPERATOR_LICENSE_REQUIRED,CORRIDOR_CONSENT_REQUIRED,CAPACITY_AND_ACCESS_CONTRACT_REQUIRED,DEVELOPMENT_FROZEN_UNTIL_DELIMITATION_OR_JOINT_REGISTER,SEPARATE_FROM_RESOURCE_DEVELOPMENT,BASIN_ALLOCATION_REQUIRED
visual-territory-03,visual-territory-03,SEPARATE_REGISTERED_LICENSE_REQUIRED,SEPARATE_OPERATOR_LICENSE_REQUIRED,CORRIDOR_CONSENT_REQUIRED,CAPACITY_AND_ACCESS_CONTRACT_REQUIRED,DEVELOPMENT_FROZEN_UNTIL_DELIMITATION_OR_JOINT_REGISTER,SEPARATE_FROM_RESOURCE_DEVELOPMENT,BASIN_ALLOCATION_REQUIRED
visual-territory-04,visual-territory-04,SEPARATE_REGISTERED_LICENSE_REQUIRED,SEPARATE_OPERATOR_LICENSE_REQUIRED,CORRIDOR_CONSENT_REQUIRED,CAPACITY_AND_ACCESS_CONTRACT_REQUIRED,DEVELOPMENT_FROZEN_UNTIL_DELIMITATION_OR_JOINT_REGISTER,SEPARATE_FROM_RESOURCE_DEVELOPMENT,BASIN_ALLOCATION_REQUIRED
visual-territory-05,visual-territory-05,SEPARATE_REGISTERED_LICENSE_REQUIRED,SEPARATE_OPERATOR_LICENSE_REQUIRED,CORRIDOR_CONSENT_REQUIRED,CAPACITY_AND_ACCESS_CONTRACT_REQUIRED,DEVELOPMENT_FROZEN_UNTIL_DELIMITATION_OR_JOINT_REGISTER,SEPARATE_FROM_RESOURCE_DEVELOPMENT,BASIN_ALLOCATION_REQUIRED
visual-territory-06,visual-territory-06,SEPARATE_REGISTERED_LICENSE_REQUIRED,SEPARATE_OPERATOR_LICENSE_REQUIRED,CORRIDOR_CONSENT_REQUIRED,CAPACITY_AND_ACCESS_CONTRACT_REQUIRED,DEVELOPMENT_FROZEN_UNTIL_DELIMITATION_OR_JOINT_REGISTER,SEPARATE_FROM_RESOURCE_DEVELOPMENT,BASIN_ALLOCATION_REQUIRED
visual-territory-07,visual-territory-07,SEPARATE_REGISTERED_LICENSE_REQUIRED,SEPARATE_OPERATOR_LICENSE_REQUIRED,CORRIDOR_CONSENT_REQUIRED,CAPACITY_AND_ACCESS_CONTRACT_REQUIRED,DEVELOPMENT_FROZEN_UNTIL_DELIMITATION_OR_JOINT_REGISTER,SEPARATE_FROM_RESOURCE_DEVELOPMENT,BASIN_ALLOCATION_REQUIRED
visual-territory-08,visual-territory-08,SEPARATE_REGISTERED_LICENSE_REQUIRED,SEPARATE_OPERATOR_LICENSE_REQUIRED,CORRIDOR_CONSENT_REQUIRED,CAPACITY_AND_ACCESS_CONTRACT_REQUIRED,DEVELOPMENT_FROZEN_UNTIL_DELIMITATION_OR_JOINT_REGISTER,SEPARATE_FROM_RESOURCE_DEVELOPMENT,BASIN_ALLOCATION_REQUIRED
visual-territory-09,visual-territory-09,SEPARATE_REGISTERED_LICENSE_REQUIRED,SEPARATE_OPERATOR_LICENSE_REQUIRED,CORRIDOR_CONSENT_REQUIRED,CAPACITY_AND_ACCESS_CONTRACT_REQUIRED,DEVELOPMENT_FROZEN_UNTIL_DELIMITATION_OR_JOINT_REGISTER,SEPARATE_FROM_RESOURCE_DEVELOPMENT,BASIN_ALLOCATION_REQUIRED
visual-territory-10,visual-territory-10,SEPARATE_REGISTERED_LICENSE_REQUIRED,SEPARATE_OPERATOR_LICENSE_REQUIRED,CORRIDOR_CONSENT_REQUIRED,CAPACITY_AND_ACCESS_CONTRACT_REQUIRED,DEVELOPMENT_FROZEN_UNTIL_DELIMITATION_OR_JOINT_REGISTER,SEPARATE_FROM_RESOURCE_DEVELOPMENT,BASIN_ALLOCATION_REQUIRED
visual-territory-11,visual-territory-11,SEPARATE_REGISTERED_LICENSE_REQUIRED,SEPARATE_OPERATOR_LICENSE_REQUIRED,CORRIDOR_CONSENT_REQUIRED,CAPACITY_AND_ACCESS_CONTRACT_REQUIRED,DEVELOPMENT_FROZEN_UNTIL_DELIMITATION_OR_JOINT_REGISTER,SEPARATE_FROM_RESOURCE_DEVELOPMENT,BASIN_ALLOCATION_REQUIRED
visual-territory-12,visual-territory-12,SEPARATE_REGISTERED_LICENSE_REQUIRED,SEPARATE_OPERATOR_LICENSE_REQUIRED,CORRIDOR_CONSENT_REQUIRED,CAPACITY_AND_ACCESS_CONTRACT_REQUIRED,DEVELOPMENT_FROZEN_UNTIL_DELIMITATION_OR_JOINT_REGISTER,SEPARATE_FROM_RESOURCE_DEVELOPMENT,BASIN_ALLOCATION_REQUIRED
visual-territory-13,visual-territory-13,SEPARATE_REGISTERED_LICENSE_REQUIRED,SEPARATE_OPERATOR_LICENSE_REQUIRED,CORRIDOR_CONSENT_REQUIRED,CAPACITY_AND_ACCESS_CONTRACT_REQUIRED,DEVELOPMENT_FROZEN_UNTIL_DELIMITATION_OR_JOINT_REGISTER,SEPARATE_FROM_RESOURCE_DEVELOPMENT,BASIN_ALLOCATION_REQUIRED
visual-territory-14,visual-territory-14,SEPARATE_REGISTERED_LICENSE_REQUIRED,SEPARATE_OPERATOR_LICENSE_REQUIRED,CORRIDOR_CONSENT_REQUIRED,CAPACITY_AND_ACCESS_CONTRACT_REQUIRED,DEVELOPMENT_FROZEN_UNTIL_DELIMITATION_OR_JOINT_REGISTER,SEPARATE_FROM_RESOURCE_DEVELOPMENT,BASIN_ALLOCATION_REQUIRED
visual-territory-15,visual-territory-15,SEPARATE_REGISTERED_LICENSE_REQUIRED,SEPARATE_OPERATOR_LICENSE_REQUIRED,CORRIDOR_CONSENT_REQUIRED,CAPACITY_AND_ACCESS_CONTRACT_REQUIRED,DEVELOPMENT_FROZEN_UNTIL_DELIMITATION_OR_JOINT_REGISTER,SEPARATE_FROM_RESOURCE_DEVELOPMENT,BASIN_ALLOCATION_REQUIRED
visual-territory-16,visual-territory-16,SEPARATE_REGISTERED_LICENSE_REQUIRED,SEPARATE_OPERATOR_LICENSE_REQUIRED,CORRIDOR_CONSENT_REQUIRED,CAPACITY_AND_ACCESS_CONTRACT_REQUIRED,DEVELOPMENT_FROZEN_UNTIL_DELIMITATION_OR_JOINT_REGISTER,SEPARATE_FROM_RESOURCE_DEVELOPMENT,BASIN_ALLOCATION_REQUIRED
visual-territory-17,visual-territory-17,SEPARATE_REGISTERED_LICENSE_REQUIRED,SEPARATE_OPERATOR_LICENSE_REQUIRED,CORRIDOR_CONSENT_REQUIRED,CAPACITY_AND_ACCESS_CONTRACT_REQUIRED,DEVELOPMENT_FROZEN_UNTIL_DELIMITATION_OR_JOINT_REGISTER,SEPARATE_FROM_RESOURCE_DEVELOPMENT,BASIN_ALLOCATION_REQUIRED
visual-territory-18,visual-territory-18,SEPARATE_REGISTERED_LICENSE_REQUIRED,SEPARATE_OPERATOR_LICENSE_REQUIRED,CORRIDOR_CONSENT_REQUIRED,CAPACITY_AND_ACCESS_CONTRACT_REQUIRED,DEVELOPMENT_FROZEN_UNTIL_DELIMITATION_OR_JOINT_REGISTER,SEPARATE_FROM_RESOURCE_DEVELOPMENT,BASIN_ALLOCATION_REQUIRED
visual-territory-19,visual-territory-19,SEPARATE_REGISTERED_LICENSE_REQUIRED,SEPARATE_OPERATOR_LICENSE_REQUIRED,CORRIDOR_CONSENT_REQUIRED,CAPACITY_AND_ACCESS_CONTRACT_REQUIRED,DEVELOPMENT_FROZEN_UNTIL_DELIMITATION_OR_JOINT_REGISTER,SEPARATE_FROM_RESOURCE_DEVELOPMENT,BASIN_ALLOCATION_REQUIRED
visual-territory-20,visual-territory-20,SEPARATE_REGISTERED_LICENSE_REQUIRED,SEPARATE_OPERATOR_LICENSE_REQUIRED,CORRIDOR_CONSENT_REQUIRED,CAPACITY_AND_ACCESS_CONTRACT_REQUIRED,DEVELOPMENT_FROZEN_UNTIL_DELIMITATION_OR_JOINT_REGISTER,SEPARATE_FROM_RESOURCE_DEVELOPMENT,BASIN_ALLOCATION_REQUIRED
visual-territory-21,visual-territory-21,SEPARATE_REGISTERED_LICENSE_REQUIRED,SEPARATE_OPERATOR_LICENSE_REQUIRED,CORRIDOR_CONSENT_REQUIRED,CAPACITY_AND_ACCESS_CONTRACT_REQUIRED,DEVELOPMENT_FROZEN_UNTIL_DELIMITATION_OR_JOINT_REGISTER,SEPARATE_FROM_RESOURCE_DEVELOPMENT,BASIN_ALLOCATION_REQUIRED
visual-territory-22,visual-territory-22,SEPARATE_REGISTERED_LICENSE_REQUIRED,SEPARATE_OPERATOR_LICENSE_REQUIRED,CORRIDOR_CONSENT_REQUIRED,CAPACITY_AND_ACCESS_CONTRACT_REQUIRED,DEVELOPMENT_FROZEN_UNTIL_DELIMITATION_OR_JOINT_REGISTER,SEPARATE_FROM_RESOURCE_DEVELOPMENT,BASIN_ALLOCATION_REQUIRED
visual-territory-23,visual-territory-23,SEPARATE_REGISTERED_LICENSE_REQUIRED,SEPARATE_OPERATOR_LICENSE_REQUIRED,CORRIDOR_CONSENT_REQUIRED,CAPACITY_AND_ACCESS_CONTRACT_REQUIRED,DEVELOPMENT_FROZEN_UNTIL_DELIMITATION_OR_JOINT_REGISTER,SEPARATE_FROM_RESOURCE_DEVELOPMENT,BASIN_ALLOCATION_REQUIRED
visual-territory-24,visual-territory-24,SEPARATE_REGISTERED_LICENSE_REQUIRED,SEPARATE_OPERATOR_LICENSE_REQUIRED,CORRIDOR_CONSENT_REQUIRED,CAPACITY_AND_ACCESS_CONTRACT_REQUIRED,DEVELOPMENT_FROZEN_UNTIL_DELIMITATION_OR_JOINT_REGISTER,SEPARATE_FROM_RESOURCE_DEVELOPMENT,BASIN_ALLOCATION_REQUIRED
visual-territory-25,visual-territory-25,SEPARATE_REGISTERED_LICENSE_REQUIRED,SEPARATE_OPERATOR_LICENSE_REQUIRED,CORRIDOR_CONSENT_REQUIRED,CAPACITY_AND_ACCESS_CONTRACT_REQUIRED,DEVELOPMENT_FROZEN_UNTIL_DELIMITATION_OR_JOINT_REGISTER,SEPARATE_FROM_RESOURCE_DEVELOPMENT,BASIN_ALLOCATION_REQUIRED
visual-territory-26,visual-territory-26,SEPARATE_REGISTERED_LICENSE_REQUIRED,SEPARATE_OPERATOR_LICENSE_REQUIRED,CORRIDOR_CONSENT_REQUIRED,CAPACITY_AND_ACCESS_CONTRACT_REQUIRED,DEVELOPMENT_FROZEN_UNTIL_DELIMITATION_OR_JOINT_REGISTER,SEPARATE_FROM_RESOURCE_DEVELOPMENT,BASIN_ALLOCATION_REQUIRED
visual-territory-27,visual-territory-27,SEPARATE_REGISTERED_LICENSE_REQUIRED,SEPARATE_OPERATOR_LICENSE_REQUIRED,CORRIDOR_CONSENT_REQUIRED,CAPACITY_AND_ACCESS_CONTRACT_REQUIRED,DEVELOPMENT_FROZEN_UNTIL_DELIMITATION_OR_JOINT_REGISTER,SEPARATE_FROM_RESOURCE_DEVELOPMENT,BASIN_ALLOCATION_REQUIRED
visual-territory-28,visual-territory-28,SEPARATE_REGISTERED_LICENSE_REQUIRED,SEPARATE_OPERATOR_LICENSE_REQUIRED,CORRIDOR_CONSENT_REQUIRED,CAPACITY_AND_ACCESS_CONTRACT_REQUIRED,DEVELOPMENT_FROZEN_UNTIL_DELIMITATION_OR_JOINT_REGISTER,SEPARATE_FROM_RESOURCE_DEVELOPMENT,BASIN_ALLOCATION_REQUIRED
visual-territory-29,visual-territory-29,SEPARATE_REGISTERED_LICENSE_REQUIRED,SEPARATE_OPERATOR_LICENSE_REQUIRED,CORRIDOR_CONSENT_REQUIRED,CAPACITY_AND_ACCESS_CONTRACT_REQUIRED,DEVELOPMENT_FROZEN_UNTIL_DELIMITATION_OR_JOINT_REGISTER,SEPARATE_FROM_RESOURCE_DEVELOPMENT,BASIN_ALLOCATION_REQUIRED
visual-territory-30,visual-territory-30,SEPARATE_REGISTERED_LICENSE_REQUIRED,SEPARATE_OPERATOR_LICENSE_REQUIRED,CORRIDOR_CONSENT_REQUIRED,CAPACITY_AND_ACCESS_CONTRACT_REQUIRED,DEVELOPMENT_FROZEN_UNTIL_DELIMITATION_OR_JOINT_REGISTER,SEPARATE_FROM_RESOURCE_DEVELOPMENT,BASIN_ALLOCATION_REQUIRED
visual-territory-31,visual-territory-31,SEPARATE_REGISTERED_LICENSE_REQUIRED,SEPARATE_OPERATOR_LICENSE_REQUIRED,CORRIDOR_CONSENT_REQUIRED,CAPACITY_AND_ACCESS_CONTRACT_REQUIRED,DEVELOPMENT_FROZEN_UNTIL_DELIMITATION_OR_JOINT_REGISTER,SEPARATE_FROM_RESOURCE_DEVELOPMENT,BASIN_ALLOCATION_REQUIRED
visual-territory-32,visual-territory-32,SEPARATE_REGISTERED_LICENSE_REQUIRED,SEPARATE_OPERATOR_LICENSE_REQUIRED,CORRIDOR_CONSENT_REQUIRED,CAPACITY_AND_ACCESS_CONTRACT_REQUIRED,DEVELOPMENT_FROZEN_UNTIL_DELIMITATION_OR_JOINT_REGISTER,SEPARATE_FROM_RESOURCE_DEVELOPMENT,BASIN_ALLOCATION_REQUIRED
visual-territory-33,visual-territory-33,SEPARATE_REGISTERED_LICENSE_REQUIRED,SEPARATE_OPERATOR_LICENSE_REQUIRED,CORRIDOR_CONSENT_REQUIRED,CAPACITY_AND_ACCESS_CONTRACT_REQUIRED,DEVELOPMENT_FROZEN_UNTIL_DELIMITATION_OR_JOINT_REGISTER,SEPARATE_FROM_RESOURCE_DEVELOPMENT,BASIN_ALLOCATION_REQUIRED
visual-territory-34,visual-territory-34,SEPARATE_REGISTERED_LICENSE_REQUIRED,SEPARATE_OPERATOR_LICENSE_REQUIRED,CORRIDOR_CONSENT_REQUIRED,CAPACITY_AND_ACCESS_CONTRACT_REQUIRED,DEVELOPMENT_FROZEN_UNTIL_DELIMITATION_OR_JOINT_REGISTER,SEPARATE_FROM_RESOURCE_DEVELOPMENT,BASIN_ALLOCATION_REQUIRED
visual-territory-35,visual-territory-35,SEPARATE_REGISTERED_LICENSE_REQUIRED,SEPARATE_OPERATOR_LICENSE_REQUIRED,CORRIDOR_CONSENT_REQUIRED,CAPACITY_AND_ACCESS_CONTRACT_REQUIRED,DEVELOPMENT_FROZEN_UNTIL_DELIMITATION_OR_JOINT_REGISTER,SEPARATE_FROM_RESOURCE_DEVELOPMENT,BASIN_ALLOCATION_REQUIRED
visual-territory-36,visual-territory-36,SEPARATE_REGISTERED_LICENSE_REQUIRED,SEPARATE_OPERATOR_LICENSE_REQUIRED,CORRIDOR_CONSENT_REQUIRED,CAPACITY_AND_ACCESS_CONTRACT_REQUIRED,DEVELOPMENT_FROZEN_UNTIL_DELIMITATION_OR_JOINT_REGISTER,SEPARATE_FROM_RESOURCE_DEVELOPMENT,BASIN_ALLOCATION_REQUIRED
visual-territory-37,visual-territory-37,SEPARATE_REGISTERED_LICENSE_REQUIRED,SEPARATE_OPERATOR_LICENSE_REQUIRED,CORRIDOR_CONSENT_REQUIRED,CAPACITY_AND_ACCESS_CONTRACT_REQUIRED,DEVELOPMENT_FROZEN_UNTIL_DELIMITATION_OR_JOINT_REGISTER,SEPARATE_FROM_RESOURCE_DEVELOPMENT,BASIN_ALLOCATION_REQUIRED
visual-territory-38,visual-territory-38,SEPARATE_REGISTERED_LICENSE_REQUIRED,SEPARATE_OPERATOR_LICENSE_REQUIRED,CORRIDOR_CONSENT_REQUIRED,CAPACITY_AND_ACCESS_CONTRACT_REQUIRED,DEVELOPMENT_FROZEN_UNTIL_DELIMITATION_OR_JOINT_REGISTER,SEPARATE_FROM_RESOURCE_DEVELOPMENT,BASIN_ALLOCATION_REQUIRED
visual-territory-39,visual-territory-39,SEPARATE_REGISTERED_LICENSE_REQUIRED,SEPARATE_OPERATOR_LICENSE_REQUIRED,CORRIDOR_CONSENT_REQUIRED,CAPACITY_AND_ACCESS_CONTRACT_REQUIRED,DEVELOPMENT_FROZEN_UNTIL_DELIMITATION_OR_JOINT_REGISTER,SEPARATE_FROM_RESOURCE_DEVELOPMENT,BASIN_ALLOCATION_REQUIRED
visual-territory-40,visual-territory-40,SEPARATE_REGISTERED_LICENSE_REQUIRED,SEPARATE_OPERATOR_LICENSE_REQUIRED,CORRIDOR_CONSENT_REQUIRED,CAPACITY_AND_ACCESS_CONTRACT_REQUIRED,DEVELOPMENT_FROZEN_UNTIL_DELIMITATION_OR_JOINT_REGISTER,SEPARATE_FROM_RESOURCE_DEVELOPMENT,BASIN_ALLOCATION_REQUIRED
visual-territory-41,visual-territory-41,SEPARATE_REGISTERED_LICENSE_REQUIRED,SEPARATE_OPERATOR_LICENSE_REQUIRED,CORRIDOR_CONSENT_REQUIRED,CAPACITY_AND_ACCESS_CONTRACT_REQUIRED,DEVELOPMENT_FROZEN_UNTIL_DELIMITATION_OR_JOINT_REGISTER,SEPARATE_FROM_RESOURCE_DEVELOPMENT,BASIN_ALLOCATION_REQUIRED
visual-territory-42,visual-territory-42,SEPARATE_REGISTERED_LICENSE_REQUIRED,SEPARATE_OPERATOR_LICENSE_REQUIRED,CORRIDOR_CONSENT_REQUIRED,CAPACITY_AND_ACCESS_CONTRACT_REQUIRED,DEVELOPMENT_FROZEN_UNTIL_DELIMITATION_OR_JOINT_REGISTER,SEPARATE_FROM_RESOURCE_DEVELOPMENT,BASIN_ALLOCATION_REQUIRED
visual-territory-43,visual-territory-43,SEPARATE_REGISTERED_LICENSE_REQUIRED,SEPARATE_OPERATOR_LICENSE_REQUIRED,CORRIDOR_CONSENT_REQUIRED,CAPACITY_AND_ACCESS_CONTRACT_REQUIRED,DEVELOPMENT_FROZEN_UNTIL_DELIMITATION_OR_JOINT_REGISTER,SEPARATE_FROM_RESOURCE_DEVELOPMENT,BASIN_ALLOCATION_REQUIRED
visual-territory-44,visual-territory-44,SEPARATE_REGISTERED_LICENSE_REQUIRED,SEPARATE_OPERATOR_LICENSE_REQUIRED,CORRIDOR_CONSENT_REQUIRED,CAPACITY_AND_ACCESS_CONTRACT_REQUIRED,DEVELOPMENT_FROZEN_UNTIL_DELIMITATION_OR_JOINT_REGISTER,SEPARATE_FROM_RESOURCE_DEVELOPMENT,BASIN_ALLOCATION_REQUIRED
visual-territory-45,visual-territory-45,SEPARATE_REGISTERED_LICENSE_REQUIRED,SEPARATE_OPERATOR_LICENSE_REQUIRED,CORRIDOR_CONSENT_REQUIRED,CAPACITY_AND_ACCESS_CONTRACT_REQUIRED,DEVELOPMENT_FROZEN_UNTIL_DELIMITATION_OR_JOINT_REGISTER,SEPARATE_FROM_RESOURCE_DEVELOPMENT,BASIN_ALLOCATION_REQUIRED
visual-territory-46,visual-territory-46,SEPARATE_REGISTERED_LICENSE_REQUIRED,SEPARATE_OPERATOR_LICENSE_REQUIRED,CORRIDOR_CONSENT_REQUIRED,CAPACITY_AND_ACCESS_CONTRACT_REQUIRED,DEVELOPMENT_FROZEN_UNTIL_DELIMITATION_OR_JOINT_REGISTER,SEPARATE_FROM_RESOURCE_DEVELOPMENT,BASIN_ALLOCATION_REQUIRED
visual-territory-47,visual-territory-47,SEPARATE_REGISTERED_LICENSE_REQUIRED,SEPARATE_OPERATOR_LICENSE_REQUIRED,CORRIDOR_CONSENT_REQUIRED,CAPACITY_AND_ACCESS_CONTRACT_REQUIRED,DEVELOPMENT_FROZEN_UNTIL_DELIMITATION_OR_JOINT_REGISTER,SEPARATE_FROM_RESOURCE_DEVELOPMENT,BASIN_ALLOCATION_REQUIRED
visual-territory-48,visual-territory-48,SEPARATE_REGISTERED_LICENSE_REQUIRED,SEPARATE_OPERATOR_LICENSE_REQUIRED,CORRIDOR_CONSENT_REQUIRED,CAPACITY_AND_ACCESS_CONTRACT_REQUIRED,DEVELOPMENT_FROZEN_UNTIL_DELIMITATION_OR_JOINT_REGISTER,SEPARATE_FROM_RESOURCE_DEVELOPMENT,BASIN_ALLOCATION_REQUIRED
visual-territory-49,visual-territory-49,SEPARATE_REGISTERED_LICENSE_REQUIRED,SEPARATE_OPERATOR_LICENSE_REQUIRED,CORRIDOR_CONSENT_REQUIRED,CAPACITY_AND_ACCESS_CONTRACT_REQUIRED,DEVELOPMENT_FROZEN_UNTIL_DELIMITATION_OR_JOINT_REGISTER,SEPARATE_FROM_RESOURCE_DEVELOPMENT,BASIN_ALLOCATION_REQUIRED
visual-territory-50,visual-territory-50,SEPARATE_REGISTERED_LICENSE_REQUIRED,SEPARATE_OPERATOR_LICENSE_REQUIRED,CORRIDOR_CONSENT_REQUIRED,CAPACITY_AND_ACCESS_CONTRACT_REQUIRED,DEVELOPMENT_FROZEN_UNTIL_DELIMITATION_OR_JOINT_REGISTER,SEPARATE_FROM_RESOURCE_DEVELOPMENT,BASIN_ALLOCATION_REQUIRED
visual-territory-51,visual-territory-51,SEPARATE_REGISTERED_LICENSE_REQUIRED,SEPARATE_OPERATOR_LICENSE_REQUIRED,CORRIDOR_CONSENT_REQUIRED,CAPACITY_AND_ACCESS_CONTRACT_REQUIRED,DEVELOPMENT_FROZEN_UNTIL_DELIMITATION_OR_JOINT_REGISTER,SEPARATE_FROM_RESOURCE_DEVELOPMENT,BASIN_ALLOCATION_REQUIRED
visual-territory-52,visual-territory-52,SEPARATE_REGISTERED_LICENSE_REQUIRED,SEPARATE_OPERATOR_LICENSE_REQUIRED,CORRIDOR_CONSENT_REQUIRED,CAPACITY_AND_ACCESS_CONTRACT_REQUIRED,DEVELOPMENT_FROZEN_UNTIL_DELIMITATION_OR_JOINT_REGISTER,SEPARATE_FROM_RESOURCE_DEVELOPMENT,BASIN_ALLOCATION_REQUIRED
visual-territory-53,visual-territory-53,SEPARATE_REGISTERED_LICENSE_REQUIRED,SEPARATE_OPERATOR_LICENSE_REQUIRED,CORRIDOR_CONSENT_REQUIRED,CAPACITY_AND_ACCESS_CONTRACT_REQUIRED,DEVELOPMENT_FROZEN_UNTIL_DELIMITATION_OR_JOINT_REGISTER,SEPARATE_FROM_RESOURCE_DEVELOPMENT,BASIN_ALLOCATION_REQUIRED
visual-territory-54,visual-territory-54,SEPARATE_REGISTERED_LICENSE_REQUIRED,SEPARATE_OPERATOR_LICENSE_REQUIRED,CORRIDOR_CONSENT_REQUIRED,CAPACITY_AND_ACCESS_CONTRACT_REQUIRED,DEVELOPMENT_FROZEN_UNTIL_DELIMITATION_OR_JOINT_REGISTER,SEPARATE_FROM_RESOURCE_DEVELOPMENT,BASIN_ALLOCATION_REQUIRED
visual-territory-55,visual-territory-55,SEPARATE_REGISTERED_LICENSE_REQUIRED,SEPARATE_OPERATOR_LICENSE_REQUIRED,CORRIDOR_CONSENT_REQUIRED,CAPACITY_AND_ACCESS_CONTRACT_REQUIRED,DEVELOPMENT_FROZEN_UNTIL_DELIMITATION_OR_JOINT_REGISTER,SEPARATE_FROM_RESOURCE_DEVELOPMENT,BASIN_ALLOCATION_REQUIRED
visual-territory-56,visual-territory-56,SEPARATE_REGISTERED_LICENSE_REQUIRED,SEPARATE_OPERATOR_LICENSE_REQUIRED,CORRIDOR_CONSENT_REQUIRED,CAPACITY_AND_ACCESS_CONTRACT_REQUIRED,DEVELOPMENT_FROZEN_UNTIL_DELIMITATION_OR_JOINT_REGISTER,SEPARATE_FROM_RESOURCE_DEVELOPMENT,BASIN_ALLOCATION_REQUIRED
visual-territory-57,visual-territory-57,SEPARATE_REGISTERED_LICENSE_REQUIRED,SEPARATE_OPERATOR_LICENSE_REQUIRED,CORRIDOR_CONSENT_REQUIRED,CAPACITY_AND_ACCESS_CONTRACT_REQUIRED,DEVELOPMENT_FROZEN_UNTIL_DELIMITATION_OR_JOINT_REGISTER,SEPARATE_FROM_RESOURCE_DEVELOPMENT,BASIN_ALLOCATION_REQUIRED
visual-territory-58,visual-territory-58,SEPARATE_REGISTERED_LICENSE_REQUIRED,SEPARATE_OPERATOR_LICENSE_REQUIRED,CORRIDOR_CONSENT_REQUIRED,CAPACITY_AND_ACCESS_CONTRACT_REQUIRED,DEVELOPMENT_FROZEN_UNTIL_DELIMITATION_OR_JOINT_REGISTER,SEPARATE_FROM_RESOURCE_DEVELOPMENT,BASIN_ALLOCATION_REQUIRED
visual-territory-59,visual-territory-59,SEPARATE_REGISTERED_LICENSE_REQUIRED,SEPARATE_OPERATOR_LICENSE_REQUIRED,CORRIDOR_CONSENT_REQUIRED,CAPACITY_AND_ACCESS_CONTRACT_REQUIRED,DEVELOPMENT_FROZEN_UNTIL_DELIMITATION_OR_JOINT_REGISTER,SEPARATE_FROM_RESOURCE_DEVELOPMENT,BASIN_ALLOCATION_REQUIRED
visual-territory-60,visual-territory-60,SEPARATE_REGISTERED_LICENSE_REQUIRED,SEPARATE_OPERATOR_LICENSE_REQUIRED,CORRIDOR_CONSENT_REQUIRED,CAPACITY_AND_ACCESS_CONTRACT_REQUIRED,DEVELOPMENT_FROZEN_UNTIL_DELIMITATION_OR_JOINT_REGISTER,SEPARATE_FROM_RESOURCE_DEVELOPMENT,BASIN_ALLOCATION_REQUIRED
visual-territory-61,visual-territory-61,SEPARATE_REGISTERED_LICENSE_REQUIRED,SEPARATE_OPERATOR_LICENSE_REQUIRED,CORRIDOR_CONSENT_REQUIRED,CAPACITY_AND_ACCESS_CONTRACT_REQUIRED,DEVELOPMENT_FROZEN_UNTIL_DELIMITATION_OR_JOINT_REGISTER,SEPARATE_FROM_RESOURCE_DEVELOPMENT,BASIN_ALLOCATION_REQUIRED
visual-territory-62,visual-territory-62,SEPARATE_REGISTERED_LICENSE_REQUIRED,SEPARATE_OPERATOR_LICENSE_REQUIRED,CORRIDOR_CONSENT_REQUIRED,CAPACITY_AND_ACCESS_CONTRACT_REQUIRED,DEVELOPMENT_FROZEN_UNTIL_DELIMITATION_OR_JOINT_REGISTER,SEPARATE_FROM_RESOURCE_DEVELOPMENT,BASIN_ALLOCATION_REQUIRED
visual-territory-63,visual-territory-63,SEPARATE_REGISTERED_LICENSE_REQUIRED,SEPARATE_OPERATOR_LICENSE_REQUIRED,CORRIDOR_CONSENT_REQUIRED,CAPACITY_AND_ACCESS_CONTRACT_REQUIRED,DEVELOPMENT_FROZEN_UNTIL_DELIMITATION_OR_JOINT_REGISTER,SEPARATE_FROM_RESOURCE_DEVELOPMENT,BASIN_ALLOCATION_REQUIRED
visual-territory-64,visual-territory-64,SEPARATE_REGISTERED_LICENSE_REQUIRED,SEPARATE_OPERATOR_LICENSE_REQUIRED,CORRIDOR_CONSENT_REQUIRED,CAPACITY_AND_ACCESS_CONTRACT_REQUIRED,DEVELOPMENT_FROZEN_UNTIL_DELIMITATION_OR_JOINT_REGISTER,SEPARATE_FROM_RESOURCE_DEVELOPMENT,BASIN_ALLOCATION_REQUIRED
visual-territory-65,visual-territory-65,SEPARATE_REGISTERED_LICENSE_REQUIRED,SEPARATE_OPERATOR_LICENSE_REQUIRED,CORRIDOR_CONSENT_REQUIRED,CAPACITY_AND_ACCESS_CONTRACT_REQUIRED,DEVELOPMENT_FROZEN_UNTIL_DELIMITATION_OR_JOINT_REGISTER,SEPARATE_FROM_RESOURCE_DEVELOPMENT,BASIN_ALLOCATION_REQUIRED
visual-territory-66,visual-territory-66,SEPARATE_REGISTERED_LICENSE_REQUIRED,SEPARATE_OPERATOR_LICENSE_REQUIRED,CORRIDOR_CONSENT_REQUIRED,CAPACITY_AND_ACCESS_CONTRACT_REQUIRED,DEVELOPMENT_FROZEN_UNTIL_DELIMITATION_OR_JOINT_REGISTER,SEPARATE_FROM_RESOURCE_DEVELOPMENT,BASIN_ALLOCATION_REQUIRED
visual-territory-67,visual-territory-67,SEPARATE_REGISTERED_LICENSE_REQUIRED,SEPARATE_OPERATOR_LICENSE_REQUIRED,CORRIDOR_CONSENT_REQUIRED,CAPACITY_AND_ACCESS_CONTRACT_REQUIRED,DEVELOPMENT_FROZEN_UNTIL_DELIMITATION_OR_JOINT_REGISTER,SEPARATE_FROM_RESOURCE_DEVELOPMENT,BASIN_ALLOCATION_REQUIRED
visual-territory-68,visual-territory-68,SEPARATE_REGISTERED_LICENSE_REQUIRED,SEPARATE_OPERATOR_LICENSE_REQUIRED,CORRIDOR_CONSENT_REQUIRED,CAPACITY_AND_ACCESS_CONTRACT_REQUIRED,DEVELOPMENT_FROZEN_UNTIL_DELIMITATION_OR_JOINT_REGISTER,SEPARATE_FROM_RESOURCE_DEVELOPMENT,BASIN_ALLOCATION_REQUIRED
visual-territory-69,visual-territory-69,SEPARATE_REGISTERED_LICENSE_REQUIRED,SEPARATE_OPERATOR_LICENSE_REQUIRED,CORRIDOR_CONSENT_REQUIRED,CAPACITY_AND_ACCESS_CONTRACT_REQUIRED,DEVELOPMENT_FROZEN_UNTIL_DELIMITATION_OR_JOINT_REGISTER,SEPARATE_FROM_RESOURCE_DEVELOPMENT,BASIN_ALLOCATION_REQUIRED
visual-territory-70,visual-territory-70,SEPARATE_REGISTERED_LICENSE_REQUIRED,SEPARATE_OPERATOR_LICENSE_REQUIRED,CORRIDOR_CONSENT_REQUIRED,CAPACITY_AND_ACCESS_CONTRACT_REQUIRED,DEVELOPMENT_FROZEN_UNTIL_DELIMITATION_OR_JOINT_REGISTER,SEPARATE_FROM_RESOURCE_DEVELOPMENT,BASIN_ALLOCATION_REQUIRED
