编号,国家,旧人口,新人口,国土面积平方公里,城镇人口占比,主要产业,两条开局路线,主要出口,主要进口,矿床数,开局设施群数,库存缓冲日,基准贸易收支占消费篮子,港口所在国
01,Avenor,176666984,105506849,1267965.56,0.38,粮食、铜,粮食、铜,粮食、铜,钢铁、成品燃料、机械设备,4,11,76,0.08,Avenor
02,Brelis,276124585,137301649,1969691.23,0.352,粮食、成品燃料,粮食、成品燃料,粮食,钢铁、成品燃料、原油,4,11,70,0.08,Brelis
03,Caedon,510403319,260037441,2699008.22,0.466496,粮食、机械设备、铀,粮食、机械设备,粮食、机械设备、铀,钢铁、成品燃料、半导体,4,15,74,0.08,Caedon
04,Darsin,496361742,275749031,3187415.88,0.440802,粮食、钢铁,粮食、钢铁,粮食,成品燃料、钢铁、机械设备,4,14,76,0.08,Darsin
05,Ellovar,322591038,198817912,2227484.81,0.397493,粮食、原油,原油、粮食,粮食、原油,钢铁、成品燃料、半导体,4,14,77,0.08,Ellovar
06,Faren,324546526,301060418,4043570.6,0.372787,粮食、原油,原油、粮食,原油、粮食,钢铁、成品燃料、机械设备,4,14,74,0.08,Faren
07,Galdra,333976824,216930191,2138121.86,0.477454,粮食、原油、半导体,原油、半导体,原油、粮食、半导体,钢铁、成品燃料、机械设备,3,15,78,0.08,Galdra
08,Hethen,354009959,234590316,2654944.46,0.417168,粮食、半导体,粮食、半导体,粮食、半导体,钢铁、成品燃料、机械设备,4,14,74,0.08,Hethen
09,Istrel,117946631,203914018,2638472.03,0.351078,粮食、钢铁、铁矿石,粮食、铁矿石,粮食、铁矿石、铀,成品燃料、钢铁、机械设备,4,16,67.49,-0.08,Istrel
10,Jorun,63926125,217859358,2692419.25,0.366472,原油、粮食、成品燃料,原油、成品燃料,原油、电池、天然气,钢铁、成品燃料、机械设备,4,18,68.57,-0.08,Jorun
11,Keldan,58955987,139077036,1944982.58,0.41,粮食、电池、原油,原油、铜,电池、原油、铜,钢铁、成品燃料、机械设备,4,14,70,-0.08,Keldan
12,Lumer,105921711,282893901,3363670.91,0.463931,半导体、原油、电池,原油、电池,半导体、原油、电池,粮食、钢铁、成品燃料,4,15,70.46,-0.08,Lumer
13,Meros,35431598,212269513,3276778.83,0.405914,半导体、电池、粮食,钢铁、半导体,半导体、电池、原油,成品燃料、粮食、钢铁,4,20,79,-0.08,Lumer
14,Nadrin,193058826,203975307,2593172.84,0.368957,粮食、钢铁、铀,粮食、钢铁,粮食、铀,成品燃料、钢铁、机械设备,4,15,88,-0.08,Nadrin
15,Orelis,339123585,270336137,3570811.76,0.363688,粮食、原油、电池,原油、电池,原油、粮食、电池,钢铁、成品燃料、机械设备,4,15,85,0.08,Orelis
16,Paryn,459264033,270584875,3434914.19,0.404446,粮食、电池,粮食、电池,粮食、电池,钢铁、成品燃料、机械设备,4,14,69,0.08,Paryn
17,Quoran,132916537,142121388,1892682.6,0.488,钢铁、铁矿石、机械设备,钢铁、机械设备,钢铁、机械设备、铁矿石,粮食、成品燃料、半导体,3,12,64.72,0.08,Quoran
18,Rassel,47662589,114529212,1752255.11,0.428,原油、钢铁、成品燃料,原油、成品燃料,原油、锂、铁矿石,粮食、成品燃料、半导体,3,14,67.14,-0.08,Rassel
19,Siven,106134098,122802272,1944158.96,0.42,粮食、半导体、天然气,粮食、半导体,粮食、天然气、半导体,钢铁、成品燃料、机械设备,3,13,65.94,-0.08,Siven
20,Talan,2146143,187895095,3266895.37,0.334184,钢铁、成品燃料、铁矿石,钢铁、成品燃料,钢铁、锂,粮食、铁矿石、成品燃料,4,17,86,-0.08,Quoran
21,Uvren,169106762,262573353,4411317.68,0.363989,粮食、钢铁、铁矿石,粮食、钢铁,粮食、铁矿石、原油,成品燃料、钢铁、半导体,4,16,81,-0.08,Keldan
22,Vardis,132438465,112204643,1903801.5,0.364,粮食、钢铁、铀,粮食、钢铁,粮食、铀,成品燃料、钢铁、机械设备,3,12,84,0.08,Corven
23,Wexar,354391153,350234467,4548862.5,0.48617,钢铁、铁矿石、电池,铁矿石、电池,钢铁、电池,粮食、成品燃料、机械设备,4,15,85,0.08,Xandor
24,Xandor,235530433,217554486,2161183.27,0.480339,机械设备、原油、半导体,机械设备、半导体,机械设备、原油、半导体,粮食、钢铁、成品燃料,3,16,79,-0.08,Xandor
25,Ysol,97452872,121894971,1925627.47,0.424,成品燃料、原油、钢铁,原油、成品燃料,成品燃料,原油、粮食、钢铁,3,12,85,0.013769,Ysol
26,Zarev,53842157,150478189,2435861.1,0.371438,成品燃料、原油、钢铁,原油、钢铁,成品燃料,原油、粮食、铁矿石,3,15,75,0.08,Zarev
27,Adara,115551759,208513009,3060578.14,0.41427,钢铁、铁矿石,铁矿石、钢铁,钢铁,粮食、铁矿石、成品燃料,3,14,94,0.08,Adara
28,Belm,91118281,218123062,3220772.55,0.523715,成品燃料、原油、机械设备,原油、机械设备,成品燃料、天然气、机械设备,原油、粮食、钢铁,3,16,76,-0.08,Belm
29,Corven,99277138,202595565,3269778.04,0.441759,原油、钢铁、铁矿石,原油、钢铁,原油、钢铁、天然气,粮食、成品燃料、机械设备,4,16,79,-0.08,Corven
30,Delyra,109027888,181477988,2714245.22,0.403992,钢铁、铁矿石、原油,原油、铁矿石,钢铁、原油、铁矿石,粮食、成品燃料、机械设备,4,15,83,0.08,Delyra
31,Erdan,141596517,198214592,2559404.35,0.479888,成品燃料、原油、机械设备,成品燃料、半导体,成品燃料、机械设备、半导体,原油、粮食、钢铁,3,17,85,0.013769,Erdan
32,Falcor,22478946,131553721,2414858.75,0.403404,钢铁、铁矿石、天然气,天然气、铁矿石,钢铁、天然气,粮食、铁矿石、成品燃料,3,15,84,0.08,Falcor
33,Gysel,152590063,172578711,3060166.33,0.347591,粮食、铁矿石、铀,粮食、铁矿石,粮食、铁矿石、铀,钢铁、成品燃料、半导体,4,15,83,-0.08,Gysel
34,Harin,217244516,205340635,3332785.1,0.37,粮食、铁矿石、铀,粮食、铁矿石,粮食、铁矿石、铀,钢铁、成品燃料、半导体,4,15,72,-0.08,Harin
35,Inovar,193994580,185984745,3066343.49,0.348394,钢铁、铁矿石、铀,铁矿石、钢铁,钢铁、铁矿石、铀,粮食、成品燃料、半导体,4,15,76,0.08,Inovar
36,Jessa,99086318,93559138,1941688.09,0.338,粮食、天然气、电池,天然气、电池,粮食、天然气、电池,钢铁、成品燃料、机械设备,3,12,74,0.08,Jessa
37,Koryn,113207534,95690285,1351974.98,0.355,成品燃料、原油、铁矿石,钢铁、成品燃料,成品燃料、铁矿石,原油、粮食、钢铁,3,13,71.2,0.013769,Koryn
38,Lydan,324094511,287466375,4306305.92,0.409543,成品燃料、原油、铁矿石,原油、成品燃料,成品燃料、铁矿石,原油、粮食、钢铁,3,16,82,-0.051728,Lydan
39,Mirea,198788623,220476619,3497921.25,0.35945,钢铁、铁矿石、铀,铁矿石、钢铁,钢铁、铀,粮食、铁矿石、成品燃料,3,15,76,0.08,Mirea
40,Norvak,75857857,194069888,2104353.37,0.51463,半导体、原油、机械设备,机械设备、半导体,半导体、原油、机械设备,粮食、钢铁、成品燃料,3,15,82,-0.08,Tirren
41,Ostra,186445203,209317699,2446156.37,0.443615,原油、钢铁、铁矿石,原油、铁矿石,原油、铁矿石、钢铁,粮食、成品燃料、机械设备,3,15,83,0.08,Harin
42,Pavan,153671207,129656173,1688836.24,0.368,钢铁、铁矿石、机械设备,铁矿石、机械设备,钢铁、铁矿石、机械设备,粮食、成品燃料、半导体,3,12,76,-0.08,Pavan
43,Qemra,157559906,133083165,2000577.04,0.36,钢铁、铁矿石、铜,铜、钢铁,钢铁、铜、铁矿石,粮食、成品燃料、半导体,3,12,73,-0.08,Qemra
44,Ruvan,120112546,271139823,2899148.29,0.510701,原油、钢铁、铁矿石,机械设备、半导体,原油、铁矿石、钢铁,粮食、成品燃料、电池,4,17,92,-0.08,Ruvan
45,Selka,128974976,230358574,3178767.85,0.373478,钢铁、铁矿石,铁矿石、钢铁,钢铁,粮食、成品燃料、机械设备,5,14,97,-0.08,Wrenna
46,Tirren,171814588,259831741,3165178.09,0.411995,粮食、原油、半导体,原油、半导体,粮食、原油、半导体,钢铁、成品燃料、机械设备,6,15,76,-0.08,Tirren
47,Ulyss,311448414,314358220,3784541.59,0.405392,粮食、原油,原油、粮食,原油、粮食,钢铁、成品燃料、半导体,2,14,73,-0.08,Ulyss
48,Varos,6373142,127598958,1636536.26,0.426,原油、钢铁、铁矿石,铁矿石、成品燃料,原油、铁矿石、钢铁,粮食、成品燃料、半导体,4,13,73,-0.08,Varos
49,Wrenna,139020276,190380893,2134827.38,0.437974,钢铁、原油、铁矿石,铁矿石、半导体,原油、铁矿石、钢铁,粮食、成品燃料、机械设备,4,17,94,-0.08,Wrenna
50,Xyren,27192741,199940751,2115472.27,0.469296,机械设备、原油、成品燃料,成品燃料、机械设备,机械设备、原油、天然气,粮食、钢铁、成品燃料,3,17,80,-0.08,Xyren
51,Yara,1549,217385174,2084174.64,0.552496,钢铁、原油、铁矿石,铁矿石、机械设备,原油、钢铁、铁矿石,粮食、成品燃料、半导体,4,16,77,-0.08,Yara
52,Zorin,900,161966472,1607709.51,0.637,原油、机械设备、半导体,成品燃料、机械设备,原油、铁矿石、机械设备,粮食、钢铁、成品燃料,4,14,70,-0.08,Zorin
53,Alera,493552369,277522594,3192769.42,0.452374,粮食、原油、成品燃料,粮食、成品燃料,原油、粮食,钢铁、成品燃料、机械设备,3,15,64.82,0.08,Alera
54,Brin,576254853,337593622,4171231.96,0.444302,粮食、半导体、铀,粮食、半导体,粮食、半导体、铀,钢铁、成品燃料、机械设备,3,15,66.02,0.08,Brin
55,Cassa,262394337,158398842,1561998.5,0.627,粮食、原油、成品燃料,成品燃料、半导体,原油、粮食、半导体,钢铁、成品燃料、机械设备,4,13,63,-0.08,Cassa
56,Doren,139613807,326899872,3703003.04,0.488854,半导体、机械设备、原油,半导体、电池,半导体、机械设备、原油,粮食、钢铁、成品燃料,4,16,71,-0.08,Doren
57,Everen,220429446,221098517,2381502.07,0.431117,钢铁、铁矿石、机械设备,钢铁、机械设备,钢铁、机械设备,粮食、成品燃料、半导体,3,15,78,-0.08,Everen
58,Fenna,613431996,303860425,3765598.29,0.43845,粮食、铁矿石、铀,粮食、铁矿石,粮食、铁矿石、铀,钢铁、成品燃料、机械设备,3,16,66.91,0.08,Fenna
59,Garan,71566237,73362124,835976.0,0.419,钢铁、铁矿石、机械设备,钢铁、机械设备,钢铁、铁矿石、机械设备,粮食、成品燃料、半导体,3,12,68.35,0.08,Garan
60,Hylos,452838123,281990929,3330726.05,0.42542,粮食、成品燃料、铀,粮食、成品燃料,粮食、铀,钢铁、成品燃料、原油,4,15,68,0.08,Hylos
61,Ivara,461576353,340449380,3361200.05,0.571641,粮食、机械设备、半导体,机械设备、半导体,粮食、半导体、机械设备,钢铁、成品燃料、电池,4,16,59.56,-0.08,Ivara
62,Jalen,246644605,204635298,2931269.53,0.432652,成品燃料、原油、铁矿石,铁矿石、成品燃料,成品燃料、铁矿石,原油、粮食、钢铁,3,15,85,0.013769,Jalen
63,Korra,341057685,268831266,2997571.08,0.484933,成品燃料、原油、钢铁,钢铁、成品燃料,成品燃料、钢铁,原油、粮食、半导体,3,16,78,0.08,Korra
64,Lethis,570529072,330089267,3481448.81,0.47844,粮食、机械设备、铀,粮食、机械设备,粮食、机械设备、铀,钢铁、成品燃料、半导体,4,15,64.86,0.08,Lethis
65,Marn,298971448,293342782,3375613.43,0.448926,粮食、电池,粮食、电池,粮食、电池,钢铁、成品燃料、机械设备,1,14,66.44,0.015845,Marn
66,Nivor,456532213,289129755,3359140.99,0.49171,成品燃料、原油、粮食,成品燃料、机械设备,成品燃料、机械设备,原油、钢铁、粮食,5,17,78,0.013769,Nivor
67,Orsa,230127298,230286288,2535107.51,0.549302,成品燃料、原油、机械设备,成品燃料、半导体,成品燃料、机械设备、半导体,原油、粮食、钢铁,2,16,72,0.013769,Orsa
68,Pella,180847859,197939466,2340732.79,0.401349,钢铁、铁矿石,铁矿石、钢铁,钢铁,粮食、铁矿石、成品燃料,1,14,73,0.08,Pella
69,Quillan,151539363,133510774,2026932.94,0.378,钢铁、铁矿石,铁矿石、钢铁,钢铁,粮食、铁矿石、成品燃料,1,11,86,0.08,Quillan
70,Rhea,87778709,89351229,1246551.4,0.346,粮食、成品燃料,粮食、成品燃料,粮食,钢铁、成品燃料、原油,1,11,71.03,-0.08,Rhea
