选择下一项国家重点|Choose the next national priority
选择本国设施，确定它在国家议程中的优先级。|Select a site and set its place in the national agenda.
优先级|Priority
内阁议事厅|Cabinet chamber
安排国家议程|Set the national agenda
国家战略|National strategy
选择发展方向|Choose a development direction
外交会议厅|Diplomatic hall
与其他国家协调|Coordinate with other countries
让建设资金有着落|Keep the country building
为本国设施安排运营保障，查看其占用的财政资金。|Allocate operating cover to a site. Compare its cost with the treasury reference.
运营保障|Operating cover
项目拨款|Project funding
安排项目出资|Allocate project participation
债券交易所|Bond exchange
制定发行条款|Set issuance terms
国库|Treasury
安排现金与支付|Schedule cash and payments
保持资金流动|Keep money moving
安排流动性缓冲，对照本国银行体系规模。|Set aside a liquidity buffer and compare it with the banking system.
准备金分配|Reserve allocation
清算中心|Clearing house
核对准备金与资本|Review reserves and capital
货币政策厅|Monetary chamber
确定政策利率|Set the policy rate
外汇交易所|FX exchange
管理外币交易|Manage foreign-currency transactions
筹备下一处生产设施|Prepare the next production site
安排设施用电，工人、用水与设备仍需分别落实。|Match planned power to the selected facility. Capacity requires workers, water and equipment too.
供电覆盖|Power coverage
电力调度|Power dispatch
分配电力|Allocate electricity
生产厂区|Production works
制定生产目标|Set production targets
建设工地|Construction site
扩建设施|Expand a facility
连接本国与世界市场|Connect this country to the market
对照可用粮食库存和国内需求，安排一批货物。|Compare a shipment with available food stock and the domestic demand reference.
粮食发运量|Food shipment
市场港口|Market harbour
安排现货进口|Arrange a spot import
出口码头|Export quay
设定出口订单|Set an export order
海关|Customs house
制定海关规则|Set customs rules
让人才走进本国的新岗位|Bring people into the country’s next chapter
为本国设施安排用工。配置人数不等于培训完成或实际到岗。|Match a workforce to a local facility. Assignment does not imply training or arrival.
用工覆盖|Workforce coverage
技术学院|Technical academy
安排技能培训|Arrange skills training
就业中心|Employment bureau
连接人才与岗位|Connect people with jobs
社区诊所|Community clinic
安排医疗服务|Plan healthcare services
优先等级|priority
剩余等级|levels remaining
优先级改变议程，具体执行仍由对应部长负责。|A higher priority changes the agenda; another minister still controls execution.
GCU 尚未配置|GCU unallocated in this preview
运营保障＝日维护费用×天数，不包含建设成本。|Operating cover = daily maintenance × days. This does not include construction cost.
GCU 缓冲之外|GCU outside the buffer
准备金配置只改变计划，不产生银行资本或贷款。|A reserve allocation changes a plan; it does not create bank capital or a loan.
MW 尚需补足|MW still required
电力是流量，不是库存；用水、工人和原料分别构成约束。|Power is a flow, not stored inventory. Water, workers and inputs remain separate constraints.
天剩余粮食保障|days of food cover remaining
实际发运后才扣减库存。下单不等于到港。|A shipment reduces available stock only when executed. An order is not an arrival.
人尚需配置|positions still to cover
设施用工为情景估计，不代表已核验的招聘空缺。|Required workers are a facility estimate, not a verified hiring vacancy.
人口|Population
本国设施|Local sites
资源|Resources
国库参考资金|Treasury reference
设施日维护|Site maintenance
银行准备金|Bank reserves
银行存款|Bank deposits
银行权益|Bank equity
设施用电需求|Site power need
设施用工需求|Site labour need
建设工期|Build duration
粮食库存|Food stock
每日需求|Daily demand
资源点|Resource sites
劳动力|Labour force
情景失业人数|Scenario unemployed
世界预览 · 现实 10×|World preview · Real time ×10
1 模拟日＝现实 2 小时 24 分|1 day = 2h 24m real time
全部本职行动|All office actions
决定记录|Decision record
确认配置|Confirm allocation
本地决定已保存|Local decision saved
本地筹划 · 尚未执行|Local planning · Not executed
本国地点|Local site
已投运|Operational
未投运|Not commissioned
部长场景入口|Ministry locations
世界持续运行|World running
自动 10×|Automatic ×10
国家情景参考数据 · 本地决定 · 未接正式结算|Country scenario references · Local decisions · Official settlement not connected
本地决定 · 未接正式结算|Local decisions · Official settlement not connected
关闭|Close
暂无本地决定|No local decisions yet
这份配置已保存|This allocation is already saved
人|people
天|days
吨|tonne
吨/日|tonne/day
GCU/日|GCU/day
% 库存|% of stock
参数|parameters
减少配置|Decrease allocation
增加配置|Increase allocation
第|Day
第一章|CHAPTER I

国家图鉴 ↗|Country atlas ↗

全国银行体系|National banking system
全国粮食储备|National food reserve
全国|National
