公开承诺|Public commitments
内阁议题|Cabinet agenda
危机协调|Crisis coordination
国家优先目标|National priorities
国家战略|National strategy
峰会|Summits
提案决定|Proposal decisions
政治资本|Political capital
行政优先指令|Administrative priorities
增值税|Value-added tax
个人所得税|Personal income tax
主权债券发行|Sovereign bond issuance
企业所得税|Corporate income tax
债务管理|Debt management
压力测试|Stress testing
国企财政|State-enterprise finance
工资税|Payroll tax
担保资格|Guarantee eligibility
政府担保|Government guarantees
现金与支付|Cash and payments
碳税|Carbon tax
税式支出|Tax expenditures
财政例外|Fiscal exceptions
财政规则|Fiscal rules
财政资产处置|Fiscal asset disposal
资金参与条件|Funding participation terms
部门预算|Department budgets
项目融资结构|Project financing structure
预算层级|Budget tiers
储备互换|Reserve swaps
公开市场操作|Open-market operations
准备金与资本|Reserves and capital
前瞻指引|Forward guidance
外汇干预|FX intervention
官方外汇审批|Official FX approvals
定向再融资|Targeted refinancing
政策利率|Policy rate
政策声明|Policy statements
直接货币融资联合审批|Joint monetary-financing approval
紧急流动性贷款|Emergency liquidity lending
资本流动限制|Capital-flow restrictions
通胀框架|Inflation framework
金融制裁|Financial sanctions
银行处置|Bank resolution
产业国企方案|Industrial SOE proposals
产业支持|Industry support
储备与排放|Reserves and releases
发电建设|Power construction
各行业排放标准|Sector emissions standards
国际研究中心|International research centres
地质勘探|Geological exploration
技术人才需求|Technical talent requests
技术披露|Technology disclosure
技术许可需求与授权|Technology licence requests and grants
技术转移|Technology transfer
本地采购|Local procurement
生产目标|Production targets
电力分配|Power allocation
矿区开发|Mine development
经济特区|Special economic zones
维护与发电优先|Maintenance and generation priorities
联合研发|Joint research and development
自主研发|Domestic research and development
设施升级与退役|Facility upgrades and retirement
设施扩建|Facility expansion
跨部门需求|Cross-office requests
项目技术方案|Project technical plans
一般关税|General tariffs
主权贷款|Sovereign loans
争端和解|Dispute settlements
储备互换谈判|Reserve-swap negotiations
出口现货订单|Spot export orders
出口禁令|Export bans
出口融资担保请求|Export-finance guarantee requests
制裁方案|Sanctions proposals
双边关税|Bilateral tariffs
商品供应合同|Commodity supply contracts
国内技术对外许可|Outward technology licensing
国际招标|International tenders
国际援助|International aid
基础设施融资|Infrastructure financing
外商投资合同|Foreign investment contracts
外资准入规则|Foreign investment access
官方外汇请求|Official FX requests
对外投标|International bids
战略伙伴协议|Strategic partnership agreements
海关规则|Customs rules
购入技术许可|Technology licence acquisition
贸易协定|Trade agreements
贸易数量限制|Trade quantity limits
资本管制协作|Capital-control coordination
资源开发合作|Resource-development partnerships
跨国联合项目|Cross-border joint projects
进口现货订单|Spot import orders
进口禁令|Import bans
临时项目工人|Temporary project workers
住房|Housing
养老金|Pensions
医疗费用支持|Healthcare cost support
医疗项目|Healthcare projects
医疗预算|Healthcare budget
国际人才交流|International talent exchange
失业保险|Unemployment insurance
家庭与医疗支持|Family and healthcare support
就业服务|Employment services
战略教育|Strategic education
技能培训|Skills training
收入支持|Income support
教育席位|Education places
教育设施需求|Education facility requests
教育预算|Education budget
最低工资|Minimum wage
民事应急计划|Civil emergency plans
治安行动|Public-safety operations
照护与留任|Care and retention
生活成本方案|Cost-of-living measures
福利通用参数|General benefit parameters
警务分配|Police allocation
警务培养与设施|Police training and facilities
迁移规则|Migration rules
