政策公告|Policy announcement
危机讲话|Crisis address
战略公告|Strategy announcement
国际声明|International statement
改革说明|Reform statement
表现更新|Performance update
北部产业扩建|Northern industrial expansion
东部新港|New eastern port
国家电网升级|National grid upgrade
技术人才培养|Technical talent training
公共服务扩容|Public-service expansion
审慎|Cautious
坚定|Firm
明确目标|Explicit target
新增到岗人数|New workers in post
财政现金缓冲|Fiscal cash buffer
战略储备数量|Strategic reserve quantity
项目交付日期|Project delivery date
通胀目标|Inflation target
出口导向工业化|Export-led industrialisation
科技领先|Technology leadership
资源强国|Resource development
绿色转型|Green transition
内需驱动经济|Domestic-demand-led economy
金融与服务中心|Financial and services centre
战略自主|Strategic autonomy
社会发展|Social development
基础设施驱动增长|Infrastructure-led growth
经济增长|Economic growth
物价稳定|Price stability
就业|Employment
财政可持续|Fiscal sustainability
外部稳定|External stability
减贫|Poverty reduction
能源安全|Energy security
粮食安全|Food security
生产率|Productivity
金融稳定|Financial stability
国家安全|National security
财政|Finance
贸易|Trade
产业|Industry
社会|Social affairs
环境|Environment
其他|Other
战略|Strategy
高|High
中|Medium
技术人员短缺|Technical labour shortage
资金缺口|Funding gap
能源不足|Energy shortage
物价压力|Price pressure
供应中断|Supply disruption
公共服务缺口|Public-service gap
是|Yes
否|No
设为活动议题|Set as active issue
进入审阅|Send for review
标记解决|Mark resolved
放弃议题|Abandon issue
重新打开|Reopen
恢复NORMAL|Return to NORMAL
降为ELEVATED|Reduce to ELEVATED
外部冲击|External shock
危机应对|Crisis response
目标已实现|Target achieved
情况恶化|Deteriorating conditions
与战略一致|Consistent with strategy
无|None
维持|Maintain
暂缓战略执行|Suspend strategy execution
恢复战略执行|Resume strategy execution
双边|Bilateral
多边|Multilateral
危机会议|Crisis meeting
战略峰会|Strategic summit
岚屿|Lanyu
阿斯特|Aster
索拉|Sola
技术|Technology
投资|Investment
资源|Resources
危机|Crisis
人才|Talent
战略条约|Strategic treaty
贸易合作包|Trade cooperation package
资源协议|Resource agreement
投资协议|Investment agreement
技术合作|Technology cooperation
联合项目|Joint project
储备合作|Reserve cooperation
符合国家战略|Aligned with national strategy
必要条件已满足|Required conditions met
接受已披露取舍|Disclosed trade-offs accepted
成本过高|Cost too high
战略不匹配|Strategy mismatch
风险过大|Excessive risk
资源不足|Insufficient resources
时机不对|Inappropriate timing
降低成本|Reduce cost
修改参数|Revise parameters
补齐审批|Complete approvals
推迟实施|Defer implementation
资金结构|Funding structure
技术方案|Technical plan
劳动力安排|Labour arrangements
交付责任|Delivery responsibility
风险条件|Risk conditions
常规|Routine
优先|Priority
按现行规则|Under current rules
申请适用加速路径|Request eligible expedited processing
原油|Crude oil
天然气|Natural gas
铀|Uranium
粮食|Grain
铁矿石|Iron ore
铜|Copper
锂|Lithium
钢材|Steel
成品燃料|Refined fuel
机械|Machinery
半导体|Semiconductors
电池|Batteries
基本生活服务|Basic living services
国库券|Treasury bill
短期票据|Short-term note
中期政府债券|Medium-term government bond
长期政府债券|Long-term government bond
通胀挂钩债券|Inflation-linked bond
外币主权债券|Foreign-currency sovereign bond
绿色或项目债券|Green or project bond
应急债券|Emergency bond
到期一次偿还|Bullet repayment
等本金分期|Equal-principal instalments
等额本息|Level-payment amortisation
国内|Domestic
国外|Foreign
商业银行|Commercial banks
居民|Households
非金融企业|Non-financial firms
机构投资者|Institutional investors
外国投资者|Foreign investors
一般预算|General budget
特定项目|Specific project
绿色投资|Green investment
偿债再融资|Debt refinancing
竞争性拍卖|Competitive auction
承销发行|Underwritten issuance
不启用|Disabled
允许|Allowed
国库券第140日到期|Treasury bill due on day 140
中期债券第218日到期|Medium-term bond due on day 218
东部港口项目公司|Eastern Port Project Company
北部钢铁公司|Northern Steel Company
出口企业|Exporters
全国商业银行部门|Domestic commercial banking sector
阿斯特融资机构|Aster financing institution
索拉融资机构|Sola financing institution
保留本金追索|Retain principal recourse
本金及费用追索|Principal and fee recourse
按抵押物优先追索|Collateral-first recourse
政府证券|Government securities
项目资产|Project assets
设备|Equipment
法定到期|Statutory due date
关键公共服务|Essential public services
已承诺项目|Committed projects
可选支出|Discretionary spending
国库自由现金|Unrestricted treasury cash
应急储备|Emergency reserve
偿债储备|Debt-service reserve
战略共同出资|Strategic co-funding
投资抵免|Investment credit
研发抵免|R&D credit
新增就业|New employment
青年就业|Youth employment
低收入就业|Low-income employment
高技能招聘|High-skill recruitment
战略产业|Strategic industries
出口相关|Export-related
赤字上限|Deficit ceiling
债务占GDP上限|Debt-to-GDP ceiling
最低现金缓冲|Minimum cash buffer
短债比例|Short-term debt share
外币债务比例|Foreign-currency debt share
担保暴露|Guarantee exposure
国企暴露|SOE exposure
资本支出目标|Capital expenditure target
初级余额目标|Primary balance target
紧急公共服务|Emergency public services
重大外部冲击|Major external shock
到期再融资|Refinancing at maturity
战略项目|Strategic projects
非战略企业股权|Non-strategic equity stakes
政府可租土地|Government land available for lease
基础设施特许权|Infrastructure concessions
政府金融资产|Government financial assets
国库券发行|Treasury bill issuance
中期政府债券发行|Medium-term government bond issuance
项目债券发行|Project bond issuance
国家电网公司|National Grid Company
拒绝本版本|Reject this version
退回融资结构调整|Return for financing revisions
外汇资产|FX assets
买入政府证券|Buy government securities
卖出政府证券|Sell government securities
30日国库券|30-day treasury bill
90日政府票据|90-day government note
360日政府债券|360-day government bond
不提供指引|No guidance
数据依赖|Data-dependent
通胀依赖|Inflation-dependent
增长依赖|Growth-dependent
预计进一步收紧|Further tightening expected
预计维持|Unchanged policy expected
满足条件后宽松|Ease when conditions are met
临时紧急措施|Temporary emergency measure
卖出GCU买入LNY|Sell GCU; buy LNY
买入GCU卖出LNY|Buy GCU; sell LNY
不冲销|Unsterilised
同时冲销|Sterilised
减少金额|Reduce amount
修改支付日期|Revise payment date
修改结算币种|Revise settlement currency
调整合同|Revise contract
补充替代融资|Add alternative financing
农业与食品|Agriculture and food
采矿与资源|Mining and resources
能源与公用事业|Energy and utilities
制造业|Manufacturing
科技与半导体|Technology and semiconductors
建设与基建|Construction and infrastructure
贸易与物流|Trade and logistics
服务与中小企业|Services and SMEs
国企|State-owned enterprise
启用|Enabled
合格企业贷款|Eligible corporate loans
混合|Mixed
开放工具|Open facility
暂停新增提款|Suspend new drawings
关闭工具|Close facility
公开市场交易|Open-market transaction
通胀目标框架|Inflation-targeting framework
通胀风险|Inflation risk
增长风险|Growth risk
风险平衡|Balanced risks
金融稳定风险|Financial-stability risk
外汇风险|FX risk
宽松|Easing
平衡|Balanced
紧缩|Tightening
高于目标|Above target
接近目标|Near target
低于目标|Below target
高于潜在|Above potential
接近潜在|Near potential
低于潜在|Below potential
稳定|Stable
流动性压力|Liquidity stress
资本压力|Capital stress
系统性压力|Systemic stress
优质贷款|High-quality loans
居民汇款|Household remittances
证券交易|Securities transactions
企业货款|Corporate trade payments
投资收益|Investment income
达到门槛审批|Approval above threshold
逐笔审批|Approval for each transaction
结构变化|Structural change
危机适应|Crisis adaptation
框架改革|Framework reform
临时容忍带|Temporary tolerance band
政府存款|Government deposits
国企金融资产|SOE financial assets
合同指定资产|Contract-specified assets
银行转账|Bank transfer
官方结算|Official settlement
证券结算|Securities settlement
跨境证券|Cross-border securities
官方互换|Official swap
注资|Capital injection
合格债权人减记|Eligible creditor haircut
资产转移|Asset transfer
临时公共所有|Temporary public ownership
有序退出|Orderly exit
组合处置|Combined resolution
设备改造|Equipment retrofit
产业转型|Industrial transition
维持生产|Maintain production
扩产|Expand capacity
先进光伏|Advanced photovoltaics
电网级储能|Grid-scale storage
先进核能|Advanced nuclear power
智能电网|Smart grid
绿色氢能|Green hydrogen
工业自动化|Industrial automation
先进机器人|Advanced robotics
精密制造|Precision manufacturing
智能制造|Smart manufacturing
基础半导体|Basic semiconductors
先进晶圆制造|Advanced wafer fabrication
先进封装|Advanced packaging
高性能芯片|High-performance chips
先进勘探|Advanced exploration
先进采矿|Advanced mining
高效精炼|Efficient refining
电池化学|Battery chemistry
先进材料|Advanced materials
数字工业网络|Digital industrial networks
自动物流|Automated logistics
智慧港口|Smart ports
先进电网管理|Advanced grid management
钢铁|Steel
建筑与基建|Construction and infrastructure
公共服务|Public services
油田开发|Oilfield development
天然气田|Gas field
气田开发|Gas-field development
铀矿|Uranium mine
铁矿|Iron mine
铜矿|Copper mine
锂矿|Lithium mine
燃气电厂|Gas-fired power plant
化石燃料电厂|Fossil-fuel power plant
核电站|Nuclear power station
光伏电站|Solar power plant
太阳能设施|Solar facility
风电场|Wind farm
电网升级|Grid upgrade
储能设施|Energy storage facility
钢厂|Steelworks
炼油厂|Refinery
机械厂|Machinery plant
半导体厂|Semiconductor plant
电池工厂|Battery factory
工业园|Industrial park
深水港|Deep-water port
货运铁路|Freight railway
国家电网|National grid
数字骨干网|Digital backbone
物流中心|Logistics centre
战略储备设施|Strategic storage facility
国家研究中心|National research centre
半导体研究设施|Semiconductor research facility
能源研究中心|Energy research centre
材料研究中心|Materials research centre
产出补贴|Output subsidy
投资补助|Investment grant
电费补贴|Electricity subsidy
研发支持|R&D support
设备支持|Equipment support
燃气|Natural gas
化石燃料|Fossil fuel
核能|Nuclear
光伏|Solar PV
风能|Wind
北部工业区|Northern industrial district
岚城|Lan City
西岸|West coast
东部港口|Eastern port
材料|Materials
工业技术|Industrial technology
北部矿区|Northern mining area
东部矿区|Eastern mining area
南部矿区|Southern mining area
西部矿区|Western mining area
研究员|Researcher
工程师|Engineer
技术员|Technician
公开|Public
仅合作方|Partners only
限制披露|Restricted disclosure
机密|Confidential
独占|Exclusive
非独占|Non-exclusive
限制|Restricted
禁止|Prohibited
包含|Included
不包含|Excluded
停止使用|Cease use
保留既有设施使用权|Retain existing facility rights
续约后使用|Use after renewal
技术文件|Technical documentation
培训|Training
生产工艺|Production process
本地化|Localisation
掌握|Full absorption
有限掌握|Limited absorption
继续许可|Continue licensing
仅合作方可见|Visible to partners only
保密|Confidentiality
北部钢厂|Northern Steelworks
通用机械厂|General Machinery Plant
能源设施|Energy facility
维护|Maintenance
电力|Electricity
投入品|Inputs
共同持有|Joint ownership
按贡献份额|Contribution-based shares
牵头方持有并授予许可|Lead-party ownership with licensing
固定|Fixed
浮动|Floating
等本金|Equal principal
本次延迟罚息|Current late-payment interest
本次短缺赔偿|Current shortfall compensation
本次质量索赔|Current quality claim
不允许|Not allowed
买方运输|Buyer-arranged transport
卖方运输|Seller-arranged transport
全部|All
商品进口禁令|Commodity import ban
商品出口禁令|Commodity export ban
技术许可禁令|Technology licensing ban
技术出口控制|Technology export controls
新增FDI禁令|Ban on new FDI
股权收购禁令|Equity acquisition ban
主权贷款禁令|Sovereign lending ban
金融支付限制|Financial payment restrictions
资产冻结|Asset freeze
政府合同禁令|Government contract ban
战略商品禁运|Strategic commodity embargo
关键人道物资|Essential humanitarian goods
指定既有合同|Specified existing contracts
指定日期|Specified date
无固定到期|No fixed expiry
协商|Negotiation
反制|Countermeasure
临时|Temporary
固定价格|Fixed price
基准挂钩|Benchmark-linked
价格带|Price band
发运|Dispatch
到货|Arrival
定期结算|Periodic settlement
买方|Buyer
卖方|Seller
共同承担|Shared responsibility
向财政申请|Request from Finance
定期|Periodic
冲击触发|Shock-triggered
销售额|Sales revenue
单位产量|Output per unit
固定周期费用|Fixed periodic fee
商品采购|Commodity procurement
技术许可|Technology licence
项目融资|Project financing
外商投资|Foreign investment
基建承包|Infrastructure contracting
贷款|Loan
股权|Equity
特许经营|Concession
按持股比例|Proportional to equity
共同管理|Joint management
保留事项需一致同意|Unanimity for reserved matters
出售|Sale
回购|Buyback
到期退出|Exit at expiry
保留|Retain
不保留|Do not retain
开放|Open
要求审批|Approval required
关键进口|Essential imports
紧急情况|Emergency
主权义务|Sovereign obligations
金融|Finance
风险抽检|Risk-based sampling
全面查验|Full inspection
已批准互认|Approved mutual recognition
进口|Import
出口|Export
原产地证明|Certificate of origin
货物清单|Cargo manifest
许可证|Licence
付款凭证|Payment proof
文件|Documents
查验结果|Inspection result
原产地|Origin
海关合作|Customs cooperation
行业市场准入|Sector market access
多边经济协定|Multilateral economic agreement
居民出流|Household outflows
证券投资出流|Portfolio outflows
企业外付|Corporate external payments
FDI汇回|FDI profit repatriation
跨境铁路|Cross-border railway
管道|Pipeline
互联电网|Interconnected grid
港口网络|Port network
联合研究中心|Joint research centre
工业走廊|Industrial corridor
低技能|Low skill
中技能|Medium skill
高技能|High skill
低收入家庭|Low-income households
受灾家庭|Disaster-affected households
公共服务人员|Public-service workers
医生|Doctors
护士|Nurses
医技|Medical technicians
公共卫生人员|Public-health workers
基本药物|Essential medicines
急救药物|Emergency medicines
防护用品|Protective equipment
诊断设备|Diagnostic equipment
急救设备|Emergency equipment
病房设备|Ward equipment
医护|Healthcare workers
教师|Teachers
派出方|Sending party
接收方|Receiving party
接收机构|Receiving institution
参与者|Participants
禁止工作|Employment prohibited
限指定项目|Specified project only
限定行业|Specified sector only
按许可普遍工作|General work under permit
失业求职者|Unemployed jobseekers
长期失业|Long-term unemployed
新进入劳动力|New labour-force entrants
低收入学生|Low-income students
重点专业学生|Priority-subject students
成人学习者|Adult learners
基础|Basic
职业|Vocational
高等|Higher
基础教育|Basic education
职业教育|Vocational education
高等教育|Higher education
洪水|Flood
能源中断|Energy disruption
公共卫生|Public health
大规模人员流入|Large population inflow
常规警务|Routine policing
建立现场协商渠道|Establish on-site dialogue
部门协调|Interdepartmental coordination
社会服务转介|Social-service referral
东部洪水|Eastern floods
北部供能中断|Northern energy disruption
公共秩序事件|Public-order incident
跨地区协调|Cross-region coordination
应急资源调拨|Emergency resource allocation
工程技术|Engineering
社区服务|Community services
案件调查|Case investigation
公共秩序|Public order
民事应急|Civil emergency
社区警务站|Community police station
案件处理中心|Case-handling centre
培训设施|Training facility
临时居留|Temporary residence
不含永久定居|Permanent settlement excluded
满足条件可申请定居|Settlement application if conditions are met
要求|Required
不要求|Not required
